Site,Residue,Conservation,Entropy,Omega,Selection_type,Episodic_Selection,Repeat_site,wcn_sc,msf
25,D,-1.536,0.8966784672820265,0.25538159709346736,Purifiyng,Not_significant,N-terminus,0.6764737973431448,0.022924354408606334
26,E,-0.610,2.08949249844298,0.20680134772118583,Purifiyng,Not_significant,N-terminus,0.774605182527605,0.012313643029127751
27,P,-1.018,0.5142149716228006,0.18426545485372128,Purifiyng,Not_significant,N-terminus,0.8068236750007813,0.02034878062524191
28,P,-1.487,0.6218585970509473,0.08758802241070676,Purifiyng,Not_significant,N-terminus,0.5503717283407394,0.0298181456944846
29,Q,-1.276,1.4193654544856245,0.09669972121398933,Purifiyng,Not_significant,N-terminus,0.6225014091764541,0.024237903685750753
30,S,-0.906,1.6291323784290583,0.5027107555356062,Purifiyng,Diversifiyng,N-terminus,0.7970804691431557,0.020365957727930498
31,P,-0.261,2.39343759819891,0.4120422125132939,Purifiyng,Diversifiyng,N-terminus,0.8644415620815635,0.024870337180562113
32,W,0.027,1.945294495212259,0.3825685124986732,Purifiyng,Not_significant,N-terminus,0.8787318484740712,0.01914334440557604
33,D,-0.648,1.8871149300825785,0.26109793650149565,Purifiyng,Not_significant,N-terminus,0.9599700368699338,0.018452993320312392
34,R,-0.491,2.079334343795924,0.4095260558566311,Purifiyng,Diversifiyng,N-terminus,0.912333894822873,0.016290908564176556
35,V,0.241,2.392322995841466,0.5161781180188137,Purifiyng,Diversifiyng,N-terminus,1.0023240291073803,0.010605545944542884
36,K,-0.848,1.5477714173622925,0.1700251566480675,Purifiyng,Not_significant,N-terminus,1.011583939087461,0.008898044986026851
37,D,-0.706,2.0374340906241533,0.419847346555863,Purifiyng,Not_significant,N-terminus,1.0878823815538228,0.00765742272403392
38,L,0.038,2.7928616817667944,0.3963657549049115,Purifiyng,Not_significant,N-terminus,1.0147081181285347,0.008071126313934198
39,A,0.755,2.3668486635066275,0.4528967641022741,Purifiyng,Not_significant,N-terminus,1.1187731125175246,0.005973188143346413
40,T,0.652,3.1000037673048717,0.5229238011746054,Purifiyng,Not_significant,N-terminus,1.1962380826220496,0.005230424104073643
41,V,-0.461,1.9758234973478646,0.5982448722365192,Purifiyng,Diversifiyng,N-terminus,1.1097189154599094,0.00519505853242184
42,Y,-1.837,0.30734507566082325,0.02662574604738604,Purifiyng,Not_significant,N-terminus,1.0600133910321345,0.004174040775613274
43,V,-0.484,1.8509831326593351,0.5561247825154776,Purifiyng,Not_significant,N-terminus,1.1564490674439418,0.004575239627757713
44,D,0.214,2.5535220931347102,0.368199338610043,Purifiyng,Not_significant,N-terminus,1.1551953979372453,0.003966129111139857
45,V,-0.657,2.543972799701262,0.2724785948713175,Purifiyng,Not_significant,N-terminus,1.1080256243151558,0.003506663020154786
46,L,0.295,1.9850583143085483,0.7172078216441077,Neutral,Not_significant,N-terminus,1.089612382605884,0.00339886668003573
47,K,-1.088,0.9753047990992328,0.2346814133633013,Purifiyng,Not_significant,N-terminus,1.1393907987549432,0.004077307560962126
48,D,0.368,2.302783264663493,0.2559812000661429,Purifiyng,Not_significant,N-terminus,1.1340303418788407,0.004590737273962375
49,S,0.118,2.479257768646891,0.32501801576254713,Purifiyng,Not_significant,N-terminus,1.1124680726382636,0.007952558688477164
50,G,-0.741,1.9310495613797143,0.5764994305739232,Purifiyng,Not_significant,N-terminus,1.0867224348538858,0.006508790980086571
51,R,0.228,2.6660352183859644,0.9946375813488095,Neutral,Diversifiyng,N-terminus,1.056952202875124,0.006774251931985821
52,D,0.421,2.5208455992809937,0.6831156385716805,Neutral,Not_significant,N-terminus,1.048840414762283,0.00830529756625907
53,Y,-0.785,2.140082335631826,0.3619442461748059,Purifiyng,Not_significant,N-terminus,0.9366265560561452,0.011514376052715327
54,V,-0.681,1.8532656599332984,0.38156042167872156,Purifiyng,Not_significant,N-terminus,0.9906503200281338,0.013399231989904349
55,S,0.755,2.7338625522299296,1.0935818900348617,Neutral,Not_significant,N-terminus,0.9435727335581945,0.014092851113971341
56,Q,-0.631,1.9075247390869772,0.23201208250064986,Purifiyng,Not_significant,N-terminus,0.9369213067196777,0.018507398723743063
57,F,-0.617,1.3883903228686312,0.18999870612709108,Purifiyng,Not_significant,N-terminus,0.8758478240595132,0.018980672633145075
58,E,-1.382,1.3141823860638773,0.2577925571373616,Purifiyng,Diversifiyng,N-terminus,0.8012832241411302,0.01797205306953361
59,G,0.139,2.710423721400648,1.0243763459692272,Neutral,Diversifiyng,N-terminus,0.7929058456726927,0.02282209364325389
60,S,-1.486,1.5063953408655721,0.19845212378035426,Purifiyng,Not_significant,N-terminus,0.7633106367200614,0.02671216766078232
61,A,-0.091,2.4695551005904575,0.40919604701439055,Purifiyng,Not_significant,N-terminus,0.8509217975464769,0.023349186997055772
62,L,-0.095,2.3101873698216235,0.5699170157610447,Neutral,Not_significant,N-terminus,0.5958871300568196,0.04109549657315623
63,G,-1.138,1.3815790889782071,0.2196334862489511,Purifiyng,Not_significant,N-terminus,0.7840135655497051,0.03749428272497039
64,K,-0.712,1.666164870926183,0.36149054508074857,Purifiyng,Not_significant,N-terminus,0.9767478510292603,0.02531067215306762
65,Q,-0.531,2.111748581581519,0.15758705597701972,Purifiyng,Not_significant,N-terminus,0.7579201386588844,0.030730768198824025
66,L,-0.874,1.504949932075366,0.20488358214263536,Purifiyng,Not_significant,N-terminus,0.6182983964166556,0.0403142615815824
67,N,-1.429,1.9931173071049628,0.10292944835273242,Purifiyng,Not_significant,N-terminus,0.74167961756355,0.03114642180093888
68,L,0.148,2.0601407954498567,0.9919076966282679,Neutral,Diversifiyng,1,0.9432113096069613,0.018325241101935848
69,K,0.373,2.4988024395436925,0.3004070830856328,Purifiyng,Not_significant,2,0.6361387569998408,0.026915702896633642
70,L,-0.305,1.2550751034841217,0.48287211282704967,Purifiyng,Not_significant,3,0.5854525996669588,0.03131093102238537
71,L,0.350,2.5909640702340293,1.0101658222932672,Neutral,Diversifiyng,4,0.7735137692846382,0.029618705757422818
72,D,0.031,2.2584479407547757,0.3994454387988575,Purifiyng,Not_significant,5,0.5443360156381363,0.05047221181625647
73,N,-0.945,2.4214816579282132,0.3189650207040568,Purifiyng,Not_significant,6,0.5616503507900961,0.04469773353890686
74,W,-0.117,1.8495885902727554,0.2615095457181634,Purifiyng,Not_significant,7,0.8898761848711297,0.03291714689405916
75,D,-0.949,1.441854670779765,0.28245537298276513,Purifiyng,Not_significant,8,0.6723390570121114,0.018135503551867646
76,S,0.394,2.829527052039623,0.5317327227547721,Purifiyng,Not_significant,9,0.9613026506281636,0.011830872194691412
77,V,0.289,1.5312942948191623,0.3605206279138859,Purifiyng,Not_significant,10,0.9328877085886653,0.010028092228390921
78,T,0.331,2.962559381076254,0.32318318452036127,Purifiyng,Not_significant,11,0.7300694294486362,0.025654994062950603
79,S,0.964,2.970620298133779,0.8086334252284977,Neutral,Diversifiyng,12,0.7751559839364685,0.017537481102196623
80,T,-0.167,3.0458178539651164,0.2802082068233371,Purifiyng,Not_significant,13,1.0623653077828525,0.007760944252275182
81,F,1.169,2.5384948659905167,0.4786848296592497,Purifiyng,Not_significant,14,0.9865386490022525,0.016549764579825356
82,S,0.921,3.2957782584658006,0.8333176187004961,Neutral,Diversifiyng,15,0.7623531426848991,0.017083982216511688
83,K,0.559,2.8848222329029185,0.47945321995779183,Purifiyng,Diversifiyng,16,0.8998855745619116,0.010685909539129387
84,L,-0.001,2.064092048549669,0.40181004770565304,Purifiyng,Not_significant,17,0.954155355546486,0.0106205727327806
85,R,-0.362,2.597905400328258,0.19680909495281412,Purifiyng,Not_significant,18,0.6509132257622049,0.018376545720139026
86,E,0.108,2.300841032509134,0.43237194716188265,Purifiyng,Diversifiyng,19,0.7275802219326716,0.01742765216932472
87,Q,0.165,2.649800222172405,0.35295595881504077,Purifiyng,Diversifiyng,20,0.99661613234765,0.013505171278686869
88,L,-0.212,1.809348670409718,0.2471609421299621,Purifiyng,Not_significant,21,0.8054597318808341,0.019224447556725362
89,G,-0.043,2.455279018303383,0.6090462533317363,Purifiyng,Diversifiyng,22,0.6863008798425033,0.027649393674857636
90,P,-1.452,0.5315651919295998,0.07979443853639018,Purifiyng,Not_significant,1,0.6042419988203577,0.02702638501136153
91,V,0.508,2.5258138620936816,0.4486381752489968,Purifiyng,Diversifiyng,2,0.645732708948572,0.025924067135554327
92,T,-0.657,2.4615120194125346,0.5338121665155305,Purifiyng,Diversifiyng,3,0.7221544046352906,0.026301765550454718
93,Q,-0.585,2.4390955809677144,0.2876455211430083,Purifiyng,Not_significant,4,0.496656370742532,0.02869485625943783
94,E,0.077,2.666336820738736,0.3101088130378413,Purifiyng,Not_significant,5,0.6552192123914848,0.029237216099360464
95,F,0.572,2.1860475604802883,0.2946790145591116,Purifiyng,Not_significant,6,0.889490838595654,0.023717712866626047
96,W,-0.048,2.798834095786258,0.20547254590160055,Purifiyng,Not_significant,7,0.6444242017523418,0.028209907160935403
97,D,1.358,2.9121905224872786,0.6510401111811784,Neutral,Not_significant,8,0.6261960245822301,0.031216005373800728
98,N,0.040,3.005244961934211,0.6198789696030416,Neutral,Not_significant,9,0.8299426613928905,0.026522270677632912
99,L,-0.382,1.8206666473495399,0.24524260957632146,Purifiyng,Not_significant,10,0.656834930905788,0.028165069148105442
100,E,1.234,3.0331524221706427,0.581506137029,Purifiyng,Not_significant,11,0.48208480357152034,0.034150762334610604
101,K,-0.093,2.0709877401607835,0.2299743191722021,Purifiyng,Not_significant,12,0.6490756467345149,0.02866851241438915
102,E,0.212,2.8379683177570945,1.1393583150953825,Neutral,Diversifiyng,13,0.6565059312977929,0.027863119702061834
103,T,-1.265,1.3930302118649196,0.1488101734731914,Purifiyng,Not_significant,14,0.5031622701919606,0.035654946948124946
104,E,0.671,2.9285797146816765,0.6301930023796549,Neutral,Diversifiyng,15,0.4300907664343929,0.03768039482284022
105,G,2.653,3.5366558413248876,0.6044565843605029,Purifiyng,Diversifiyng,16,0.5469921975189567,0.030411902775124518
106,L,-0.015,1.561679182763548,0.7520597335965697,Neutral,Not_significant,17,0.5875672467878297,0.02673834761346835
107,R,-1.079,1.262239890760528,0.15684490950528152,Purifiyng,Not_significant,18,0.7027555100354496,0.021083466100377136
108,Q,0.955,2.6136886910213653,0.48660923420566843,Purifiyng,Not_significant,19,0.5867317969421374,0.021602039678185282
109,E,0.001,2.3481320327472095,0.40404471135454206,Purifiyng,Diversifiyng,20,0.6640667669623709,0.019790972688915547
110,M,-0.063,1.9908264824435442,0.2403315332494917,Purifiyng,Not_significant,21,0.9002953638935519,0.014743040215210461
111,S,0.534,3.0682336685992224,0.5480048248867617,Purifiyng,Diversifiyng,22,0.8620842543384215,0.013455317880462758
112,K,0.658,1.9870318336009327,0.4759851124171602,Purifiyng,Not_significant,12,0.6983715532703366,0.013435859123100415
113,D,-1.403,0.8058660575471812,0.05179615987873756,Purifiyng,Not_significant,13,0.8900227682207613,0.014269856965988884
114,L,-0.575,1.6187053406479055,0.29214929314722354,Purifiyng,Not_significant,14,1.0504841879704307,0.00894560578541453
115,E,-0.359,1.5486282958000324,0.19196664436963698,Purifiyng,Not_significant,15,0.9174860504177612,0.011238094817808124
116,E,1.479,2.45685842528272,0.47951421515895915,Purifiyng,Not_significant,16,0.9161933454588203,0.011994567329278123
117,V,-0.591,1.6077598957129577,0.5430437934868183,Purifiyng,Not_significant,17,1.0426949625605026,0.009209564253269338
118,K,-0.706,1.5748004697826974,0.23679710333078857,Purifiyng,Not_significant,18,1.0491174092856967,0.008019370552605062
119,A,1.973,3.060627313679548,0.6006691959488567,Purifiyng,Diversifiyng,19,1.0080291064543891,0.011200380792573537
120,K,-0.550,1.9583263656148104,0.10591793531605526,Purifiyng,Not_significant,20,0.879261892267837,0.009608455021640035
121,V,-0.722,2.020189463304216,0.5418239767559684,Purifiyng,Not_significant,21,1.0466412191833394,0.0066760427710351004
122,Q,-0.492,2.095243860034578,0.35207780477021017,Purifiyng,Not_significant,22,1.0577495085125943,0.00721334184734001
123,P,-1.634,0.4065964556387587,0.13826101904491206,Purifiyng,Not_significant,1,0.9163834697828265,0.008585851718720191
124,Y,0.803,2.535840946951379,0.2792494106717245,Purifiyng,Not_significant,2,0.8026972254873882,0.006956642961031839
125,L,-0.792,1.8001402685835872,0.4528844134613762,Purifiyng,Diversifiyng,3,1.0795586782201974,0.005844167037558205
126,D,0.244,2.2868850428149794,0.1921254328035642,Purifiyng,Not_significant,4,0.8709776602047666,0.007431224220595433
127,D,1.255,2.668852937490039,0.43209513215382317,Purifiyng,Not_significant,5,0.7082407254316432,0.008201672234674284
128,F,-1.111,1.3301530152823884,0.22442731285509893,Purifiyng,Not_significant,6,1.0101321635505236,0.007363094543948499
129,Q,-0.322,2.4175813363613585,0.13352310918767923,Purifiyng,Not_significant,7,0.9324814366610233,0.007483514617464779
130,K,0.583,2.4882723421657307,0.46692459072734543,Purifiyng,Diversifiyng,8,0.6340168858054799,0.01335267888305629
131,K,-1.136,1.9615659797693448,0.14540157943793075,Purifiyng,Not_significant,9,0.712773723459625,0.010683533674869336
132,W,0.061,1.901742194792579,0.15735510042976655,Purifiyng,Not_significant,10,1.026707848996885,0.010700610730518324
133,Q,0.599,2.671892720704116,0.8250729750440543,Neutral,Not_significant,11,0.7844131673879768,0.018919829370104856
134,E,-0.182,2.365519195641708,0.244271794952137,Purifiyng,Not_significant,12,0.6633663277765816,0.018430221860519524
135,E,-1.083,1.972334438030756,0.1557995565828306,Purifiyng,Not_significant,13,0.8622708984387463,0.0165340241671723
136,M,1.175,2.4129457691817864,0.7542052710894995,Neutral,Not_significant,14,0.9291203163826534,0.016667141263926787
137,E,0.686,2.1494420461598978,0.1889376487812224,Purifiyng,Not_significant,15,0.6699839743118039,0.02245020570421812
138,L,1.350,3.1824955416989957,0.7013688010931713,Neutral,Diversifiyng,16,0.6461450031621123,0.024750398314828437
139,Y,-1.219,0.6947359529406737,0.2228965999365314,Purifiyng,Not_significant,17,0.8805225219512126,0.020437650910497512
140,R,-1.075,1.3385428201035816,0.15746725777028284,Purifiyng,Not_significant,18,0.7000821666855968,0.024739251875411383
141,Q,0.443,2.645827796811702,0.6926339198462441,Neutral,Diversifiyng,19,0.7683004011220225,0.024307899495043618
142,K,-0.284,2.009250683103557,0.13038251329112507,Purifiyng,Diversifiyng,20,0.9273188988734842,0.017183852449372483
143,V,-0.958,1.616185002343155,0.39443564715615576,Purifiyng,Not_significant,21,0.8075747473495481,0.021787193959338636
144,E,1.232,2.586764843829191,0.4971185544246699,Purifiyng,Not_significant,22,0.6873445737345405,0.05311559807535654
145,P,-1.654,0.4975060198657263,0.07788916483942866,Purifiyng,Not_significant,1,0.5577287862854736,0.09597036992265023
146,L,-0.525,1.7898459742929542,0.7252968239165605,Neutral,Diversifiyng,2,0.3803059963877781,0.1530547114710868
147,R,2.015,3.1383486535045297,0.912623857868451,Neutral,Not_significant,3,0.6076538482293443,0.14434356407832302
148,A,1.972,3.2459060835277205,0.6598008255976908,Neutral,Not_significant,4,0.40481228653224643,0.17777058785275562
149,E,-0.593,1.2109058282742011,0.2537445109077092,Purifiyng,Not_significant,5,0.308587246094996,0.1745486765649289
150,L,-0.389,1.9781285543139313,0.2503662610582697,Purifiyng,Diversifiyng,6,0.4878388156428849,0.17638723491759686
151,Q,1.113,3.182697370178087,0.3214107613605268,Purifiyng,Diversifiyng,7,0.3750968048912084,0.139985670924872
152,E,0.673,2.3509857034368897,0.28238352361460567,Purifiyng,Not_significant,8,0.6201720729329924,0.09594274783590202
153,G,0.793,3.042074914834043,0.4728300263709162,Purifiyng,Not_significant,9,0.5006124568414211,0.14141848444194371
154,A,-0.723,2.5967049924615395,0.5760541196412133,Neutral,Not_significant,10,0.49740572121662646,0.07199463560680125
155,R,0.435,2.548727366757018,0.2950094907190774,Purifiyng,Not_significant,11,0.6642240839231689,0.041116130247175
156,Q,0.039,2.263641160342986,0.36015278075910373,Purifiyng,Not_significant,12,0.623728078101408,0.034591855670819745
157,K,-0.475,2.429981557574592,0.2785978429144049,Purifiyng,Not_significant,13,0.7982961575545923,0.021959985380873463
158,L,-0.337,2.217687299827182,0.5352262819951252,Neutral,Diversifiyng,14,0.8153178394343341,0.02187665752348561
159,H,0.050,2.3639988011748034,0.3755096399660334,Purifiyng,Diversifiyng,15,0.546841546410391,0.0259454561605343
160,E,0.211,2.7034092144336372,0.48741029987517664,Purifiyng,Not_significant,16,0.5592192611132302,0.02754483774068188
161,L,-0.079,1.4998234201964669,0.6371918994051343,Neutral,Not_significant,17,0.5434838045519171,0.03018622654791487
162,Q,0.017,2.0728344163396413,0.16776365593029371,Purifiyng,Not_significant,18,0.735878288212633,0.026935617621788553
163,E,1.429,2.7957154725047424,1.3016144319378617,Neutral,Diversifiyng,19,0.6975204061527247,0.023490796407473206
164,K,-0.937,1.016763855863616,0.21002471301818612,Purifiyng,Diversifiyng,20,0.6869864800109458,0.02006383432517163
165,L,-0.141,1.4605034362517606,0.607258929280256,Neutral,Not_significant,21,0.6706999463098575,0.02813188862619985
166,S,1.412,2.9918322319972677,0.6536218086333829,Neutral,Not_significant,22,0.740344559621315,0.036629065191805775
167,P,-1.536,0.6589333109765751,0.08190188605062368,Purifiyng,Diversifiyng,1,0.5719729605950862,0.047397654495293665
168,L,0.336,1.9582618194867658,0.610749791147831,Purifiyng,Not_significant,2,0.4832848266635337,0.07724814727086882
169,G,-0.020,2.5377242741748187,0.4890656545831666,Purifiyng,Not_significant,3,0.502141279444506,0.08444898710020624
170,E,-0.148,1.9147568004109814,0.21769578292930475,Purifiyng,Not_significant,4,0.3603895644780758,0.09934557541891713
171,E,0.449,1.9120031584366473,0.2054410345586647,Purifiyng,Not_significant,5,0.33348186589994716,0.10677853617244724
172,M,0.705,2.1643593872999247,0.39613920371921935,Purifiyng,Not_significant,6,0.33065573635988293,0.10215378346766857
173,R,-1.316,0.8298497816610979,0.0943287693162428,Purifiyng,Not_significant,7,0.29575776246926544,0.10117298471854458
174,D,-0.372,2.1998155171235023,0.26130702193430805,Purifiyng,Diversifiyng,8,0.40772761122386897,0.09228498650384365
175,R,-0.439,2.0339231542933707,0.14621604327598,Purifiyng,Diversifiyng,9,0.459210771832028,0.08450839555102899
176,A,0.361,2.6003937913316544,0.655128102609134,Neutral,Diversifiyng,10,0.4532863047848629,0.08031468916474055
177,R,-0.633,2.166662594746047,0.37289367064293416,Purifiyng,Diversifiyng,11,0.4551927169561868,0.07719179401124616
178,A,2.120,2.939564231014908,1.4463728252212624,Neutral,Diversifiyng,12,0.5553213770695462,0.06812655962243656
179,H,-1.371,1.8206964194182493,0.06303400655025959,Purifiyng,Not_significant,13,0.6193510716845461,0.05735876620217369
180,V,-0.840,1.599447130921741,0.3239038153306163,Purifiyng,Not_significant,14,0.5671686178724136,0.05169663679303911
181,D,-0.726,1.4946149898184389,0.06731128292286954,Purifiyng,Not_significant,15,0.5509102838143869,0.05064070664624656
182,A,0.315,2.439544947954119,0.34954378279091547,Purifiyng,Not_significant,16,0.6953349800158566,0.038644755073227774
183,L,-1.577,1.7216583013703022,0.23583518514435073,Purifiyng,Not_significant,17,0.6675921861805618,0.03335919380592472
184,R,-1.689,1.2466300662784682,0.07844667438461748,Purifiyng,Not_significant,18,0.4989837347651052,0.033378037497819514
185,T,0.952,3.0547504516610964,0.8575247363540524,Neutral,Diversifiyng,19,0.6270137904193198,0.028164350676831724
186,H,0.119,3.0178077715238922,0.5288263974424553,Neutral,Diversifiyng,20,0.8284047737197971,0.022116947453229317
187,L,-0.886,1.040475216386409,0.24633062875906916,Purifiyng,Not_significant,21,0.7088200969704942,0.020292135909379908
188,A,0.522,2.817625474062831,0.32896437888960006,Purifiyng,Not_significant,22,0.6683504809930306,0.017806739125450135
189,P,-1.417,0.6557500317838929,0.2008418378215566,Purifiyng,Not_significant,1,0.7751258434148093,0.016249025100036243
190,Y,-0.361,2.0775972625797214,0.26578682033139683,Purifiyng,Not_significant,2,0.9231021534395649,0.013907412367848737
191,S,-0.545,2.5080045411828107,0.3698757559358966,Purifiyng,Not_significant,3,0.7972390856032662,0.012364248555336022
192,D,-0.033,1.6592076408498686,0.14718733376569107,Purifiyng,Not_significant,4,0.7053174070791796,0.01244826953605718
193,E,0.825,2.9810960665003408,0.6651916766510932,Neutral,Not_significant,5,0.8511108826258138,0.010778267139212707
194,L,-0.371,2.0762878426033526,0.44060457633086536,Purifiyng,Not_significant,6,0.9369065505308393,0.008478283710641793
195,R,-1.072,1.372702640239773,0.1940435823214525,Purifiyng,Not_significant,7,0.6701547888066495,0.008723950337255327
196,Q,1.044,2.8024328457812815,0.897419259688642,Neutral,Not_significant,8,0.73670091400473,0.009344911832753542
197,R,-0.608,2.257496074233697,0.4255939561708933,Purifiyng,Diversifiyng,9,0.9848388393602552,0.006887323199999545
198,L,0.909,1.7657296466766117,0.8011882329698844,Neutral,Not_significant,10,0.8836978767892649,0.006626898029584901
199,A,-0.071,2.7749129702644746,0.6164652192440822,Purifiyng,Diversifiyng,11,0.6973430385194915,0.007066934378229934
200,A,1.252,2.8934143543415094,0.4007493543086847,Purifiyng,Not_significant,12,0.8191501201338534,0.006951596340040356
201,R,-0.595,2.075961485591669,0.19638743222893199,Purifiyng,Diversifiyng,13,1.0671555352603503,0.0054511374047715565
202,L,0.243,1.5650703021353536,0.39739800887141036,Purifiyng,Not_significant,14,0.7904641599039803,0.005442522359451535
203,E,-0.299,2.0337024948036713,0.22224007215012465,Purifiyng,Diversifiyng,15,0.7951860578151053,0.0059100369735912124
204,A,1.203,2.7530081335787315,0.43787902309064874,Purifiyng,Diversifiyng,16,1.0840041474407636,0.004980791152213735
205,L,-0.195,1.3701872568447904,0.5328292403864413,Purifiyng,Not_significant,17,1.161096346108389,0.004551511183184664
206,K,-0.342,1.5845012829490646,0.17946591256374284,Purifiyng,Not_significant,18,0.8897906572311443,0.0044869989904622945
207,E,1.039,2.5708560786434873,0.4542496633959151,Purifiyng,Not_significant,19,1.1251537992648346,0.00490488365414644
208,N,0.698,3.3516315998993593,0.3940241143879853,Purifiyng,Not_significant,20,0.9243945778460404,0.00984239563964298
209,G,0.440,2.687124204134632,0.5963546668839749,Purifiyng,Not_significant,21,0.769425350027567,0.022094714375215402
210,G,2.420,3.3751138063521036,1.2426114505040127,Neutral,Not_significant,22,0.6440478079307855,0.08086733507813171
211,A,-0.780,1.8476992952476134,0.25095856753528684,Purifiyng,Diversifiyng,1,0.6145795430565256,0.09104457297195774
212,R,1.145,3.258632095640343,0.43320121071090517,Purifiyng,Not_significant,2,0.33374405966645526,0.15692411457386302
213,L,-0.410,2.4322230683824495,0.28387991083035535,Purifiyng,Not_significant,3,0.45288242880458457,0.11266607505579199
214,A,-0.185,2.548746213549976,0.26603983729158825,Purifiyng,Not_significant,4,0.6683953756390348,0.031897256365508254
215,E,-0.171,1.4685587507254465,0.34167723362811714,Purifiyng,Not_significant,5,0.7416328417987307,0.03569618781805764
216,Y,-0.498,1.0837206595055784,0.19999721278076854,Purifiyng,Not_significant,6,0.8333863194966226,0.013697924930890627
217,H,-0.201,2.430525456777004,0.2302771925456068,Purifiyng,Not_significant,7,0.9707092948139698,0.009555527395142097
218,A,-0.448,2.4035976072132788,0.48952960491850933,Purifiyng,Not_significant,8,1.074747069816839,0.00929265748968156
219,K,-0.626,2.0183048664523833,0.1464646949170951,Purifiyng,Not_significant,9,1.1381838387231673,0.006873639324960696
220,A,0.428,2.441979687471651,0.6803132828049779,Neutral,Not_significant,10,0.9764254087655617,0.010735458815447869
221,T,2.009,3.5790380679690306,0.7461695262572218,Neutral,Diversifiyng,11,0.8189528104351581,0.0170723357353439
222,E,0.357,2.481267423305543,0.44227188734547723,Purifiyng,Not_significant,12,0.8336971386953995,0.014352724918411478
223,H,0.363,2.69270409795207,0.4930507871795011,Purifiyng,Not_significant,13,0.6471669221456041,0.031020623192118877
224,L,-0.506,1.8126766313033102,0.3867584954012672,Purifiyng,Not_significant,14,0.8046099547253686,0.026107403394387836
225,S,2.116,3.1053581646618986,0.46911401792329205,Purifiyng,Not_significant,15,0.6217895314186855,0.04237306285120753
226,T,1.657,3.330770105155583,0.5440329098411607,Purifiyng,Not_significant,16,0.5183166342765483,0.05039458715441204
227,L,-0.154,2.184833888058251,0.3334912325970123,Purifiyng,Not_significant,17,0.4366107925340928,0.0986740359058849
228,S,0.253,2.6183998946930265,0.17714316380793863,Purifiyng,Not_significant,18,0.6985988216367032,0.03620225190271095
229,E,0.024,1.9044014475576232,0.41554708999004464,Purifiyng,Not_significant,19,0.5291673987899398,0.03795156229596075
230,K,0.325,2.2134059246402353,0.5197835105608813,Purifiyng,Not_significant,20,0.60215414448632,0.01616291715090465
231,A,1.347,3.0183535763123306,0.8989050286498991,Neutral,Not_significant,21,0.8990868079305362,0.014010483005482507
232,K,1.070,2.963515118885289,0.41493388362495853,Purifiyng,Diversifiyng,22,0.776760612136034,0.013101651614071183
233,P,-0.769,1.6015841597166744,0.1568623269331887,Purifiyng,Not_significant,12,0.7362124080595381,0.015093300105262487
234,A,0.968,3.262086836060094,0.38605037522381924,Purifiyng,Not_significant,13,0.7732801852409394,0.01864760005384382
235,L,0.287,2.3374698823576217,0.5907540718203035,Purifiyng,Not_significant,14,0.6617736299114213,0.027428162216868616
236,E,0.497,2.469400361301051,0.5436513400012394,Purifiyng,Diversifiyng,15,0.5728009583528849,0.039933397559635715
237,D,-0.184,2.229054068409746,0.31369410495751915,Purifiyng,Not_significant,16,0.3963482032790831,0.07645077667780278
238,L,-0.342,1.750582781354504,0.2927240699970542,Purifiyng,Not_significant,17,0.5216784007922064,0.12362170309396742
239,R,0.140,2.242948229398737,0.4532948445769497,Purifiyng,Not_significant,18,0.28881944217319433,0.1466931039664946
240,Q,0.761,2.8027646213479005,0.38211039826052257,Purifiyng,Not_significant,19,0.27432321926625947,0.2071104594375047
241,G,0.180,2.713845235971074,0.3748107319456164,Purifiyng,Diversifiyng,20,0.37641910943103085,0.17027150263826402
242,L,-0.212,1.8708606099627596,0.23347677808700731,Purifiyng,Not_significant,21,0.38052975850627824,0.14889014619270302
243,L,2.412,3.4527924113328097,0.9957341571919583,Neutral,Diversifiyng,22,0.46667248770423697,0.09654819772951326
244,P,-1.182,1.0255342633428017,0.19788031093267497,Purifiyng,Diversifiyng,1,0.6093278231201217,0.05668905781376598
245,V,0.599,2.7112544143947868,0.4919666959185725,Purifiyng,Not_significant,2,0.4379425143576427,0.06494830450172563
246,L,1.452,3.0328929660831547,0.46134803636113414,Purifiyng,Not_significant,3,0.5651571672596974,0.03071142178865266
247,E,-0.718,1.2848807181502857,0.186464117988383,Purifiyng,Not_significant,4,0.6678128317593608,0.025795808094119382
248,S,1.080,2.951441891942463,0.8181080361271685,Neutral,Not_significant,5,0.7281757179633496,0.015773033350126652
249,F,1.556,2.4267363949299536,0.6378473267300426,Neutral,Not_significant,6,0.813035154692661,0.013566484015325361
250,K,-1.113,1.0315008934019003,0.1516245229197359,Purifiyng,Not_significant,7,0.8836296963241508,0.011082095471808695
251,V,1.810,3.1430446253314317,1.4240781686618906,Neutral,Diversifiyng,8,0.9293291992152024,0.011865222792906027
252,S,0.764,3.1327836124460204,0.5078532207508716,Purifiyng,Diversifiyng,9,0.9436136547222765,0.01037027228267734
253,F,2.594,2.103471156183593,0.5788880014938408,Purifiyng,Not_significant,10,0.6833683438118179,0.011570401570181368
254,L,3.037,3.3163405276078044,1.1787656532159219,Neutral,Not_significant,11,0.7777646169059348,0.01130352633388861
255,S,1.803,2.932737146056317,1.0673209360921323,Neutral,Diversifiyng,12,0.9746393365025965,0.009312973822589022
256,A,1.296,3.070562063105325,0.41743367577044826,Purifiyng,Not_significant,13,0.8223624878780014,0.009441385882606275
257,L,2.945,3.0909824280398177,0.39894183782861925,Purifiyng,Not_significant,14,1.067508423974549,0.0071875626391585175
258,E,1.375,2.5304812621205532,0.15981248402706333,Purifiyng,Not_significant,15,0.8909838223361651,0.009114430794308454
259,E,1.189,2.9539401430716365,1.0794460995859458,Neutral,Diversifiyng,16,0.9773464063408235,0.0073882530827723
260,Y,0.646,2.5187355386261774,0.666560400706742,Neutral,Diversifiyng,17,0.791717567783315,0.00778269562463231
261,T,1.567,3.136996624658614,1.6064266940550729,Neutral,Diversifiyng,18,0.8261573009972303,0.007616678907108023
262,K,0.120,2.119400693620368,0.37221830104778264,Purifiyng,Diversifiyng,19,0.912316365551439,0.007524796892184141
263,K,0.975,3.0772787309600655,0.7141253108498512,Neutral,Diversifiyng,20,1.0708931226221892,0.005362533391387022
264,L,1.959,2.6536578239332558,0.654369144872651,Neutral,Diversifiyng,21,0.8661453177615209,0.005286178790777405
265,N,2.510,3.3081379757563014,0.9908582010470295,Neutral,Diversifiyng,22,0.9254306319730322,0.005857409774260728
266,T,1.804,3.097372168622438,1.1860473558902243,Neutral,Diversifiyng,23,0.8958704297936373,0.007565223116308828
267,Q,0.919,2.600060838043328,0.6182547431902277,Neutral,Diversifiyng,24,0.7111315566176584,0.01057959425267608
