alpha;,&beta;<sup>-</sup>,p<sup>-</sup>,&beta;<sup>+</sup>,p<sup>+</sup>,LRT,p-value,# branches under selection,Total branch length,MEME LogL,FEL LogL,Residue,Episodic Selection
2805.537042430595,0.004935155341747034,0.9914904080398159,44.23608396474147,0.008509591960184082,0.0,0.6666666666666666,0,11626.38521367138,-42.90496658126379,-30.50481491778113,M,Not significant
0.4499890636081477,0.1350127101350783,0.9743334020608301,217.0715633246076,0.02566659793916992,15.27950537740804,0.0002041624814461684,5,82.45237440409775,-207.4218968493435,-197.2393689112515,K,Episodic Diversifiyng
1.689235226618518,0.0,0.419798067793743,0.6227660023934387,0.580201932206257,0.0,0.6666666666666666,0,12.10297227783638,-207.7836732313537,-207.5424068066784,A,Not significant
0.7612243870319167,0.3776466177042156,0.9811676124063244,134.2790534036686,0.01883238759367556,12.79752946738449,0.0007141139189509316,3,44.12295910619254,-268.5909586918369,-261.2167921592617,A,Episodic Diversifiyng
0.5025045908244901,0.2515805179318177,0.97262107319639,132.8824189549586,0.02737892680360998,11.66100525124284,0.001268225084889996,3,56.94951383781909,-261.6774617154238,-255.4749061895513,V,Episodic Diversifiyng
0.9950120533126503,0.0,0.42123134665689,0.3814399415293365,0.57876865334311,0.0,0.6666666666666666,0,7.241096205728739,-222.0298812945523,-221.878556063105,L,Not significant
0.518956183320982,0.1130749542268965,0.8552213002676465,3.247295307951018,0.1447786997323535,6.436028290265654,0.01803416213309628,3,10.15954991297575,-285.345717127859,-279.4493150685723,T,Episodic Diversifiyng
0.9757510377700168,0.09860375639454012,0.9711268007206058,48.5751174378398,0.02887319927939425,15.94162171250002,0.0001462441131562242,2,25.21355338897931,-234.0045812732729,-221.4285162976781,L,Episodic Diversifiyng
0.9091795563886687,0.0,0.6438847181979828,0.753833499045817,0.3561152818020172,0.0,0.6666666666666666,0,7.559407150783001,-261.3186108477344,-258.8602201006381,A,Not significant
0.6814580336536004,0.0,0.7309060538051868,1.535425125164088,0.2690939461948132,1.907253202222421,0.1914723120802257,14,8.661184016342768,-226.4391186094511,-222.6831478431474,V,Not significant
0.792436855070493,0.0,0.8571215204824342,1.357663150577577,0.1428784795175658,0.3746483560851743,0.4661752002436768,10,6.023508102534252,-187.6683721219912,-185.7163289507124,L,Not significant
0.3946550978744036,0.1031972474660087,0.9875142984817005,52.73818652640902,0.01248570151829953,14.78797483264998,0.0002615677059014665,2,12.37953065706542,-150.3625524224917,-139.0196444028904,F,Episodic Diversifiyng
0.7734850588761838,0.1014625749098969,0.9723482815029557,111.8112957395041,0.02765171849704429,9.098676175906633,0.004644590827139194,5,48.28724292998015,-240.3858066516374,-228.6463023210738,L,Episodic Diversifiyng
0.6105029712153582,0.1427099470432099,0.990870178764951,355.7346558594949,0.009129821235049018,4.215657539711174,0.05656630755903092,2,50.42091454467929,-240.3890660265486,-237.9451671601559,T,Episodic Diversifiyng
0.4668791765635938,0.0,0.9782688935157293,1.134883937109535,0.02173110648427068,0.1381183769141217,0.5552471714371486,2,2.282388228843332,-94.2700732085197,-93.9298180307594,G,Not significant
0.5266909071587959,0.04526387242068027,0.8514158213440159,0.852755324342555,0.1485841786559841,0.1091327400304181,0.5695351759952688,3,4.516674645570296,-178.4184612500337,-176.4317892325988,S,Not significant
0.7243964825528725,0.06489260408830205,0.9646873145856308,1.091146906485148,0.03531268541436916,0.05344732842974054,0.6021486688888548,1,4.429651066067578,-94.57800966484544,-93.91200960501794,Q,Not significant
0.5520560596565981,0.03273671962782713,0.9999999999999677,0.1468260901012287,3.230749001659206e-14,0.0,0.6666666666666666,0,2.749303134995028,-147.3868728894189,-147.3868733946385,A,Not significant
0.598602539231215,0.0,0.7954634348193587,1.798610911959,0.2045365651806413,5.898631213799433,0.02375016118072837,16,7.677972126081771,-243.3855909349679,-234.3252064939124,R,Episodic Diversifiyng
0.6188126404990437,0.2410245835878487,0.8696687105478264,3.030606634560165,0.1303312894521736,3.431198562404802,0.08513986167061327,0,11.10662507017308,-256.3144260399741,-253.8256133295,H,Episodic Diversifiyng
0.3596532618694237,0.1884158662420004,0.979662673005488,51.59202805525864,0.02033732699451196,9.346001078259974,0.004096620581916621,3,18.92471571885298,-180.1461387414296,-173.9563447937086,F,Episodic Diversifiyng
0.544412976671712,0.0,0.9705481009256444,3.605388005347424,0.02945189907435564,1.202216367436904,0.2828718001531524,2,3.755534397321976,-34.27893120872602,-30.30583997582377,W,Not significant
0.4524771769222102,0.006634942492393357,0.9352123221188294,3.693210609971709,0.06478767788117057,4.144458717237399,0.05869638902305252,4,5.343057813090339,-104.3589513780355,-97.83196948775537,Q,Episodic Diversifiyng
0.6021997106963346,0.05785358314808463,0.5053815225976684,0.8618755168950099,0.4946184774023316,0.2547619746744658,0.5069352106526669,4,8.931521238886482,-268.2218858309853,-267.2236163459909,Q,Not significant
0.409992871512995,0.09443524943726744,0.9908301668235059,2.090253134093706,0.009169833176494113,0.2427593623754092,0.5114218582996022,1,3.29131562779188,-116.7226131407368,-116.5381926343561,D,Not significant
1.306987435143782,0.2989091830960411,0.999999999997765,0.3330833541270379,2.234989970872903e-12,0.0,0.6666666666666666,0,9.637582473801878,-266.7399185181351,-266.7399223352468,E,Not significant
0.7609563685848028,0.1474995159481124,0.9999999999922825,0.1532096525744139,7.71749331107685e-12,0.0,0.6666666666666666,0,5.236292470603273,-29.22900580994944,-29.22901529377495,P,Not significant
0.8610257455309276,0.06264051255307877,0.8751860346392828,0.1491426043048304,0.1248139653607172,0.0,0.6666666666666666,0,4.604236478128819,-186.1444743023955,-186.1476042602097,P,Not significant
1.866278010228141,0.1352061550786422,0.9687251393860817,2.673501621619282,0.03127486061391826,0.04267969927380477,0.6098238198456188,1,10.76277293151435,-98.38897051360217,-97.88380213433031,Q,Not significant
0.8180411075007041,0.0625805094729152,0.8276684735225427,4.018593538387007,0.1723315264774573,9.661331313086976,0.003491004057835645,7,13.90638488273592,-348.381401544058,-337.0531637541385,S,Episodic Diversifiyng
0.729211692591692,0.3148098373807157,0.9717414112834027,1087.583502960674,0.02825858871659725,12.36804872402718,0.0008871310410828448,5,441.6332417991269,-304.179826276542,-294.5948253593306,P,Episodic Diversifiyng
0.732848581911136,0.0,0.5724762552884276,0.6743504264695936,0.4275237447115724,0.0,0.6666666666666666,0,7.109500086139997,-174.4876507963513,-173.5548641019606,W,Not significant
1.23046928297396,0.0,0.7346450249843807,1.437941184973752,0.2653549750156193,0.07090708958776304,0.5909009584265147,12,10.4886221234581,-223.2691633893153,-219.7335653282962,D,Not significant
0.8330882578691298,0.0,0.760991845144755,2.133259887236421,0.239008154855245,4.133332018964666,0.05903658037420245,13,10.65560922688997,-272.774205227904,-265.9698937257345,R,Episodic Diversifiyng
0.8408210365938238,0.4689194691060136,0.9811431456591377,61.72721723973999,0.01885685434086226,3.969762994695998,0.06427614914786617,3,26.4320577062364,-279.6170072744808,-277.1250632578572,V,Episodic Diversifiyng
0.9744412417670409,0.09644596622603128,0.9313183290411913,3.341927534511806,0.06868167095880873,1.542666650463786,0.2338116433523082,2,8.5489814050695,-198.3200757604482,-195.0065043512071,K,Not significant
0.6970507520122142,0.282178352364591,0.9999999999251656,0.2845592368286605,7.483436093025375e-11,0.0,0.6666666666666666,0,6.874704231087002,-241.6181231868525,-241.6181148539796,D,Not significant
1.161712101729891,0.0,0.5128853306058585,1.134694676201541,0.4871146693941415,0.0,0.6666666666666666,0,12.62246809020722,-322.9034950540832,-320.8992493665785,L,Not significant
1.242357723510786,0.5907935689409473,0.9739053946875793,0.6006567686397122,0.02609460531242069,0.0,0.6666666666666666,0,13.4980716204394,-338.015965816397,-338.0161010196354,A,Not significant
1.171110213583957,0.1048315030721283,0.6675482553360121,2.321010596411224,0.3324517446639879,1.602624400673562,0.2261974124324769,6,16.74346869833919,-338.3642339908642,-332.9155135967655,T,Not significant
0.7898847093949232,0.3510289007282214,0.9665463570321023,17.93020138095887,0.03345364296789766,4.373357475541411,0.05212415867389664,2,16.54229429094672,-264.7866521696707,-261.2492144238244,V,Episodic Diversifiyng
1.729540329962378,0.009941183022892337,0.9913291416098121,17.21670104970491,0.008670858390187886,2.201140258603402,0.163355772013824,2,9.412795857539418,-107.7362882565409,-101.352957328525,Y,Not significant
0.6196528208561963,0.2608271149379671,0.7636108080937936,0.7139303604671693,0.2363891919062064,0.01155798788482798,0.6388695871700609,0,7.765930719035032,-228.9133782701783,-228.8667525918319,V,Not significant
1.331235653667719,0.0,0.4242357745258017,0.8912449487345738,0.5757642254741984,0.0,0.6666666666666666,0,12.76537318610875,-292.7997786429894,-291.6846478772091,D,Not significant
1.164227691349488,0.2445733631533518,0.7451513771165386,0.8914778197823657,0.2548486228834614,0.0,0.6666666666666666,0,10.60808118072583,-301.5488653365883,-301.3786282887642,V,Not significant
0.8076361768468494,0.0,0.1914163429946032,0.7504424805928989,0.8085836570053968,0.0,0.6666666666666666,0,11.91986680138191,-311.6524112030455,-311.2535773971425,L,Not significant
0.6158739395085132,0.0,0.4872110953696489,0.3268535606044889,0.5127889046303511,0.0,0.6666666666666666,0,4.919470217666031,-157.4676118011369,-157.0964517983642,K,Not significant
1.793787117762443,0.4789833872772993,0.8706722531794536,0.4825360233257156,0.1293277468205464,0.0,0.6666666666666666,0,14.20507154673215,-290.9828301005116,-290.9828538336384,D,Not significant
1.569329906135686,0.3906027955335374,0.9278949457846832,2.858165274525104,0.07210505421531677,0.1125001759512543,0.5678056328997522,0,14.53415622362723,-381.1641224132047,-380.5898360652674,S,Not significant
0.3943864846461621,0.1053710947469985,0.8169481208553449,1.061853144062949,0.1830518791446551,0.9658308647665876,0.3239433789948655,1,5.596693901609807,-211.0009455217207,-209.4235592070298,G,Not significant
0.3625528731582909,0.2946109242724317,0.9666648584461267,9999.999999909503,0.03333514155387329,18.97952310810285,3.169198100116954e-05,5,4716.047391959688,-269.6605624242356,-260.2678617443217,R,Episodic Diversifiyng
0.5361974548574263,0.4417638931000635,0.7761460986336103,0.4707006667811689,0.2238539013663897,0.0,0.6666666666666666,0,8.5550281048586,-288.7083132622821,-288.7091317197272,D,Not significant
0.7803333187546733,0.0,0.6312444731499153,0.8847256213315896,0.3687555268500847,0.06074268305036412,0.5972956971704311,13,7.84240601809223,-237.4751908565232,-235.0222880160065,Y,Not significant
0.8272166103625734,0.3185946388187939,0.9145610515772041,0.4653802307709923,0.08543894842279587,0.0,0.6666666666666666,0,8.10568108609422,-229.3660635076318,-229.3679326816396,V,Not significant
0.6139680206637821,0.3001931882859923,0.2924095852772866,0.8711941390220708,0.7075904147227134,0.2682440462697286,0.5019975314518978,0,12.49445977203431,-341.992816647701,-341.9253274909124,S,Not significant
1.275218800926718,0.2397204722166771,0.9475752519377386,5.920114022308722,0.05242474806226138,1.690619988144022,0.2155113252108218,4,12.87766326906792,-222.7013049739067,-218.90129820719,Q,Not significant
1.057564913796277,0.00928612187509987,0.3887639425145555,0.3397927090830165,0.6112360574854445,0.0,0.6666666666666666,0,7.366497456568468,-216.6862608332525,-216.5620792810445,F,Not significant
0.4984027848260969,0.08669410105975334,0.9746456419955403,6.945552928827613,0.02535435800445973,4.958021201118584,0.03852721742920551,1,5.746896657387421,-160.1621698191815,-156.4312073423973,E,Episodic Diversifiyng
0.4781485117848785,0.0,0.5112019373998642,1.509249116930946,0.4887980626001358,6.037425942749678,0.02211853188840085,14,12.40511418710327,-325.3483991598247,-322.3410468483577,G,Episodic Diversifiyng
0.9511073340711487,0.05443411721909153,0.8409997373654972,1.254576909424785,0.1590002626345028,0.09255551972808007,0.5783707411684631,4,7.405322239806341,-281.2473070173645,-277.8387650936826,S,Not significant
1.032527779934241,0.4080388304701838,0.999999999989053,0.4184594922636517,1.094702106740897e-11,0.0,0.6666666666666666,0,10.04281429067945,-276.460143158022,-276.460178118388,A,Not significant
0.4943322199050205,0.2752234524756126,0.9999999999964018,0.2810806733206417,3.598232822810132e-12,0.0,0.6666666666666666,0,5.936732380361111,-178.6649435821753,-178.6650120224035,L,Not significant
0.4747971973308607,0.1127371400659018,0.9541795887292733,0.1275018145352573,0.04582041127072667,0.0,0.6666666666666666,0,3.569313746472127,-129.8297584638317,-129.8299206090389,G,Not significant
0.6843517510607077,0.1269519269054346,0.899354075439352,3.165237878811993,0.100645924560648,2.2641314525344,0.157921230734375,4,8.94970177502367,-237.3135371007546,-231.5358717007532,K,Not significant
1.995869930365181,0.2087723100343455,0.9584304719444111,6.484317139593205,0.04156952805558889,1.287787061378197,0.2695260920535387,2,14.90366283727316,-207.9330330729458,-205.6924750254472,Q,Not significant
1.135162480895583,0.04872364203239985,0.8916037052104328,1.986996758423137,0.1083962947895672,0.2891771800619836,0.4945298452562322,3,8.35943748456866,-222.7717950975702,-219.457298287967,L,Not significant
1.301667063662088,0.119209856124875,0.9915022354153592,2.870821012092092,0.008497764584640799,0.09819811844698734,0.5752993292852961,1,7.406663819869006,-129.9401019462637,-129.7186299302175,N,Not significant
0.4764318063918572,0.2404318956062458,0.8997510093225358,4.908797584104964,0.1002489906774642,4.819956927073804,0.04137259840902952,2,11.98415181488863,-259.4382246047427,-256.6882272189995,L,Episodic Diversifiyng
1.439799904786238,0.0,0.5940744697862922,1.539454443304287,0.4059255302137078,0.02088196497004446,0.6283885142561101,10,14.79427837204692,-327.1090887141301,-321.7283434446542,K,Not significant
0.604517372999027,0.0,0.5201512642904492,0.6531451291611505,0.4798487357095508,0.009226414730221677,0.6420223041065982,13,6.932756027047861,-209.6912813236476,-209.0182643572689,L,Not significant
0.5769192985290871,0.4770166186278043,0.9584791272885752,80.45194829711109,0.04152087271142479,9.981052024508017,0.002968575929130579,3,56.05345519680959,-371.4804119241938,-366.0999947948257,L,Episodic Diversifiyng
1.071558539932326,0.0,0.6410880589530541,1.672425966508796,0.3589119410469459,0.7776833014687554,0.3618971008826466,17,12.920634808654,-256.7763975668891,-250.6838931120776,D,Not significant
0.7325002123247784,0.2265948235955276,0.9779329441234539,2.947836864545827,0.02206705587654612,0.5248720634900224,0.4226622703642907,0,7.084653714459889,-211.8521460885217,-211.4104565204444,N,Not significant
1.072987154518218,0.3024434373674663,0.9016860652286135,0.3262207842035622,0.0983139347713865,0.0,0.6666666666666666,0,8.751289359287862,-215.2806937881779,-215.2810823868165,W,Not significant
0.7738130610084556,0.09329870566212004,0.8937706173008685,2.071568651578227,0.1062293826991315,0.9775726523426442,0.321742114990875,1,7.49323900369848,-180.4610508018582,-177.7189715052191,D,Not significant
1.030433467493969,0.5267971399343868,0.9999999997411256,0.5424491348775115,2.58874366387829e-10,0.0,0.6666666666666666,0,11.71228891836134,-342.8411676746557,-342.8413069520253,S,Not significant
1.256890829996382,0.3802085348100679,0.8391070495149578,0.420352222627212,0.1608929504850422,0.0,0.6666666666666666,0,10.67016725833809,-265.5263896272833,-265.5270005943995,V,Not significant
1.447844589032214,0.466877140090883,0.9639792722960192,13.11959361926922,0.03602072770398079,2.701528456557071,0.1250577749280489,1,19.03481021227966,-346.7013939511458,-344.3916797757944,T,Not significant
0.9049002851337863,0.5800666858466524,0.9560348411754291,180.3607364840344,0.04396515882457086,7.552647055157991,0.01019680233327869,2,123.6360849144193,-414.7427491014329,-407.9447272268773,S,Episodic Diversifiyng
1.594463931779255,0.09894702577418557,0.8215731121186157,3.912989983147078,0.1784268878813843,2.302411459962741,0.1547122422652241,1,17.61913346599452,-332.3669448480127,-325.9291651984797,T,Not significant
1.065392122520296,0.6231271501481954,0.9884135049035013,0.6569938949125286,0.01158649509649867,0.0,0.6666666666666666,0,13.22385817089378,-349.4902679590706,-349.4904771387866,F,Not significant
0.7418397775109143,0.0,0.4976278215649486,1.73477459168419,0.5023721784350514,3.583337351002569,0.07862519725366923,12,15.38784777955783,-342.7443642126617,-338.9928612693885,S,Episodic Diversifiyng
0.8736960481714815,0.4106327401181879,0.9674693335822904,137.2137540601878,0.03253066641770963,13.68851237231183,0.0004554358872530528,1,72.30780235647877,-321.5422046536507,-312.5617771157074,K,Episodic Diversifiyng
0.9324214731315399,0.0,0.5002312381646793,0.9221159337739188,0.4997687618353207,0.0,0.6666666666666666,0,10.37434705946478,-277.0940742432844,-275.9571402354264,L,Not significant
1.698793679754654,0.2291891881260261,0.9408067151284988,8.332746823204882,0.05919328487150122,2.452953836529446,0.1427433755880255,2,17.05351653931989,-305.534225704246,-302.6244289227646,R,Not significant
1.0148166501092,0.07925347649719018,0.8413094026565227,3.709059794076861,0.1586905973434773,3.995972293706245,0.06340571039608034,6,13.46301992733859,-266.7022272640448,-259.8237566191977,E,Episodic Diversifiyng
1.505136576365519,0.3382562433545149,0.9552482559897874,72.9880389726383,0.04475174401021265,13.43196879040704,0.0005183891192829249,5,56.95646612905416,-312.6703011333861,-301.8072461731518,Q,Episodic Diversifiyng
1.58469219220869,0.4078962680363267,0.724642821066051,0.417220860744155,0.275357178933949,0.0,0.6666666666666666,0,12.36423790966147,-303.0224478431882,-303.022567882531,L,Not significant
0.7446075296652707,0.05365125736905971,0.7306436637051024,2.094716512759857,0.2693563362948976,3.523910533992762,0.08110676312708975,5,11.6111651956324,-320.9162711042068,-315.8322706455787,G,Episodic Diversifiyng
1.263589369054908,0.0,0.9111395870945858,1.330033655468533,0.08886041290541424,0.004823206180560646,0.6491730723836219,7,6.904076771924862,-224.5600746677302,-220.6556465615452,P,Not significant
1.257149848334234,0.5217525753898158,0.9710775991535892,24.10304042863969,0.02892240084641085,7.830426641006397,0.00885119413212887,3,22.21769369212468,-313.8396151914356,-307.1891502470614,V,Episodic Diversifiyng
0.6485221727551741,0.2000810556991185,0.9370851212704664,7.201465280895765,0.06291487872953361,3.245366181733971,0.09385612965273615,3,11.73808306610981,-263.7149879898564,-259.7994073476877,T,Episodic Diversifiyng
0.8842648862762105,0.2785821190050661,0.983717517832745,12.52544063269217,0.01628248216725503,1.923678425736227,0.189771596789412,1,10.41717017838652,-195.7960869734662,-194.687140904938,Q,Not significant
1.272826775432205,0.2502046127506196,0.8992897560555948,4.567845164000853,0.1007102439444052,1.914418846420062,0.1907283550874064,1,14.95235257017403,-269.5537768795307,-265.9204376938293,E,Not significant
1.415745279540046,0.4069365519037293,0.9999999999936846,0.4336389251669546,6.31539265327774e-12,0.0,0.6666666666666666,0,11.61458825542108,-247.5336861728499,-247.534017427298,F,Not significant
1.4314776229623,0.2785489860804961,0.9682249171407568,4.846019863044332,0.03177508285924324,0.6858331535952402,0.3824979771051305,1,11.91636310954884,-263.6604216732421,-262.7486846872962,W,Not significant
1.147132114512185,0.0,0.2158096270772662,1.004606992653247,0.7841903729227337,0.0,0.6666666666666666,0,15.88389675336693,-384.6180791479305,-383.9973869570113,D,Not significant
0.6133711033670199,0.3722045331584642,0.9677955408605913,4.129698211567671,0.03220445913940873,0.7082868488008671,0.3773211836458665,0,9.510171326029514,-267.331809112648,-266.8846733444512,N,Not significant
1.230030156640989,0.2645801968582918,0.8492410072989961,0.4063576070726517,0.1507589927010039,0.0,0.6666666666666666,0,9.135751559352089,-240.1545165678775,-240.1564622181736,L,Not significant
1.132322862458755,0.0910881172085249,0.557201144359283,1.957927916507955,0.442798855640717,0.8685665131948781,0.3429062831743916,1,17.65842069487576,-344.7371317005173,-342.9994154868456,E,Not significant
1.706382201383505,0.0,0.4621763892231167,0.7054147751098884,0.5378236107768832,0.0,0.6666666666666666,0,12.42918147236034,-258.8333603966423,-257.7366129807523,K,Not significant
0.3949985008126501,0.0,0.5636580205342614,1.348748069406552,0.4363419794657386,4.95643796370922,0.03855869534082401,15,9.952340827957887,-242.3445912184104,-238.9057413953334,E,Episodic Diversifiyng
1.245952711621015,0.04119640717863493,0.898357018647214,3.088768251005966,0.101642981352786,2.297417967899491,0.1551269115909554,3,10.12029596489463,-279.8095395679517,-272.5452175449748,T,Not significant
0.884920968791237,0.0,0.6202968240656317,2.002893168282907,0.3797031759343683,3.152693130696775,0.09854115816646225,15,14.41202914249443,-290.8871907721145,-285.9393194095938,E,Episodic Diversifiyng
1.299064731387698,0.694317916079643,0.9769184831816836,195.7507554109826,0.02308151681831638,7.763154329294593,0.009159719082597939,2,78.81186024900886,-362.7683144509258,-357.8388240428094,G,Episodic Diversifiyng
0.5705356921091209,0.0,0.4682243789933417,0.8940859555381264,0.5317756210066583,0.5586939377722047,0.4137378189550932,9,9.08178451212791,-224.3486789130531,-223.5022469777325,L,Not significant
1.168627998230453,0.0,0.7712435144537036,0.9713049786106237,0.2287564855462964,0.0,0.6666666666666666,0,7.980404336628873,-227.1680249331615,-223.9775875206383,R,Not significant
1.259181963948397,0.5625572502746845,0.9652029187244732,9.870718570229963,0.03479708127552683,1.356079113509622,0.2593895410499348,1,17.74204248596886,-289.7849247601674,-288.2277426173522,Q,Not significant
1.058314519708528,0.1920576175279213,0.8858648918229672,8.275353815356022,0.1141351081770328,9.998416299704218,0.002942562385107039,7,20.13454298022581,-301.5414128534815,-285.5989840209954,E,Episodic Diversifiyng
1.641740367076888,0.4020395677369161,0.8985402651299422,0.4123704511884304,0.1014597348700578,0.0,0.6666666666666666,0,12.4963103215377,-259.1880860179857,-259.1883546957044,M,Not significant
0.8426286777721457,0.2701534556962055,0.8119224068338072,3.414650166552361,0.1880775931661928,3.2819324940142,0.09207124520136101,1,15.66487666579916,-334.7006102971835,-331.0062436253875,S,Episodic Diversifiyng
0.9342673105339161,0.4934954880371523,0.9698428734627258,0.4818882922910169,0.0301571265372742,0.0,0.6666666666666666,0,10.83842761048754,-281.8344606468521,-281.8348541696082,K,Not significant
2.464045404846738,0.0,0.7150075791267114,0.4463952951338926,0.2849924208732886,0.0,0.6666666666666666,0,12.00419197284887,-167.2922753185011,-165.6829182260345,D,Not significant
0.9192561941170473,0.2827572649946726,0.8938755517717276,0.2839123533843183,0.1061244482282724,0.0,0.6666666666666666,0,7.805028487374726,-223.670523493704,-223.6705298170055,L,Not significant
1.604953938184448,0.3413949863056956,0.9999999999823149,0.3308292135686787,1.768507562616151e-11,0.0,0.6666666666666666,0,11.47216711510933,-209.5440230389138,-209.544274915377,E,Not significant
1.48074180131582,0.0,0.2574046073602403,1.019249146927383,0.7425953926397597,0.0,0.6666666666666666,0,16.82893189746878,-326.7814971028304,-326.159230909662,E,Not significant
0.6054355764615905,0.3462916103287291,0.9999999999968994,0.3321703457866499,3.100630863173137e-12,0.0,0.6666666666666666,0,7.401190536498066,-209.2543557046239,-209.254347609269,V,Not significant
0.8277397375009838,0.1619335244437302,0.9427617273927852,2.041828363575757,0.05723827260721481,0.5566141250536134,0.4142785572738227,0,7.237385364051634,-207.0760362159755,-206.3797554484925,K,Not significant
1.493916439432154,0.7997126869573313,0.9704911485443389,242.092366675,0.02950885145566107,6.987772725132572,0.01360232620892809,1,118.103706200758,-391.6936978159972,-388.0145787436031,A,Episodic Diversifiyng
2.433325689127435,0.2028156909244515,0.9717890642567163,3.747426855414272,0.0282109357432837,0.09323881485744323,0.5779950222164268,0,14.35821797013408,-197.1694431889905,-196.4345241685297,K,Not significant
0.6044493776016151,0.07444143785867044,0.6785405747759544,0.8985861584199137,0.3214594252240456,0.160135060015989,0.5451627974001194,0,7.299305098049065,-202.4151295751749,-201.4451105080487,V,Not significant
0.8720901183789667,0.2602773532787917,0.8360509339401592,0.824727674573404,0.1639490660598408,0.0,0.6666666666666666,0,8.59794713357652,-203.9284862698745,-203.8934992444569,Q,Not significant
0.3908008823298692,0.0,0.8759120488354949,0.5769175565576716,0.1240879511645051,0.09679951847499524,0.5760541107075337,6,2.630364501652455,-123.7756938346947,-123.3210896044615,P,Not significant
1.504833675075328,0.0,0.5053515875401353,1.038839931009943,0.4946484124598647,0.0,0.6666666666666666,0,13.49452804405417,-258.9434755566314,-257.1838873401137,Y,Not significant
0.5997471320119887,0.01403365819326273,0.799777983183429,1.697413533350908,0.200222016816571,3.68890353134924,0.07440707657149848,6,7.445339473741546,-228.2075076965616,-222.1696658171153,L,Episodic Diversifiyng
2.301916098926352,0.3867371797639986,0.9767527818355313,5.84890653086326,0.02324721816446873,0.2299704668655522,0.5163027973465036,0,16.79415268543998,-285.9220956886317,-285.5100069857965,D,Not significant
1.744099848949384,0.4045979152317565,0.8988376887274647,4.812134471117949,0.1011623112725353,0.8303605038386195,0.3507316219643047,0,19.24223189996394,-308.4069822347834,-306.5574175056432,D,Not significant
0.5157863744234752,0.0,0.5672106504195702,0.3000577651440309,0.4327893495804298,0.0,0.6666666666666666,0,3.971523028859165,-130.6267337490087,-130.0433264103858,F,Not significant
2.205205865415234,0.2306926167167277,0.943930601986689,5.856164325675435,0.05606939801331101,0.8365546188225608,0.3494477550004105,1,16.85128784446452,-274.8190673531844,-272.0422128852171,Q,Not significant
0.9996872540986947,0.3859493730217546,0.96547877567291,33.35806017020263,0.03452122432709004,11.01422274286301,0.001759110687011289,3,25.67884720308985,-280.5744456423873,-273.4236674716323,K,Episodic Diversifiyng
1.287065977038387,0.0,0.6450758712037794,0.6352225280506564,0.3549241287962206,0.0,0.6666666666666666,0,8.51710966696751,-185.6514520470188,-183.9042082629676,K,Not significant
1.517474540800576,0.1078247656071628,0.8417032177195803,1.809315832505167,0.1582967822804197,0.02107319609621072,0.628197449333313,1,11.61527646660995,-198.9739891177072,-196.6455009219317,W,Not significant
0.8373061231770982,0.0303409826264856,0.5920794663245624,1.900085477233516,0.4079205336754376,2.285811296798443,0.1560952890560668,5,14.67466278650578,-285.6945037312579,-281.0031471283578,Q,Not significant
1.482440313335942,0.0,0.6170118526522804,1.010071673806623,0.3829881473477196,0.0,0.6666666666666666,0,11.60694719621841,-225.1712374320123,-222.2263016985769,E,Not significant
1.339472622435627,0.0,0.7026517067708578,0.9230464816940196,0.2973482932291422,0.0,0.6666666666666666,0,9.426743985631571,-173.6800485004283,-170.9883839912835,E,Not significant
0.770396551319833,0.7124007569082751,0.7338342527096036,0.7290286978032787,0.2661657472903964,0.0,0.6666666666666666,0,13.32044018894171,-311.9253166241256,-311.9256425693285,M,Not significant
2.23082208200829,0.178201415354865,0.5446982932717788,0.9949105570305187,0.4553017067282212,0.0,0.6666666666666666,0,17.01308464959714,-267.1923534552261,-266.7186031416423,E,Not significant
0.9905587381585447,0.1368631533001998,0.7965044743240952,9.126406215339822,0.2034955256759048,14.38440825560713,0.0003205999372104529,5,31.88696002140944,-345.239873885653,-330.3665022514404,L,Episodic Diversifiyng
0.4912767116096204,0.1163274163784411,0.8823572310648558,0.1954253730918334,0.1176427689351442,0.0,0.6666666666666666,0,3.81023960868245,-100.1012929859366,-100.1027002155423,Y,Not significant
1.146831028531216,0.0,0.7408142325805759,0.8485842011619741,0.2591857674194241,0.0,0.6666666666666666,0,7.858304100342905,-245.1064161561622,-241.8367478564571,R,Not significant
0.8272200007886383,0.09237271419414328,0.7152725700440878,2.413562809346415,0.2847274299559122,3.755333975625263,0.0718721728161259,8,14.07091742469922,-260.9617500698273,-254.9702940189809,Q,Episodic Diversifiyng
0.9834625863073264,0.1603559451360769,0.9299071219650124,9.946880186798804,0.07009287803498765,8.579335953948203,0.006046806041785202,5,16.0328631405394,-247.3208318219333,-236.7995138938383,K,Episodic Diversifiyng
0.6007675108925215,0.2967196522848796,0.9417731113031786,0.3858453847527256,0.05822688869682136,0.0,0.6666666666666666,0,6.754695314553492,-207.9726638018622,-207.9734518778857,V,Not significant
1.094149984277019,0.5776507186807691,0.9882729931294342,59.01729273379889,0.01172700687056583,2.445222574745912,0.143333704313361,1,22.37896239130827,-308.7632182387457,-307.4666832214085,E,Not significant
0.9668478209135863,0.0,0.8467922993085647,0.5293447897051998,0.1532077006914353,0.0,0.6666666666666666,0,5.150846422517449,-187.7871386289614,-185.5942202998713,P,Not significant
0.3775922017651513,0.2705974597895418,0.989343194976833,1645.628896065936,0.01065680502316702,7.891481941970198,0.008580234987583979,1,253.1609197531444,-200.5074543517325,-196.5376299204276,L,Episodic Diversifiyng
0.6334721618357445,0.0,0.2266347955123843,0.8765044772535129,0.7733652044876157,0.4606144656455626,0.4404405780561648,11,12.20262109122893,-319.8759015865812,-319.4852019494554,R,Not significant
1.303988343387901,0.4990073496865516,0.7980573062561531,3.608853762021224,0.2019426937438469,0.7332295009234713,0.3716796011542968,0,21.3269992613975,-375.8000445276776,-374.2020982733102,A,Not significant
1.096554974473867,0.1611687278016088,0.7806354867143056,0.8824326301044969,0.2193645132856944,0.0,0.6666666666666666,0,9.055324668718443,-180.6257050556505,-180.2168197524765,E,Not significant
1.07764555908606,0.2094309634404427,0.9783178587119573,671.9574011883361,0.02168214128804269,3.987891536225391,0.06367279059696307,1,213.237349713141,-239.9736228550797,-235.45973858843,L,Episodic Diversifiyng
1.428430384712398,0.3420181341304978,0.933626590215031,18.6757538131873,0.06637340978496897,4.536104307431401,0.04791110253570674,2,27.94516256571972,-346.4769607620693,-341.8593829338056,Q,Episodic Diversifiyng
1.639265009798606,0.5351534320143473,0.9999999999939582,0.5807358196423977,6.041833700010102e-12,0.0,0.6666666666666666,0,14.35225057627924,-292.9861175026326,-292.9863389753114,E,Not significant
0.9419693202245545,0.1459020052452319,0.7193911289130261,1.943259946693143,0.2806088710869739,0.4175214533483995,0.4530356981841956,0,13.09043629499918,-295.8957171014902,-293.8468318613665,G,Not significant
0.578138649652802,0.0,0.3540596552135055,0.4903318617877575,0.6459403447864944,0.0,0.6666666666666666,0,6.870324248859075,-215.5306944220707,-215.2609813611407,A,Not significant
1.126467977845242,0.04854958994641881,0.714198901127588,2.39505131800456,0.285801098872412,1.477126554743791,0.2424606848304547,1,14.82863629465422,-305.3598416964358,-301.5437511529365,R,Not significant
1.201627440045046,0.0,0.5201957588074384,1.206961583112406,0.4798042411925616,-0.0001806109345920959,0.6666666666666666,9,13.16055839025338,-235.044512403372,-233.6562383988369,Q,Not significant
1.02454025387201,0.0,0.6763574865812912,1.227780235525599,0.3236425134187088,0.1213632774980056,0.5633465382688603,14,9.858854836100745,-200.1050988703045,-194.4747389451789,K,Not significant
0.4537244141779094,0.1076113920123492,0.8399062533904219,2.976927842075874,0.1600937466095781,4.498845207774195,0.04884402852452219,3,9.891153832842845,-223.9993339807104,-219.6082766530824,L,Episodic Diversifiyng
1.108044034011753,0.2475676514850983,0.940255131546486,10.16564821709616,0.05974486845351401,7.152733316686636,0.01250378848454547,3,16.46129579665227,-247.1284683650257,-239.7886967174504,H,Episodic Diversifiyng
1.024523321795141,0.2049799842470195,0.783991241696992,2.712458853625582,0.216008758303008,1.281874746679819,0.2704246327321314,1,14.79404342380956,-298.5420928164734,-295.6527747601664,E,Not significant
0.47089450276578,0.0,0.2612463445262682,0.4659721944087976,0.7387536554737317,0.0,0.6666666666666666,0,6.814889438660715,-193.4540103871799,-193.3046322250482,L,Not significant
2.232914828885906,0.3845451587093459,0.8705188133095,0.4274206187164429,0.1294811866905,0.0,0.6666666666666666,0,14.76147900835721,-265.072446965033,-265.0734814486128,Q,Not significant
0.5991770877641321,0.5991770877641321,0.9719752442385798,244.9979393744828,0.02802475576142016,8.264735415588234,0.007095786135834281,2,107.7336188453294,-297.4199928182642,-293.4398591150561,E,Episodic Diversifiyng
0.2935813250865889,0.1047986749957008,0.9743006760848566,1201.684480206008,0.0256993239151434,7.164026717998809,0.01243193244344198,4,439.0529440855977,-157.4830199993806,-150.7286509590089,K,Episodic Diversifiyng
0.5548159353924782,0.3809839240889965,0.9797624692945648,0.3835187385035566,0.02023753070543521,0.0,0.6666666666666666,0,7.682470586195312,-217.0949781188104,-217.0949928104783,L,Not significant
0.9866152142623078,0.0,0.537631589613286,1.843928324578708,0.4623684103867139,2.000483693945398,0.1820312158276259,21,16.13427625439258,-326.4821292479691,-321.1347006374844,S,Not significant
1.225044880806771,0.01807042924613147,0.9669901356185197,4.478298317961608,0.03300986438148035,3.26204911082624,0.09303741968299561,4,7.410186119308352,-209.0848564801624,-199.0553958113749,P,Episodic Diversifiyng
0.9247698444936996,0.0,0.6076807365934511,1.864302406482535,0.3923192634065489,1.988513646573551,0.1832149626410371,13,14.16583903309156,-294.5643223864772,-292.8533611309675,L,Not significant
0.7771285939431294,0.0,0.5234111299879972,1.04663422156642,0.4765888700120028,0.4219196093725941,0.4517233170034545,8,10.26763742638361,-292.6469972157544,-290.152908465773,G,Not significant
1.570379248426583,0.0,0.3858168764078006,0.700171606982938,0.6141831235921994,0.0,0.6666666666666666,0,12.5814871299367,-238.8176090119944,-238.2140739528877,E,Not significant
1.95282991971986,0.1937190588251847,0.5797434745508475,0.8572401584097263,0.4202565254491525,0.0,0.6666666666666666,0,14.76670789514796,-256.8223297140036,-256.4838430010734,E,Not significant
1.146838005096831,0.4727403554997615,0.9999999998936994,0.4916848400167922,1.063006349610873e-10,0.0,0.6666666666666666,0,11.43059022634092,-300.4549649918844,-300.455075965022,M,Not significant
1.283525550130155,0.06984001847570079,0.9368496421982375,2.010856975544382,0.06315035780176248,0.1582557176495811,0.5460015828346159,1,8.03556494548344,-240.737140257165,-239.7120365788179,R,Not significant
0.8210305839769537,0.1616251703061494,0.9210218616547399,16.91129526338545,0.07897813834526013,12.20703606436496,0.000962325577284262,6,24.37777160137273,-254.9593230590078,-239.3532429916405,D,Episodic Diversifiyng
1.412113515138348,0.1911831250238054,0.9714729958882035,16.60051265886497,0.02852700411179654,6.680213476959011,0.01591683277732303,3,15.16553053101828,-256.4971905971956,-251.4718314390399,R,Episodic Diversifiyng
0.9431837095448321,0.4201597962448962,0.9585860480275122,22.31133163855515,0.04141395197248776,7.026125277412802,0.01333854935022571,3,22.65499543672716,-315.3179135108484,-310.8979228227051,A,Episodic Diversifiyng
0.7704869580334164,0.0,0.8333916829605075,3.076724502691701,0.1666083170394925,7.863809714579588,0.008701993382594142,12,10.43504223840691,-262.4970396464246,-250.4688618829339,R,Episodic Diversifiyng
0.5305802428618737,0.5305802428618728,0.9152494442659523,55.58473180163774,0.08475055573404766,22.93701075060801,4.335404498845286e-06,0,75.62773573126229,-408.9354695239477,-398.8921070643606,A,Episodic Diversifiyng
2.280268922588017,0.0,0.6962009242091958,0.592078813236721,0.3037990757908042,0.0,0.6666666666666666,0,11.98699855354053,-178.4233527353679,-177.0769447203107,H,Not significant
0.7607614304481002,0.0,0.5783678968766613,0.9223583808807991,0.4216321031233387,0.08251683476242988,0.5840209758682102,14,8.64660846560889,-240.8048717576415,-239.6886952643157,V,Not significant
3.353271593343529,0.2384484865424704,0.9999999999999999,1.743661302917685,1.110223024625157e-16,0.0,0.6666666666666666,0,17.25927084096513,-188.0108108901702,-188.0108358295608,D,Not significant
1.302032983890661,0.2214097350377582,0.7522053352561271,1.948978752272264,0.2477946647438729,0.2199727854193725,0.5201951825225856,0,14.57107679303683,-285.7757526602881,-284.2030931719425,A,Not significant
0.4776949109797719,0.03093677218251161,0.837023334714626,0.5611848447381372,0.162976665285374,-0.004945098671612413,0.6666666666666666,1,3.637008447257638,-137.59918771914,-136.8523077295137,L,Not significant
0.7664096486823634,0.0638146374389598,0.9999999999999776,0.2640448547333094,2.242650509742816e-14,0.0,0.6666666666666666,0,4.076346788810496,-122.3162068768637,-122.3162057989675,R,Not significant
0.7073030424117609,0.3804565885807302,0.9145666277008148,12.91873067047581,0.08543337229918524,11.09026865035662,0.001692699161909506,1,23.44264780096265,-346.2794040310939,-338.8935290097921,T,Episodic Diversifiyng
0.9844873344477184,0.2568994517334688,0.9249197144792928,8.77833968697058,0.07508028552070722,5.913180184175758,0.02357357491657563,3,16.74887640031169,-266.7071675511779,-260.9274454997987,H,Episodic Diversifiyng
0.8369211237708427,0.0,0.4905343585049747,0.497976314418834,0.5094656414950254,0.0,0.6666666666666666,0,7.051674286813914,-221.5546184243677,-221.1568660522974,L,Not significant
1.831243072625802,0.0,0.4320449870853854,1.073883240468508,0.5679550129146146,0.0,0.6666666666666666,0,16.20392941072773,-357.3530701144904,-355.4911191433083,A,Not significant
0.4239352626021046,0.03598271770213433,0.9645007931732231,3.276654626312078,0.03549920682677687,2.207243387996982,0.1628206722536838,2,3.890099277367857,-150.8227735141766,-146.7867330967181,P,Not significant
1.071539132439523,0.2421829829837392,0.9661760086421561,4.891683585411703,0.03382399135784386,1.177615513813805,0.2868483990441799,1,10.08300552774831,-207.0799156321059,-206.2200211771686,Y,Not significant
1.010208140918585,0.0,0.4475659372003045,0.6732420772025796,0.5524340627996955,0.0,0.6666666666666666,0,9.440001016606749,-260.0220965977052,-259.0057931931807,S,Not significant
2.401728009009253,0.3348543367494732,0.9999999999991938,0.2999214359713225,8.062439604827887e-13,0.0,0.6666666666666666,0,14.68011203557523,-234.0082448230044,-234.0087210136848,D,Not significant
0.8733136756991902,0.4104380645086156,0.7512271743576464,1.647687683291217,0.2487728256423536,0.2574241539532522,0.5059518653974693,0,13.76660217039677,-317.5563841801135,-317.2409465718131,E,Not significant
0.8947119173536753,0.3937788381895079,0.929411638143818,0.4022534321072843,0.070588361856182,0.0,0.6666666666666666,0,9.27890636450036,-230.8223574907404,-230.8224141192075,L,Not significant
0.9101717689152153,0.09154480650720818,0.9440643308626728,3.287263581508354,0.05593566913732717,1.412604940083213,0.2513246567084187,2,7.589628590699358,-220.3474416838637,-217.3097649814761,R,Not significant
0.7401655755271687,0.1561011159686832,0.6109665049554613,1.930185711620654,0.3890334950445387,2.471588354428491,0.1413309744536738,0,15.02449123355716,-304.590696029641,-302.5551403110011,Q,Not significant
0.6386156997283108,0.09610669220505716,0.8941765801195071,3.173237268120022,0.1058234198804929,4.999169601811218,0.03771817687966095,7,8.60476230287889,-207.3909424622317,-199.5977844628363,R,Episodic Diversifiyng
0.651655257071764,0.5394145218555425,0.99999999999049,0.5554849700403685,9.509948384334166e-12,0.0,0.6666666666666666,0,10.32162081394768,-247.6083715775433,-247.6083738957877,L,Not significant
0.660666734167572,0.1266137735470483,0.8553886747288714,4.729584759643453,0.1446113252711286,11.04179773713338,0.001734732551366469,7,13.93179259644573,-299.0852304876518,-287.011379919821,A,Episodic Diversifiyng
1.475715041146962,0.2023076082110666,0.8453648482913126,7.02915335442449,0.1546351517086874,1.964912136593284,0.1855731789073623,3,23.88888629803125,-300.5391661133176,-292.0539977540088,A,Not significant
1.112068146639531,0.106222503796157,0.9048601094454273,3.824780736483544,0.09513989055457273,3.774547953368824,0.071155593244567,5,11.1066172876053,-262.1992983291612,-255.7892470214677,R,Episodic Diversifiyng
0.8990450671829837,0.0,0.3730918266584932,0.7168481675093821,0.6269081733415067,0.0,0.6666666666666666,0,10.07434459283193,-261.9960698239157,-261.6647190941467,L,Not significant
1.016938188716785,0.2578297964388402,0.9803159718775615,3649.250598143777,0.01968402812243852,9.239938852092621,0.004323180927673698,3,1022.826705261071,-218.9992874816389,-212.7463972995443,E,Episodic Diversifiyng
1.537946205980056,0.4760033788043863,0.9552750919312416,389.4734856921074,0.0447249080687584,5.126776598297056,0.03531702489206956,1,258.9426045287739,-323.4194650066589,-318.3946393062866,A,Episodic Diversifiyng
0.710753689075895,0.3124029897067451,0.9438257083722719,0.3306135639799245,0.05617429162772813,0.0,0.6666666666666666,0,7.373017609476821,-213.8131470550987,-213.8133026125994,L,Not significant
1.260472596605585,0.2628826088243825,0.9153951566131812,0.2760695682549877,0.08460484338681884,0.0,0.6666666666666666,0,8.951591580390424,-228.5250437534346,-228.5251203972236,K,Not significant
1.277654532466451,0.3508617597827663,0.8447712980268138,3.37289235120712,0.1552287019731862,1.003349632262029,0.3169728219830585,0,16.87905234576462,-300.9123300274333,-299.2389040334238,E,Not significant
1.244012319152165,0.4149175805661384,0.9389539537371114,5.600591975984324,0.06104604626288856,1.813005755370568,0.20155369154092,0,15.48933507671652,-318.4868342592724,-316.9311386082942,N,Not significant
0.6584484306917704,0.2984380854183456,0.9190736921945954,3.93229979340339,0.08092630780540455,1.985271981924598,0.1835369539413417,0,11.1000844613857,-289.8322489930105,-288.0598421258547,G,Not significant
0.5398647483703456,0.0,0.06625027023883964,0.9943320099195766,0.9337497297611603,2.825466503598477,0.1171088385774676,8,15.35605002581004,-321.6326713886214,-321.6062002686119,G,Not significant
0.7305722892206666,0.1106691273130204,0.9738431998146898,26.71561018482815,0.02615680018531019,3.368015582314229,0.08800592555491049,2,14.42361757818152,-182.8158326376001,-180.3660716152987,A,Episodic Diversifiyng
1.534819729664958,0.0,0.5716412653253443,1.721051687395462,0.4283587346746557,0.06841192534784568,0.5924355252438795,13,16.77508906132097,-301.8271335630438,-297.5534397127383,R,Not significant
1.475683250398173,0.1829493188095545,0.892108826046005,4.407281160423338,0.1078911739539949,2.394355734349006,0.1472821611138828,2,15.1381099933898,-323.3111815610243,-319.1584272560003,L,Not significant
1.501180998537658,0.06957865657997064,0.7074360489149351,1.601575378973467,0.2925639510850649,-0.01044155052159113,0.6666666666666666,3,13.53486352797852,-311.0785268361003,-308.3717634644439,A,Not significant
0.9027200511264932,0.1831246408979616,0.8673778177897598,2.389356918047249,0.1326221822102402,1.009548132858981,0.3158387141269378,0,10.46151789851165,-235.2991000035792,-232.8616622293417,E,Not significant
1.280709620629439,0.0,0.8081521072811526,1.543928875199472,0.1918478927188474,0.07664412604805193,0.5874504101478926,8,9.490445469562394,-172.6173325174741,-169.2147417024711,Y,Not significant
1.511003214370704,0.0,0.4612707819408067,0.7212927545244391,0.5387292180591934,0.0,0.6666666666666666,0,11.74979054068819,-236.3946506352342,-235.5614468398475,H,Not significant
0.7195083719463792,0.3692307098016543,0.9911751157699626,40.66658678317572,0.008824884230037355,2.110766477433401,0.1715014500803491,1,13.22303377218332,-235.3809282201563,-233.8067929180085,A,Not significant
1.448834757999475,0.0,0.474028094928253,0.5022958964317271,0.5259719050717471,0.0,0.6666666666666666,0,9.73457759430615,-170.2102314693724,-169.6301013985026,K,Not significant
0.7640228877324213,0.5471577495236489,0.8787546034654915,0.5680109253158504,0.1212453965345085,0.0,0.6666666666666666,0,10.93221166452797,-262.500942553641,-262.5010176735908,A,Not significant
1.004541069233787,0.2693728787729141,0.7425509215883487,5.929905351011729,0.2574490784116513,9.99044231783887,0.002954479743078497,6,28.56022335981137,-407.7880164869272,-395.9745614570551,T,Episodic Diversifiyng
1.053790823039821,0.09679744891834355,0.7769965440545004,3.05257760389082,0.2230034559454996,1.90317378457479,0.1918972414862102,5,15.04710408114384,-248.2871943407363,-242.1531726834817,E,Not significant
0.953393090476039,0.4664361398421922,0.9714424169622796,13.00637780019814,0.02855758303772038,1.535858077951957,0.2346940257012705,0,15.60061179370052,-305.1783900015404,-304.1841499942568,H,Not significant
0.7899708621192527,0.2236263868535922,0.9757825116391707,3.140790850772426,0.02421748836082926,0.4159301168543834,0.4535121093131211,0,7.430498594660463,-197.8311766053247,-197.3890763903319,L,Not significant
1.749646971733361,0.08333544384122168,0.507162624307131,2.00278018087858,0.492837375692869,0.07870578674612716,0.5862352066059817,3,21.79229087107577,-410.9930957804805,-406.8726757178516,S,Not significant
1.524692468313289,0.0,0.3660516936862582,1.516523349595538,0.6339483063137419,0.0,0.6666666666666666,0,19.90083952386465,-372.3251020206229,-370.4443557243858,T,Not significant
0.9758296481937353,0.2388614223067564,0.9349316988697647,4.746036955983456,0.06506830113023532,2.06256414959455,0.176021622692943,2,11.56154868813706,-283.4314301596155,-280.9670944762792,L,Not significant
2.290761836905634,0.4575244412673306,0.9804995255343729,0.4640211103436467,0.01950047446562708,0.0,0.6666666666666666,0,15.95568846555866,-332.5371166610696,-332.5371495969138,S,Not significant
0.8538545153315852,0.2961899485944627,0.9283393026021485,3.648834523140297,0.07166069739785152,1.13109134398502,0.2945478360442946,0,11.11717062238444,-225.8165829348117,-224.3100059551771,E,Not significant
0.7337076314885042,0.3338700544458199,0.9749923083077655,8.55510063567563,0.02500769169223449,2.289668436056616,0.1557727712576328,3,10.66219520234469,-242.5528061144253,-241.1628736004603,K,Not significant
0.8367630954997506,0.7456079850314079,0.9999999999986231,0.789754357970833,1.376898595140119e-12,0.0,0.6666666666666666,0,14.00204604839857,-323.3059152708124,-323.3059986434095,A,Not significant
1.248875646081592,0.5200491348454194,0.9805269933330009,67.25007854888945,0.01947300666699914,6.600308766006492,0.0165805729009002,1,30.88380071293584,-318.9285265028412,-315.5512333287422,K,Episodic Diversifiyng
0.9926755970360701,0.1152056567318548,0.960951389786598,4.637287418422391,0.039048610213402,0.6306923484441995,0.3956270783337275,2,8.235004176589227,-222.9265093292481,-220.8093247378243,P,Not significant
1.416263087943139,0.5582011369055532,0.984451536567977,16.1754273671231,0.01554846343202299,0.5751154004908585,0.409504201255845,0,17.18551724618034,-298.2287924155959,-297.9344488732125,A,Not significant
0.7494988662151282,0.3190948842097176,0.7266812933137328,1.022750150866581,0.2733187066862672,0.03789439853642307,0.6134813650697202,0,10.33127830534053,-275.6085456695441,-275.5282160045628,L,Not significant
0.6359913812004009,0.3180791957412343,0.9496959261197849,9999.999985984523,0.05030407388021507,12.82859663976899,0.0007029970803398289,4,7115.269763667813,-264.6543985416605,-256.3633269395176,E,Episodic Diversifiyng
1.191511557659974,0.1724124651576701,0.9070501748640746,4.849222417579702,0.09294982513592542,2.228909247157219,0.1609360254385046,1,13.51454298161034,-234.1122844452269,-229.3991708526146,D,Not significant
0.983052968524456,0.2972557220834851,0.9501005233127638,0.3193110306883613,0.04989947668723616,0.0,0.6666666666666666,0,8.287979430016463,-214.6820083230138,-214.682260857807,L,Not significant
0.7964157100834957,0.2619488219424047,0.9341869820357844,4.677343216630043,0.06581301796421557,1.231577314931826,0.2782088691958133,0,11.10670537867734,-254.4248105224427,-252.4987082304696,R,Not significant
1.454670054840264,0.0,0.567500615717853,1.752858979923087,0.432499384282147,0.1545800590187127,0.547653405086421,10,16.73818801966651,-290.3177294329415,-285.3005367404418,Q,Not significant
0.6652791075736574,0.2291230830749402,0.9622461282618271,21.01024530024806,0.03775387173817291,10.80955017903739,0.001951124103694135,5,17.07995655885545,-249.5411173940998,-242.0217190816849,G,Episodic Diversifiyng
1.473010428133273,0.0,0.4869237653293581,0.76261835083679,0.5130762346706419,0.0,0.6666666666666666,0,11.63056947898914,-263.629596103684,-262.6545530889469,L,Not significant
0.8588996178062349,0.04436318129068424,0.5733378593206878,2.776247397749247,0.4266621406793122,5.733363142845633,0.02585238230685161,5,20.65532923627836,-357.7305017615063,-353.1168201246466,L,Episodic Diversifiyng
0.7304143760226507,0.03924001379725788,0.9548500287430353,5.0751196353635,0.04514997125696474,6.170622048502992,0.02065913265406971,4,6.792906280364681,-211.3406702107471,-200.4761737081128,P,Episodic Diversifiyng
1.19009056994843,0.0,0.4199837257697775,1.175083559835399,0.5800162742302225,0.0,0.6666666666666666,0,14.56064480386425,-312.3325872153675,-310.9934883013982,V,Not significant
1.354796337744568,0.0,0.2769653443141074,1.209709298490351,0.7230346556858926,0.0,0.6666666666666666,0,17.97145766896632,-386.0924222495942,-385.2919206802743,L,Not significant
1.349477717019615,0.1288946093068833,0.9342226265565393,4.350080930006492,0.06577737344346068,0.8928188445401588,0.3380523348742056,2,11.33467943279079,-188.1883999970118,-185.0344504056247,E,Not significant
0.6590080487876626,0.4883665710330818,0.9290619549661085,5.360077191516211,0.07093804503389145,2.545658535548796,0.13586000894187,1,14.51418605709339,-318.2450125245954,-316.4233863268527,S,Not significant
0.9872856948540364,0.6842995737070366,0.7619386940253262,1.140577655669382,0.2380613059746738,0.005912038121323349,0.6471977619961738,0,15.29411640502512,-336.3963310591382,-336.3839096474404,F,Not significant
0.943552692894858,0.1373282387671689,0.9910373712539102,6.726114215939372,0.008962628746089774,1.519677274292349,0.2368058636139304,1,6.683372038165838,-151.2659244376782,-149.8687710610903,K,Not significant
0.566113702283054,0.4229882354041903,0.8476402893753877,12.52425473678436,0.1523597106246123,21.76268368726141,7.821113104822253e-06,3,34.37569097849349,-412.7994144773152,-402.5552299619445,V,Episodic Diversifiyng
1.008250242165008,0.3713491994119013,0.9090081555680335,7.400406087193476,0.0909918444319665,3.852916557531103,0.06830770425736443,2,18.4616712157133,-340.2658891821641,-334.3334518557833,S,Episodic Diversifiyng
1.083049481717783,0.6824460141528107,0.8862172686004877,0.7667406024531068,0.1137827313995123,0.0,0.6666666666666666,0,14.26520810572537,-321.1903036387026,-321.1912879956515,F,Not significant
1.008552657410064,0.6947837006148939,0.7189980287782589,3.191851368320269,0.2810019712217411,1.23335626203459,0.2779292046094679,0,23.91075024203111,-375.1235407897641,-374.736205710596,L,Not significant
0.8840354235787563,0.2996920490473574,0.7635332495498754,6.412039687807029,0.2364667504501246,10.61981258338983,0.002147856766749778,3,28.32089612560611,-437.3850050272201,-431.1813350072453,S,Episodic Diversifiyng
1.393477946537142,0.05416220263450997,0.5787385084285708,2.072909896724637,0.4212614915714292,0.4930960145708241,0.4313125877946297,4,18.5544925708413,-363.3282110322593,-359.2744589665211,A,Not significant
1.747206439652479,0.001664505110710801,0.6356459501791142,3.260653248020854,0.3643540498208858,2.091771058473114,0.1732678154349286,15,24.04001050617152,-372.3821341989654,-362.4918384278287,L,Not significant
4.583587783939223,0.4232475861985651,0.8951236881259831,4.671692229923411,0.1048763118740169,0.0008830908456047837,0.6593926657883139,0,31.26293704889584,-336.3642743462368,-334.3338823369322,E,Not significant
0.480506777329124,0.4805067773290433,0.957711598505664,30.89448500863419,0.04228840149433599,11.74859286481831,0.001213283821443256,2,26.95472775137344,-301.0076275750175,-295.3430369899373,E,Episodic Diversifiyng
0.8667787658033066,0.4318103102825916,0.9692049766950671,50.88634246181617,0.03079502330493289,8.83623380988945,0.005306792694840579,3,31.64786975146456,-309.818472199983,-304.7485382385678,Y,Episodic Diversifiyng
0.5326191249156093,0.30440571495922,0.6863686900971082,3.962936919840725,0.3136313099028918,12.60874064351412,0.000785559713723516,1,22.72179166186295,-410.4351014655916,-405.1306820323657,T,Episodic Diversifiyng
0.4846674133679583,0.2950619027300845,0.9599509087419517,802.2602022966366,0.04004909125804834,16.63726498339418,0.0001030166458705351,5,460.0296323880236,-266.6228724517924,-256.4420824121555,K,Episodic Diversifiyng
0.8935708237819583,0.387406146736736,0.901706455808226,8.475489910858432,0.09829354419177405,4.082981130405756,0.06060133199982654,2,20.40975006888435,-344.4097587330867,-339.0237925402074,K,Episodic Diversifiyng
0.7633391082721308,0.5291489817553854,0.9613697277166147,132.2015068669049,0.03863027228338534,8.481336074156502,0.006355681218401799,2,82.51602625164331,-320.5092729064747,-314.9753283260184,L,Episodic Diversifiyng
0.7060593490507607,0.500264734528558,0.7751956970681672,6.225966198065009,0.2248043029318328,7.569354276367676,0.01011034329048854,1,28.18238391524037,-410.6582297061691,-405.8118122184172,N,Episodic Diversifiyng
0.81875064998919,0.04512882001966479,0.4657979679837326,2.269184646383442,0.5342020320162675,5.471284784909813,0.02957861157257879,4,20.81783812465534,-366.7609297906435,-363.3384006540319,T,Episodic Diversifiyng
0.980708383861163,0.04697727737974283,0.7488227901653721,5.735691843253027,0.2511772098346279,6.563671568878021,0.01689416444761682,7,24.91723171994175,-247.215324200447,-236.3879682947804,Q,Episodic Diversifiyng
