Site,Residue,Conservation,Entropy,Omega,Selection_type,Episodic_Selection,Helix_face,Repeat_site
1,M,-1.965,0.3424239777666834,3.217000771353925e-06,Purifiyng,Not_significant,Signal_peptide,Signal_peptide
2,K,-0.820,1.3691766527302622,0.3465397085212807,Purifiyng,Diversifiyng,Signal_peptide,Signal_peptide
3,A,-0.774,1.811907216569882,0.22430933360401217,Purifiyng,Not_significant,Signal_peptide,Signal_peptide
4,A,-0.408,1.8467901181898663,0.5169783626238873,Purifiyng,Diversifiyng,Signal_peptide,Signal_peptide
5,V,-0.728,2.1236581811579356,0.557846216577609,Purifiyng,Diversifiyng,Signal_peptide,Signal_peptide
6,L,-0.743,1.2191677758706685,0.23587394816585008,Purifiyng,Not_significant,Signal_peptide,Signal_peptide
7,T,-0.629,2.145632679607627,0.634448615644308,Neutral,Diversifiyng,Signal_peptide,Signal_peptide
8,L,-0.913,1.2003465750044717,0.21851271756127205,Purifiyng,Diversifiyng,Signal_peptide,Signal_peptide
9,A,-1.119,1.5786450590850047,0.275470796356795,Purifiyng,Not_significant,Signal_peptide,Signal_peptide
10,V,-0.546,1.9060409120478803,0.4954496516401176,Purifiyng,Not_significant,Signal_peptide,Signal_peptide
11,L,-1.181,0.9095804959501319,0.21203914165534019,Purifiyng,Not_significant,Signal_peptide,Signal_peptide
12,F,-1.062,1.571634220062744,0.3623151242692835,Purifiyng,Diversifiyng,Signal_peptide,Signal_peptide
13,L,-1.060,1.7528650961159062,0.2709718669882763,Purifiyng,Diversifiyng,Signal_peptide,Signal_peptide
14,T,-1.311,1.9715555249807035,0.26814824411707755,Purifiyng,Diversifiyng,Signal_peptide,Signal_peptide
15,G,-1.934,0.39278268967871666,0.03372633223776875,Purifiyng,Not_significant,Signal_peptide,Signal_peptide
16,S,-1.422,1.7120678784036352,0.2651899391542599,Purifiyng,Not_significant,Signal_peptide,Signal_peptide
17,Q,-1.643,0.636167446390973,0.15305056914507642,Purifiyng,Not_significant,Signal_peptide,Signal_peptide
18,A,-1.965,0.4002193586899287,0.04702724082488763,Purifiyng,Not_significant,Signal_peptide,Signal_peptide
19,R,-0.919,1.9524897068129476,0.46318467191465484,Purifiyng,Diversifiyng,Signal_peptide,Signal_peptide
20,H,0.150,2.621239304184931,0.742540454807463,Neutral,Diversifiyng,Signal_peptide,Signal_peptide
21,F,-0.238,1.9086158664516493,0.5758109743023775,Neutral,Diversifiyng,Signal_peptide,Signal_peptide
22,W,-1.387,1.1521430640037922,0.039475701063429985,Purifiyng,Not_significant,Signal_peptide,Signal_peptide
23,Q,-1.680,0.805382606482068,0.1773091157136003,Purifiyng,Diversifiyng,Signal_peptide,Signal_peptide
24,Q,-0.298,2.5396129377305243,0.723752380036132,Neutral,Not_significant,Signal_peptide,Signal_peptide
25,D,-1.536,0.8966784672820265,0.25538159709346736,Purifiyng,Not_significant,N-terminus,N-terminus
26,E,-0.610,2.08949249844298,0.20680134772118583,Purifiyng,Not_significant,N-terminus,N-terminus
27,P,-1.018,0.5142149716228006,0.18426545485372128,Purifiyng,Not_significant,N-terminus,N-terminus
28,P,-1.487,0.6218585970509473,0.08758802241070676,Purifiyng,Not_significant,N-terminus,N-terminus
29,Q,-1.276,1.4193654544856245,0.09669972121398933,Purifiyng,Not_significant,N-terminus,N-terminus
30,S,-0.906,1.6291323784290583,0.5027107555356062,Purifiyng,Diversifiyng,N-terminus,N-terminus
31,P,-0.261,2.39343759819891,0.4120422125132939,Purifiyng,Diversifiyng,N-terminus,N-terminus
32,W,0.027,1.945294495212259,0.3825685124986732,Purifiyng,Not_significant,N-terminus,N-terminus
33,D,-0.648,1.8871149300825785,0.26109793650149565,Purifiyng,Not_significant,N-terminus,N-terminus
34,R,-0.491,2.079334343795924,0.4095260558566311,Purifiyng,Diversifiyng,N-terminus,N-terminus
35,V,0.241,2.392322995841466,0.5161781180188137,Purifiyng,Diversifiyng,N-terminus,N-terminus
36,K,-0.848,1.5477714173622925,0.1700251566480675,Purifiyng,Not_significant,N-terminus,N-terminus
37,D,-0.706,2.0374340906241533,0.419847346555863,Purifiyng,Not_significant,N-terminus,N-terminus
38,L,0.038,2.7928616817667944,0.3963657549049115,Purifiyng,Not_significant,N-terminus,N-terminus
39,A,0.755,2.3668486635066275,0.4528967641022741,Purifiyng,Not_significant,N-terminus,N-terminus
40,T,0.652,3.1000037673048717,0.5229238011746054,Purifiyng,Not_significant,N-terminus,N-terminus
41,V,-0.461,1.9758234973478646,0.5982448722365192,Purifiyng,Diversifiyng,N-terminus,N-terminus
42,Y,-1.837,0.30734507566082325,0.02662574604738604,Purifiyng,Not_significant,N-terminus,N-terminus
43,V,-0.484,1.8509831326593351,0.5561247825154776,Purifiyng,Not_significant,N-terminus,N-terminus
44,D,0.214,2.5535220931347102,0.368199338610043,Purifiyng,Not_significant,N-terminus,N-terminus
45,V,-0.657,2.543972799701262,0.2724785948713175,Purifiyng,Not_significant,N-terminus,N-terminus
46,L,0.295,1.9850583143085483,0.7172078216441077,Neutral,Not_significant,N-terminus,N-terminus
47,K,-1.088,0.9753047990992328,0.2346814133633013,Purifiyng,Not_significant,N-terminus,N-terminus
48,D,0.368,2.302783264663493,0.2559812000661429,Purifiyng,Not_significant,N-terminus,N-terminus
49,S,0.118,2.479257768646891,0.32501801576254713,Purifiyng,Not_significant,N-terminus,N-terminus
50,G,-0.741,1.9310495613797143,0.5764994305739232,Purifiyng,Not_significant,N-terminus,N-terminus
51,R,0.228,2.6660352183859644,0.9946375813488095,Neutral,Diversifiyng,N-terminus,N-terminus
52,D,0.421,2.5208455992809937,0.6831156385716805,Neutral,Not_significant,N-terminus,N-terminus
53,Y,-0.785,2.140082335631826,0.3619442461748059,Purifiyng,Not_significant,N-terminus,N-terminus
54,V,-0.681,1.8532656599332984,0.38156042167872156,Purifiyng,Not_significant,N-terminus,N-terminus
55,S,0.755,2.7338625522299296,1.0935818900348617,Neutral,Not_significant,N-terminus,N-terminus
56,Q,-0.631,1.9075247390869772,0.23201208250064986,Purifiyng,Not_significant,N-terminus,N-terminus
57,F,-0.617,1.3883903228686312,0.18999870612709108,Purifiyng,Not_significant,N-terminus,N-terminus
58,E,-1.382,1.3141823860638773,0.2577925571373616,Purifiyng,Diversifiyng,N-terminus,N-terminus
59,G,0.139,2.710423721400648,1.0243763459692272,Neutral,Diversifiyng,N-terminus,N-terminus
60,S,-1.486,1.5063953408655721,0.19845212378035426,Purifiyng,Not_significant,N-terminus,N-terminus
61,A,-0.091,2.4695551005904575,0.40919604701439055,Purifiyng,Not_significant,N-terminus,N-terminus
62,L,-0.095,2.3101873698216235,0.5699170157610447,Neutral,Not_significant,N-terminus,N-terminus
63,G,-1.138,1.3815790889782071,0.2196334862489511,Purifiyng,Not_significant,N-terminus,N-terminus
64,K,-0.712,1.666164870926183,0.36149054508074857,Purifiyng,Not_significant,N-terminus,N-terminus
65,Q,-0.531,2.111748581581519,0.15758705597701972,Purifiyng,Not_significant,N-terminus,N-terminus
66,L,-0.874,1.504949932075366,0.20488358214263536,Purifiyng,Not_significant,N-terminus,N-terminus
67,N,-1.429,1.9931173071049628,0.10292944835273242,Purifiyng,Not_significant,N-terminus,N-terminus
68,L,0.148,2.0601407954498567,0.9919076966282679,Neutral,Diversifiyng,Hydrophilic,1
69,K,0.373,2.4988024395436925,0.3004070830856328,Purifiyng,Not_significant,Hydrophilic,2
70,L,-0.305,1.2550751034841217,0.48287211282704967,Purifiyng,Not_significant,Hydrophobic,3
71,L,0.350,2.5909640702340293,1.0101658222932672,Neutral,Diversifiyng,Hydrophilic,4
72,D,0.031,2.2584479407547757,0.3994454387988575,Purifiyng,Not_significant,Hydrophilic,5
73,N,-0.945,2.4214816579282132,0.3189650207040568,Purifiyng,Not_significant,Hydrophobic,6
74,W,-0.117,1.8495885902727554,0.2615095457181634,Purifiyng,Not_significant,Hydrophilic,7
75,D,-0.949,1.441854670779765,0.28245537298276513,Purifiyng,Not_significant,Hydrophilic,8
76,S,0.394,2.829527052039623,0.5317327227547721,Purifiyng,Not_significant,Hydrophilic,9
77,V,0.289,1.5312942948191623,0.3605206279138859,Purifiyng,Not_significant,Hydrophobic,10
78,T,0.331,2.962559381076254,0.32318318452036127,Purifiyng,Not_significant,Hydrophilic,11
79,S,0.964,2.970620298133779,0.8086334252284977,Neutral,Diversifiyng,Hydrophilic,12
80,T,-0.167,3.0458178539651164,0.2802082068233371,Purifiyng,Not_significant,Hydrophilic,13
81,F,1.169,2.5384948659905167,0.4786848296592497,Purifiyng,Not_significant,Hydrophobic,14
82,S,0.921,3.2957782584658006,0.8333176187004961,Neutral,Diversifiyng,Hydrophilic,15
83,K,0.559,2.8848222329029185,0.47945321995779183,Purifiyng,Diversifiyng,Hydrophilic,16
84,L,-0.001,2.064092048549669,0.40181004770565304,Purifiyng,Not_significant,Hydrophobic,17
85,R,-0.362,2.597905400328258,0.19680909495281412,Purifiyng,Not_significant,Hydrophilic,18
86,E,0.108,2.300841032509134,0.43237194716188265,Purifiyng,Diversifiyng,Hydrophilic,19
87,Q,0.165,2.649800222172405,0.35295595881504077,Purifiyng,Diversifiyng,Hydrophilic,20
88,L,-0.212,1.809348670409718,0.2471609421299621,Purifiyng,Not_significant,Hydrophobic,21
89,G,-0.043,2.455279018303383,0.6090462533317363,Purifiyng,Diversifiyng,Hydrophilic,22
90,P,-1.452,0.5315651919295998,0.07979443853639018,Purifiyng,Not_significant,Hydrophilic,1
91,V,0.508,2.5258138620936816,0.4486381752489968,Purifiyng,Diversifiyng,Hydrophilic,2
92,T,-0.657,2.4615120194125346,0.5338121665155305,Purifiyng,Diversifiyng,Hydrophobic,3
93,Q,-0.585,2.4390955809677144,0.2876455211430083,Purifiyng,Not_significant,Hydrophilic,4
94,E,0.077,2.666336820738736,0.3101088130378413,Purifiyng,Not_significant,Hydrophilic,5
95,F,0.572,2.1860475604802883,0.2946790145591116,Purifiyng,Not_significant,Hydrophobic,6
96,W,-0.048,2.798834095786258,0.20547254590160055,Purifiyng,Not_significant,Hydrophilic,7
97,D,1.358,2.9121905224872786,0.6510401111811784,Neutral,Not_significant,Hydrophilic,8
98,N,0.040,3.005244961934211,0.6198789696030416,Neutral,Not_significant,Hydrophilic,9
99,L,-0.382,1.8206666473495399,0.24524260957632146,Purifiyng,Not_significant,Hydrophobic,10
100,E,1.234,3.0331524221706427,0.581506137029,Purifiyng,Not_significant,Hydrophilic,11
101,K,-0.093,2.0709877401607835,0.2299743191722021,Purifiyng,Not_significant,Hydrophilic,12
102,E,0.212,2.8379683177570945,1.1393583150953825,Neutral,Diversifiyng,Hydrophilic,13
103,T,-1.265,1.3930302118649196,0.1488101734731914,Purifiyng,Not_significant,Hydrophobic,14
104,E,0.671,2.9285797146816765,0.6301930023796549,Neutral,Diversifiyng,Hydrophilic,15
105,G,2.653,3.5366558413248876,0.6044565843605029,Purifiyng,Diversifiyng,Hydrophilic,16
106,L,-0.015,1.561679182763548,0.7520597335965697,Neutral,Not_significant,Hydrophobic,17
107,R,-1.079,1.262239890760528,0.15684490950528152,Purifiyng,Not_significant,Hydrophilic,18
108,Q,0.955,2.6136886910213653,0.48660923420566843,Purifiyng,Not_significant,Hydrophilic,19
109,E,0.001,2.3481320327472095,0.40404471135454206,Purifiyng,Diversifiyng,Hydrophilic,20
110,M,-0.063,1.9908264824435442,0.2403315332494917,Purifiyng,Not_significant,Hydrophobic,21
111,S,0.534,3.0682336685992224,0.5480048248867617,Purifiyng,Diversifiyng,Hydrophilic,22
112,K,0.658,1.9870318336009327,0.4759851124171602,Purifiyng,Not_significant,Hydrophilic,12
113,D,-1.403,0.8058660575471812,0.05179615987873756,Purifiyng,Not_significant,Hydrophilic,13
114,L,-0.575,1.6187053406479055,0.29214929314722354,Purifiyng,Not_significant,Hydrophobic,14
115,E,-0.359,1.5486282958000324,0.19196664436963698,Purifiyng,Not_significant,Hydrophilic,15
116,E,1.479,2.45685842528272,0.47951421515895915,Purifiyng,Not_significant,Hydrophilic,16
117,V,-0.591,1.6077598957129577,0.5430437934868183,Purifiyng,Not_significant,Hydrophobic,17
118,K,-0.706,1.5748004697826974,0.23679710333078857,Purifiyng,Not_significant,Hydrophilic,18
119,A,1.973,3.060627313679548,0.6006691959488567,Purifiyng,Diversifiyng,Hydrophilic,19
120,K,-0.550,1.9583263656148104,0.10591793531605526,Purifiyng,Not_significant,Hydrophilic,20
121,V,-0.722,2.020189463304216,0.5418239767559684,Purifiyng,Not_significant,Hydrophobic,21
122,Q,-0.492,2.095243860034578,0.35207780477021017,Purifiyng,Not_significant,Hydrophilic,22
123,P,-1.634,0.4065964556387587,0.13826101904491206,Purifiyng,Not_significant,Hydrophilic,1
124,Y,0.803,2.535840946951379,0.2792494106717245,Purifiyng,Not_significant,Hydrophilic,2
125,L,-0.792,1.8001402685835872,0.4528844134613762,Purifiyng,Diversifiyng,Hydrophobic,3
126,D,0.244,2.2868850428149794,0.1921254328035642,Purifiyng,Not_significant,Hydrophilic,4
127,D,1.255,2.668852937490039,0.43209513215382317,Purifiyng,Not_significant,Hydrophilic,5
128,F,-1.111,1.3301530152823884,0.22442731285509893,Purifiyng,Not_significant,Hydrophobic,6
129,Q,-0.322,2.4175813363613585,0.13352310918767923,Purifiyng,Not_significant,Hydrophilic,7
130,K,0.583,2.4882723421657307,0.46692459072734543,Purifiyng,Diversifiyng,Hydrophilic,8
131,K,-1.136,1.9615659797693448,0.14540157943793075,Purifiyng,Not_significant,Hydrophilic,9
132,W,0.061,1.901742194792579,0.15735510042976655,Purifiyng,Not_significant,Hydrophobic,10
133,Q,0.599,2.671892720704116,0.8250729750440543,Neutral,Not_significant,Hydrophilic,11
134,E,-0.182,2.365519195641708,0.244271794952137,Purifiyng,Not_significant,Hydrophilic,12
135,E,-1.083,1.972334438030756,0.1557995565828306,Purifiyng,Not_significant,Hydrophilic,13
136,M,1.175,2.4129457691817864,0.7542052710894995,Neutral,Not_significant,Hydrophobic,14
137,E,0.686,2.1494420461598978,0.1889376487812224,Purifiyng,Not_significant,Hydrophilic,15
138,L,1.350,3.1824955416989957,0.7013688010931713,Neutral,Diversifiyng,Hydrophilic,16
139,Y,-1.219,0.6947359529406737,0.2228965999365314,Purifiyng,Not_significant,Hydrophobic,17
140,R,-1.075,1.3385428201035816,0.15746725777028284,Purifiyng,Not_significant,Hydrophilic,18
141,Q,0.443,2.645827796811702,0.6926339198462441,Neutral,Diversifiyng,Hydrophilic,19
142,K,-0.284,2.009250683103557,0.13038251329112507,Purifiyng,Diversifiyng,Hydrophilic,20
143,V,-0.958,1.616185002343155,0.39443564715615576,Purifiyng,Not_significant,Hydrophobic,21
144,E,1.232,2.586764843829191,0.4971185544246699,Purifiyng,Not_significant,Hydrophilic,22
145,P,-1.654,0.4975060198657263,0.07788916483942866,Purifiyng,Not_significant,Hydrophilic,1
146,L,-0.525,1.7898459742929542,0.7252968239165605,Neutral,Diversifiyng,Hydrophilic,2
147,R,2.015,3.1383486535045297,0.912623857868451,Neutral,Not_significant,Hydrophobic,3
148,A,1.972,3.2459060835277205,0.6598008255976908,Neutral,Not_significant,Hydrophilic,4
149,E,-0.593,1.2109058282742011,0.2537445109077092,Purifiyng,Not_significant,Hydrophilic,5
150,L,-0.389,1.9781285543139313,0.2503662610582697,Purifiyng,Diversifiyng,Hydrophobic,6
151,Q,1.113,3.182697370178087,0.3214107613605268,Purifiyng,Diversifiyng,Hydrophilic,7
152,E,0.673,2.3509857034368897,0.28238352361460567,Purifiyng,Not_significant,Hydrophilic,8
153,G,0.793,3.042074914834043,0.4728300263709162,Purifiyng,Not_significant,Hydrophilic,9
154,A,-0.723,2.5967049924615395,0.5760541196412133,Neutral,Not_significant,Hydrophobic,10
155,R,0.435,2.548727366757018,0.2950094907190774,Purifiyng,Not_significant,Hydrophilic,11
156,Q,0.039,2.263641160342986,0.36015278075910373,Purifiyng,Not_significant,Hydrophilic,12
157,K,-0.475,2.429981557574592,0.2785978429144049,Purifiyng,Not_significant,Hydrophilic,13
158,L,-0.337,2.217687299827182,0.5352262819951252,Neutral,Diversifiyng,Hydrophobic,14
159,H,0.050,2.3639988011748034,0.3755096399660334,Purifiyng,Diversifiyng,Hydrophilic,15
160,E,0.211,2.7034092144336372,0.48741029987517664,Purifiyng,Not_significant,Hydrophilic,16
161,L,-0.079,1.4998234201964669,0.6371918994051343,Neutral,Not_significant,Hydrophobic,17
162,Q,0.017,2.0728344163396413,0.16776365593029371,Purifiyng,Not_significant,Hydrophilic,18
163,E,1.429,2.7957154725047424,1.3016144319378617,Neutral,Diversifiyng,Hydrophilic,19
164,K,-0.937,1.016763855863616,0.21002471301818612,Purifiyng,Diversifiyng,Hydrophilic,20
165,L,-0.141,1.4605034362517606,0.607258929280256,Neutral,Not_significant,Hydrophobic,21
166,S,1.412,2.9918322319972677,0.6536218086333829,Neutral,Not_significant,Hydrophilic,22
167,P,-1.536,0.6589333109765751,0.08190188605062368,Purifiyng,Diversifiyng,Hydrophilic,1
168,L,0.336,1.9582618194867658,0.610749791147831,Purifiyng,Not_significant,Hydrophilic,2
169,G,-0.020,2.5377242741748187,0.4890656545831666,Purifiyng,Not_significant,Hydrophobic,3
170,E,-0.148,1.9147568004109814,0.21769578292930475,Purifiyng,Not_significant,Hydrophilic,4
171,E,0.449,1.9120031584366473,0.2054410345586647,Purifiyng,Not_significant,Hydrophilic,5
172,M,0.705,2.1643593872999247,0.39613920371921935,Purifiyng,Not_significant,Hydrophobic,6
173,R,-1.316,0.8298497816610979,0.0943287693162428,Purifiyng,Not_significant,Hydrophilic,7
174,D,-0.372,2.1998155171235023,0.26130702193430805,Purifiyng,Diversifiyng,Hydrophilic,8
175,R,-0.439,2.0339231542933707,0.14621604327598,Purifiyng,Diversifiyng,Hydrophilic,9
176,A,0.361,2.6003937913316544,0.655128102609134,Neutral,Diversifiyng,Hydrophobic,10
177,R,-0.633,2.166662594746047,0.37289367064293416,Purifiyng,Diversifiyng,Hydrophilic,11
178,A,2.120,2.939564231014908,1.4463728252212624,Neutral,Diversifiyng,Hydrophilic,12
179,H,-1.371,1.8206964194182493,0.06303400655025959,Purifiyng,Not_significant,Hydrophilic,13
180,V,-0.840,1.599447130921741,0.3239038153306163,Purifiyng,Not_significant,Hydrophobic,14
181,D,-0.726,1.4946149898184389,0.06731128292286954,Purifiyng,Not_significant,Hydrophilic,15
182,A,0.315,2.439544947954119,0.34954378279091547,Purifiyng,Not_significant,Hydrophilic,16
183,L,-1.577,1.7216583013703022,0.23583518514435073,Purifiyng,Not_significant,Hydrophobic,17
184,R,-1.689,1.2466300662784682,0.07844667438461748,Purifiyng,Not_significant,Hydrophilic,18
185,T,0.952,3.0547504516610964,0.8575247363540524,Neutral,Diversifiyng,Hydrophilic,19
186,H,0.119,3.0178077715238922,0.5288263974424553,Neutral,Diversifiyng,Hydrophilic,20
187,L,-0.886,1.040475216386409,0.24633062875906916,Purifiyng,Not_significant,Hydrophobic,21
188,A,0.522,2.817625474062831,0.32896437888960006,Purifiyng,Not_significant,Hydrophilic,22
189,P,-1.417,0.6557500317838929,0.2008418378215566,Purifiyng,Not_significant,Hydrophilic,1
190,Y,-0.361,2.0775972625797214,0.26578682033139683,Purifiyng,Not_significant,Hydrophilic,2
191,S,-0.545,2.5080045411828107,0.3698757559358966,Purifiyng,Not_significant,Hydrophobic,3
192,D,-0.033,1.6592076408498686,0.14718733376569107,Purifiyng,Not_significant,Hydrophilic,4
193,E,0.825,2.9810960665003408,0.6651916766510932,Neutral,Not_significant,Hydrophilic,5
194,L,-0.371,2.0762878426033526,0.44060457633086536,Purifiyng,Not_significant,Hydrophobic,6
195,R,-1.072,1.372702640239773,0.1940435823214525,Purifiyng,Not_significant,Hydrophilic,7
196,Q,1.044,2.8024328457812815,0.897419259688642,Neutral,Not_significant,Hydrophilic,8
197,R,-0.608,2.257496074233697,0.4255939561708933,Purifiyng,Diversifiyng,Hydrophilic,9
198,L,0.909,1.7657296466766117,0.8011882329698844,Neutral,Not_significant,Hydrophobic,10
199,A,-0.071,2.7749129702644746,0.6164652192440822,Purifiyng,Diversifiyng,Hydrophilic,11
200,A,1.252,2.8934143543415094,0.4007493543086847,Purifiyng,Not_significant,Hydrophilic,12
201,R,-0.595,2.075961485591669,0.19638743222893199,Purifiyng,Diversifiyng,Hydrophilic,13
202,L,0.243,1.5650703021353536,0.39739800887141036,Purifiyng,Not_significant,Hydrophobic,14
203,E,-0.299,2.0337024948036713,0.22224007215012465,Purifiyng,Diversifiyng,Hydrophilic,15
204,A,1.203,2.7530081335787315,0.43787902309064874,Purifiyng,Diversifiyng,Hydrophilic,16
205,L,-0.195,1.3701872568447904,0.5328292403864413,Purifiyng,Not_significant,Hydrophobic,17
206,K,-0.342,1.5845012829490646,0.17946591256374284,Purifiyng,Not_significant,Hydrophilic,18
207,E,1.039,2.5708560786434873,0.4542496633959151,Purifiyng,Not_significant,Hydrophilic,19
208,N,0.698,3.3516315998993593,0.3940241143879853,Purifiyng,Not_significant,Hydrophilic,20
209,G,0.440,2.687124204134632,0.5963546668839749,Purifiyng,Not_significant,Hydrophobic,21
210,G,2.420,3.3751138063521036,1.2426114505040127,Neutral,Not_significant,Hydrophilic,22
211,A,-0.780,1.8476992952476134,0.25095856753528684,Purifiyng,Diversifiyng,Hydrophilic,1
212,R,1.145,3.258632095640343,0.43320121071090517,Purifiyng,Not_significant,Hydrophilic,2
213,L,-0.410,2.4322230683824495,0.28387991083035535,Purifiyng,Not_significant,Hydrophobic,3
214,A,-0.185,2.548746213549976,0.26603983729158825,Purifiyng,Not_significant,Hydrophilic,4
215,E,-0.171,1.4685587507254465,0.34167723362811714,Purifiyng,Not_significant,Hydrophilic,5
216,Y,-0.498,1.0837206595055784,0.19999721278076854,Purifiyng,Not_significant,Hydrophobic,6
217,H,-0.201,2.430525456777004,0.2302771925456068,Purifiyng,Not_significant,Hydrophilic,7
218,A,-0.448,2.4035976072132788,0.48952960491850933,Purifiyng,Not_significant,Hydrophilic,8
219,K,-0.626,2.0183048664523833,0.1464646949170951,Purifiyng,Not_significant,Hydrophilic,9
220,A,0.428,2.441979687471651,0.6803132828049779,Neutral,Not_significant,Hydrophobic,10
221,T,2.009,3.5790380679690306,0.7461695262572218,Neutral,Diversifiyng,Hydrophilic,11
222,E,0.357,2.481267423305543,0.44227188734547723,Purifiyng,Not_significant,Hydrophilic,12
223,H,0.363,2.69270409795207,0.4930507871795011,Purifiyng,Not_significant,Hydrophilic,13
224,L,-0.506,1.8126766313033102,0.3867584954012672,Purifiyng,Not_significant,Hydrophobic,14
225,S,2.116,3.1053581646618986,0.46911401792329205,Purifiyng,Not_significant,Hydrophilic,15
226,T,1.657,3.330770105155583,0.5440329098411607,Purifiyng,Not_significant,Hydrophilic,16
227,L,-0.154,2.184833888058251,0.3334912325970123,Purifiyng,Not_significant,Hydrophobic,17
228,S,0.253,2.6183998946930265,0.17714316380793863,Purifiyng,Not_significant,Hydrophilic,18
229,E,0.024,1.9044014475576232,0.41554708999004464,Purifiyng,Not_significant,Hydrophilic,19
230,K,0.325,2.2134059246402353,0.5197835105608813,Purifiyng,Not_significant,Hydrophilic,20
231,A,1.347,3.0183535763123306,0.8989050286498991,Neutral,Not_significant,Hydrophobic,21
232,K,1.070,2.963515118885289,0.41493388362495853,Purifiyng,Diversifiyng,Hydrophilic,22
233,P,-0.769,1.6015841597166744,0.1568623269331887,Purifiyng,Not_significant,Hydrophilic,12
234,A,0.968,3.262086836060094,0.38605037522381924,Purifiyng,Not_significant,Hydrophilic,13
235,L,0.287,2.3374698823576217,0.5907540718203035,Purifiyng,Not_significant,Hydrophobic,14
236,E,0.497,2.469400361301051,0.5436513400012394,Purifiyng,Diversifiyng,Hydrophilic,15
237,D,-0.184,2.229054068409746,0.31369410495751915,Purifiyng,Not_significant,Hydrophilic,16
238,L,-0.342,1.750582781354504,0.2927240699970542,Purifiyng,Not_significant,Hydrophobic,17
239,R,0.140,2.242948229398737,0.4532948445769497,Purifiyng,Not_significant,Hydrophilic,18
240,Q,0.761,2.8027646213479005,0.38211039826052257,Purifiyng,Not_significant,Hydrophilic,19
241,G,0.180,2.713845235971074,0.3748107319456164,Purifiyng,Diversifiyng,Hydrophilic,20
242,L,-0.212,1.8708606099627596,0.23347677808700731,Purifiyng,Not_significant,Hydrophobic,21
243,L,2.412,3.4527924113328097,0.9957341571919583,Neutral,Diversifiyng,Hydrophilic,22
244,P,-1.182,1.0255342633428017,0.19788031093267497,Purifiyng,Diversifiyng,Hydrophilic,1
245,V,0.599,2.7112544143947868,0.4919666959185725,Purifiyng,Not_significant,Hydrophilic,2
246,L,1.452,3.0328929660831547,0.46134803636113414,Purifiyng,Not_significant,Hydrophobic,3
247,E,-0.718,1.2848807181502857,0.186464117988383,Purifiyng,Not_significant,Hydrophilic,4
248,S,1.080,2.951441891942463,0.8181080361271685,Neutral,Not_significant,Hydrophilic,5
249,F,1.556,2.4267363949299536,0.6378473267300426,Neutral,Not_significant,Hydrophobic,6
250,K,-1.113,1.0315008934019003,0.1516245229197359,Purifiyng,Not_significant,Hydrophilic,7
251,V,1.810,3.1430446253314317,1.4240781686618906,Neutral,Diversifiyng,Hydrophilic,8
252,S,0.764,3.1327836124460204,0.5078532207508716,Purifiyng,Diversifiyng,Hydrophilic,9
253,F,2.594,2.103471156183593,0.5788880014938408,Purifiyng,Not_significant,Hydrophobic,10
254,L,3.037,3.3163405276078044,1.1787656532159219,Neutral,Not_significant,Hydrophilic,11
255,S,1.803,2.932737146056317,1.0673209360921323,Neutral,Diversifiyng,Hydrophilic,12
256,A,1.296,3.070562063105325,0.41743367577044826,Purifiyng,Not_significant,Hydrophilic,13
257,L,2.945,3.0909824280398177,0.39894183782861925,Purifiyng,Not_significant,Hydrophobic,14
258,E,1.375,2.5304812621205532,0.15981248402706333,Purifiyng,Not_significant,Hydrophilic,15
259,E,1.189,2.9539401430716365,1.0794460995859458,Neutral,Diversifiyng,Hydrophilic,16
260,Y,0.646,2.5187355386261774,0.666560400706742,Neutral,Diversifiyng,Hydrophobic,17
261,T,1.567,3.136996624658614,1.6064266940550729,Neutral,Diversifiyng,Hydrophilic,18
262,K,0.120,2.119400693620368,0.37221830104778264,Purifiyng,Diversifiyng,Hydrophilic,19
263,K,0.975,3.0772787309600655,0.7141253108498512,Neutral,Diversifiyng,Hydrophilic,20
264,L,1.959,2.6536578239332558,0.654369144872651,Neutral,Diversifiyng,Hydrophobic,21
265,N,2.510,3.3081379757563014,0.9908582010470295,Neutral,Diversifiyng,Hydrophilic,22
266,T,1.804,3.097372168622438,1.1860473558902243,Neutral,Diversifiyng,Hydrophilic,23
267,Q,0.919,2.600060838043328,0.6182547431902277,Neutral,Diversifiyng,Hydrophilic,24
