Residue,Entropy
M,0.3424239777666834
K,1.3691766527302622
A,1.811907216569882
A,1.8467901181898663
V,2.1236581811579356
L,1.2191677758706685
T,2.145632679607627
L,1.2003465750044717
A,1.5786450590850047
V,1.9060409120478803
L,0.9095804959501319
F,1.571634220062744
L,1.7528650961159062
T,1.9715555249807035
G,0.39278268967871666
S,1.7120678784036352
Q,0.636167446390973
A,0.4002193586899287
R,1.9524897068129476
H,2.621239304184931
F,1.9086158664516493
W,1.1521430640037922
Q,0.805382606482068
Q,2.5396129377305243
D,0.8966784672820265
E,2.08949249844298
P,0.5142149716228006
P,0.6218585970509473
Q,1.4193654544856245
S,1.6291323784290583
P,2.39343759819891
W,1.945294495212259
D,1.8871149300825785
R,2.079334343795924
V,2.392322995841466
K,1.5477714173622925
D,2.0374340906241533
L,2.7928616817667944
A,2.3668486635066275
T,3.1000037673048717
V,1.9758234973478646
Y,0.30734507566082325
V,1.8509831326593351
D,2.5535220931347102
V,2.543972799701262
L,1.9850583143085483
K,0.9753047990992328
D,2.302783264663493
S,2.479257768646891
G,1.9310495613797143
R,2.6660352183859644
D,2.5208455992809937
Y,2.140082335631826
V,1.8532656599332984
S,2.7338625522299296
Q,1.9075247390869772
F,1.3883903228686312
E,1.3141823860638773
G,2.710423721400648
S,1.5063953408655721
A,2.4695551005904575
L,2.3101873698216235
G,1.3815790889782071
K,1.666164870926183
Q,2.111748581581519
L,1.504949932075366
N,1.9931173071049628
L,2.0601407954498567
K,2.4988024395436925
L,1.2550751034841217
L,2.5909640702340293
D,2.2584479407547757
N,2.4214816579282132
W,1.8495885902727554
D,1.441854670779765
S,2.829527052039623
V,1.5312942948191623
T,2.962559381076254
S,2.970620298133779
T,3.0458178539651164
F,2.5384948659905167
S,3.2957782584658006
K,2.8848222329029185
L,2.064092048549669
R,2.597905400328258
E,2.300841032509134
Q,2.649800222172405
L,1.809348670409718
G,2.455279018303383
P,0.5315651919295998
V,2.5258138620936816
T,2.4615120194125346
Q,2.4390955809677144
E,2.666336820738736
F,2.1860475604802883
W,2.798834095786258
D,2.9121905224872786
N,3.005244961934211
L,1.8206666473495399
E,3.0331524221706427
K,2.0709877401607835
E,2.8379683177570945
T,1.3930302118649196
E,2.9285797146816765
G,3.5366558413248876
L,1.561679182763548
R,1.262239890760528
Q,2.6136886910213653
E,2.3481320327472095
M,1.9908264824435442
S,3.0682336685992224
K,1.9870318336009327
D,0.8058660575471812
L,1.6187053406479055
E,1.5486282958000324
E,2.45685842528272
V,1.6077598957129577
K,1.5748004697826974
A,3.060627313679548
K,1.9583263656148104
V,2.020189463304216
Q,2.095243860034578
P,0.4065964556387587
Y,2.535840946951379
L,1.8001402685835872
D,2.2868850428149794
D,2.668852937490039
F,1.3301530152823884
Q,2.4175813363613585
K,2.4882723421657307
K,1.9615659797693448
W,1.901742194792579
Q,2.671892720704116
E,2.365519195641708
E,1.972334438030756
M,2.4129457691817864
E,2.1494420461598978
L,3.1824955416989957
Y,0.6947359529406737
R,1.3385428201035816
Q,2.645827796811702
K,2.009250683103557
V,1.616185002343155
E,2.586764843829191
P,0.4975060198657263
L,1.7898459742929542
R,3.1383486535045297
A,3.2459060835277205
E,1.2109058282742011
L,1.9781285543139313
Q,3.182697370178087
E,2.3509857034368897
G,3.042074914834043
A,2.5967049924615395
R,2.548727366757018
Q,2.263641160342986
K,2.429981557574592
L,2.217687299827182
H,2.3639988011748034
E,2.7034092144336372
L,1.4998234201964669
Q,2.0728344163396413
E,2.7957154725047424
K,1.016763855863616
L,1.4605034362517606
S,2.9918322319972677
P,0.6589333109765751
L,1.9582618194867658
G,2.5377242741748187
E,1.9147568004109814
E,1.9120031584366473
M,2.1643593872999247
R,0.8298497816610979
D,2.1998155171235023
R,2.0339231542933707
A,2.6003937913316544
R,2.166662594746047
A,2.939564231014908
H,1.8206964194182493
V,1.599447130921741
D,1.4946149898184389
A,2.439544947954119
L,1.7216583013703022
R,1.2466300662784682
T,3.0547504516610964
H,3.0178077715238922
L,1.040475216386409
A,2.817625474062831
P,0.6557500317838929
Y,2.0775972625797214
S,2.5080045411828107
D,1.6592076408498686
E,2.9810960665003408
L,2.0762878426033526
R,1.372702640239773
Q,2.8024328457812815
R,2.257496074233697
L,1.7657296466766117
A,2.7749129702644746
A,2.8934143543415094
R,2.075961485591669
L,1.5650703021353536
E,2.0337024948036713
A,2.7530081335787315
L,1.3701872568447904
K,1.5845012829490646
E,2.5708560786434873
N,3.3516315998993593
G,2.687124204134632
G,3.3751138063521036
A,1.8476992952476134
R,3.258632095640343
L,2.4322230683824495
A,2.548746213549976
E,1.4685587507254465
Y,1.0837206595055784
H,2.430525456777004
A,2.4035976072132788
K,2.0183048664523833
A,2.441979687471651
T,3.5790380679690306
E,2.481267423305543
H,2.69270409795207
L,1.8126766313033102
S,3.1053581646618986
T,3.330770105155583
L,2.184833888058251
S,2.6183998946930265
E,1.9044014475576232
K,2.2134059246402353
A,3.0183535763123306
K,2.963515118885289
P,1.6015841597166744
A,3.262086836060094
L,2.3374698823576217
E,2.469400361301051
D,2.229054068409746
L,1.750582781354504
R,2.242948229398737
Q,2.8027646213479005
G,2.713845235971074
L,1.8708606099627596
L,3.4527924113328097
P,1.0255342633428017
V,2.7112544143947868
L,3.0328929660831547
E,1.2848807181502857
S,2.951441891942463
F,2.4267363949299536
K,1.0315008934019003
V,3.1430446253314317
S,3.1327836124460204
F,2.103471156183593
L,3.3163405276078044
S,2.932737146056317
A,3.070562063105325
L,3.0909824280398177
E,2.5304812621205532
E,2.9539401430716365
Y,2.5187355386261774
T,3.136996624658614
K,2.119400693620368
K,3.0772787309600655
L,2.6536578239332558
N,3.3081379757563014
T,3.097372168622438
Q,2.600060838043328
