Chromosome,Position,rsID,Reference,Alternate,Source,Filters - exomes,Filters - genomes,Consequence,Protein Consequence,Transcript Consequence,Annotation,Flags,Allele Count,Allele Number,Allele Frequency,Homozygote Count,Hemizygote Count,Allele Count African,Allele Number African,Homozygote Count African,Hemizygote Count African,Allele Count Amish,Allele Number Amish,Homozygote Count Amish,Hemizygote Count Amish,Allele Count Latino,Allele Number Latino,Homozygote Count Latino,Hemizygote Count Latino,Allele Count Ashkenazi Jewish,Allele Number Ashkenazi Jewish,Homozygote Count Ashkenazi Jewish,Hemizygote Count Ashkenazi Jewish,Allele Count East Asian,Allele Number East Asian,Homozygote Count East Asian,Hemizygote Count East Asian,Allele Count European (Finnish),Allele Number European (Finnish),Homozygote Count European (Finnish),Hemizygote Count European (Finnish),Allele Count European (non-Finnish),Allele Number European (non-Finnish),Homozygote Count European (non-Finnish),Hemizygote Count European (non-Finnish),Allele Count Other,Allele Number Other,Homozygote Count Other,Hemizygote Count Other,Allele Count South Asian,Allele Number South Asian,Homozygote Count South Asian,Hemizygote Count South Asian
11,116835846,rs766709243,C,T,gnomAD Genomes,NA,PASS,p.Ala256Thr,p.Ala256Thr,c.766G>A,missense_variant,,3,143362,0.0000209260473486698,0,0,0,42064,0,0,0,898,0,0,0,13670,0,0,0,3324,0,0,0,3134,0,0,0,10484,0,0,3,64586,0,0,0,2152,0,0,0,3050,0,0
11,116835861,rs1186986201,C,G,gnomAD Genomes,NA,PASS,p.Val251Leu,p.Val251Leu,c.751G>C,missense_variant,,1,143360,0.000006975446428571428,0,0,0,42068,0,0,0,900,0,0,0,13670,0,0,0,3324,0,0,0,3134,0,0,0,10488,0,0,1,64572,0,0,0,2152,0,0,0,3052,0,0
11,116835884,,A,C,gnomAD Genomes,NA,PASS,p.Leu243Arg,p.Leu243Arg,c.728T>G,missense_variant,,1,143298,0.000006978464458680512,0,0,0,42050,0,0,0,900,0,0,0,13660,0,0,0,3322,0,0,0,3128,0,0,0,10480,0,0,1,64560,0,0,0,2150,0,0,0,3048,0,0
11,116835884,,A,G,gnomAD Genomes,NA,PASS,p.Leu243Pro,p.Leu243Pro,c.728T>C,missense_variant,,1,143298,0.000006978464458680512,0,0,0,42050,0,0,0,900,0,0,0,13660,0,0,0,3322,0,0,0,3128,0,0,0,10480,0,0,1,64560,0,0,0,2150,0,0,0,3048,0,0
11,116835888,rs368503162,G,T,gnomAD Genomes,NA,PASS,p.Leu242Met,p.Leu242Met,c.724C>A,missense_variant,,6,143378,0.000041847424291034884,0,0,5,42078,0,0,0,900,0,0,0,13670,0,0,0,3324,0,0,0,3134,0,0,0,10488,0,0,0,64578,0,0,1,2154,0,0,0,3052,0,0
11,116835950,rs200394039,G,C,gnomAD Genomes,NA,PASS,p.Thr221Ser,p.Thr221Ser,c.662C>G,missense_variant,,10,143330,0.00006976906439684643,0,0,9,42058,0,0,0,900,0,0,0,13664,0,0,0,3322,0,0,0,3134,0,0,0,10474,0,0,0,64578,0,0,1,2152,0,0,0,3048,0,0
11,116835954,rs759880182,C,G,gnomAD Genomes,NA,PASS,p.Ala220Pro,p.Ala220Pro,c.658G>C,missense_variant,,1,143326,0.000006977101154012531,0,0,0,42056,0,0,0,900,0,0,0,13668,0,0,0,3324,0,0,0,3134,0,0,0,10472,0,0,1,64574,0,0,0,2154,0,0,0,3044,0,0
11,116835960,rs1053223,C,G,gnomAD Genomes,NA,PASS,p.Ala218Pro,p.Ala218Pro,c.652G>C,missense_variant,,2,143330,0.000013953812879369287,0,0,0,42054,0,0,0,900,0,0,0,13664,0,0,0,3322,0,0,0,3134,0,0,0,10478,0,0,2,64576,0,0,0,2154,0,0,0,3048,0,0
11,116835999,rs1338124984,G,C,gnomAD Genomes,NA,PASS,p.Leu205Val,p.Leu205Val,c.613C>G,missense_variant,,1,143344,0.00000697622502511441,0,0,0,42062,0,0,0,900,0,0,0,13662,0,0,0,3322,0,0,0,3130,0,0,0,10482,0,0,0,64582,0,0,0,2154,0,0,1,3050,0,0
11,116836001,rs781353714,G,A,gnomAD Genomes,NA,PASS,p.Ala204Val,p.Ala204Val,c.611C>T,missense_variant,,2,143322,0.000013954591758418107,0,0,1,42048,0,0,0,894,0,0,0,13670,0,0,0,3320,0,0,0,3134,0,0,0,10480,0,0,1,64574,0,0,0,2154,0,0,0,3048,0,0
11,116836010,,C,A,gnomAD Genomes,NA,PASS,p.Arg201Leu,p.Arg201Leu,c.602G>T,missense_variant,,1,143348,0.000006976030359684125,0,0,0,42058,0,0,0,900,0,0,0,13666,0,0,0,3324,0,0,0,3134,0,0,0,10482,0,0,1,64580,0,0,0,2152,0,0,0,3052,0,0
11,116836010,,C,T,gnomAD Genomes,NA,PASS,p.Arg201His,p.Arg201His,c.602G>A,missense_variant,,2,143348,0.00001395206071936825,0,0,0,42058,0,0,0,900,0,0,0,13666,0,0,0,3324,0,0,0,3134,0,0,1,10482,0,0,1,64580,0,0,0,2152,0,0,0,3052,0,0
11,116836017,,C,T,gnomAD Genomes,NA,PASS,p.Ala199Thr,p.Ala199Thr,c.595G>A,missense_variant,,2,143352,0.000013951671410234946,0,0,2,42064,0,0,0,896,0,0,0,13666,0,0,0,3324,0,0,0,3134,0,0,0,10482,0,0,0,64584,0,0,0,2152,0,0,0,3050,0,0
11,116836036,rs772355721,G,C,gnomAD Genomes,NA,PASS,p.Asp192Glu,p.Asp192Glu,c.576C>G,missense_variant,,1,143330,0.000006976906439684643,0,0,0,42056,0,0,0,900,0,0,1,13662,0,0,0,3322,0,0,0,3134,0,0,0,10482,0,0,0,64580,0,0,0,2148,0,0,0,3046,0,0
11,116836037,rs879270792,T,A,gnomAD Genomes,NA,PASS,p.Asp192Val,p.Asp192Val,c.575A>T,missense_variant,,1,143328,0.000006977003795490065,0,0,0,42056,0,0,0,900,0,0,0,13662,0,0,0,3322,0,0,0,3132,0,0,0,10480,0,0,1,64576,0,0,0,2150,0,0,0,3050,0,0
11,116836038,,C,G,gnomAD Genomes,NA,PASS,p.Asp192His,p.Asp192His,c.574G>C,missense_variant,,1,143340,0.000006976419701409236,0,0,1,42056,0,0,0,900,0,0,0,13666,0,0,0,3322,0,0,0,3134,0,0,0,10476,0,0,0,64582,0,0,0,2152,0,0,0,3052,0,0
11,116836039,,G,C,gnomAD Genomes,NA,PASS,p.Ser191Arg,p.Ser191Arg,c.573C>G,missense_variant,,1,143338,0.000006976517043631138,0,0,0,42054,0,0,0,900,0,0,0,13666,0,0,0,3322,0,0,0,3134,0,0,0,10480,0,0,0,64580,0,0,0,2152,0,0,1,3050,0,0
11,116836039,rs1475011060,G,T,gnomAD Genomes,NA,PASS,p.Ser191Arg,p.Ser191Arg,c.573C>A,missense_variant,,1,143338,0.000006976517043631138,0,0,0,42054,0,0,0,900,0,0,0,13666,0,0,0,3322,0,0,0,3134,0,0,0,10480,0,0,1,64580,0,0,0,2152,0,0,0,3050,0,0
11,116836040,,C,T,gnomAD Genomes,NA,PASS,p.Ser191Asn,p.Ser191Asn,c.572G>A,missense_variant,,1,143334,0.000006976711736224483,0,0,0,42066,0,0,0,900,0,0,0,13666,0,0,0,3320,0,0,0,3134,0,0,0,10482,0,0,1,64566,0,0,0,2150,0,0,0,3050,0,0
11,116836041,,T,G,gnomAD Genomes,NA,PASS,p.Ser191Arg,p.Ser191Arg,c.571A>C,missense_variant,,1,143294,0.000006978659259982972,0,0,0,42052,0,0,0,900,0,0,1,13660,0,0,0,3320,0,0,0,3132,0,0,0,10474,0,0,0,64552,0,0,0,2154,0,0,0,3050,0,0
11,116836043,rs1162688133,T,C,gnomAD Genomes,NA,PASS,p.Tyr190Cys,p.Tyr190Cys,c.569A>G,missense_variant,,1,143298,0.000006978464458680512,0,0,0,42058,0,0,0,900,0,0,0,13664,0,0,0,3318,0,0,0,3130,0,0,0,10464,0,0,1,64560,0,0,0,2152,0,0,0,3052,0,0
11,116836046,rs121912722,G,C,gnomAD Genomes,NA,PASS,p.Pro189Arg,p.Pro189Arg,c.566C>G,missense_variant,,1,143334,0.000006976711736224483,0,0,0,42054,0,0,0,900,0,0,0,13666,0,0,0,3320,0,0,0,3132,0,0,0,10482,0,0,1,64578,0,0,0,2154,0,0,0,3048,0,0
11,116836047,,G,A,gnomAD Genomes,NA,PASS,p.Pro189Ser,p.Pro189Ser,c.565C>T,missense_variant,,1,143342,0.000006976322361903699,0,0,0,42058,0,0,0,900,0,0,0,13668,0,0,0,3322,0,0,0,3134,0,0,0,10478,0,0,1,64578,0,0,0,2152,0,0,0,3052,0,0
11,116836049,,G,A,gnomAD Genomes,NA,PASS,p.Ala188Val,p.Ala188Val,c.563C>T,missense_variant,,1,143344,0.00000697622502511441,0,0,1,42066,0,0,0,900,0,0,0,13668,0,0,0,3322,0,0,0,3134,0,0,0,10482,0,0,0,64570,0,0,0,2152,0,0,0,3050,0,0
11,116836050,rs140770089,C,A,gnomAD Genomes,NA,PASS,p.Ala188Ser,p.Ala188Ser,c.562G>T,missense_variant,,82,143326,0.0005721222946290276,0,0,11,42046,0,0,0,900,0,0,2,13666,0,0,0,3324,0,0,0,3134,0,0,2,10478,0,0,64,64576,0,0,3,2152,0,0,0,3050,0,0
11,116836067,,G,T,gnomAD Genomes,NA,PASS,p.Ala182Glu,p.Ala182Glu,c.545C>A,missense_variant,,1,143330,0.000006976906439684643,0,0,0,42046,0,0,0,900,0,0,0,13668,0,0,0,3322,0,0,0,3132,0,0,0,10482,0,0,1,64580,0,0,0,2152,0,0,0,3048,0,0
11,116836086,,C,T,gnomAD Genomes,NA,PASS,p.Ala176Thr,p.Ala176Thr,c.526G>A,missense_variant,,7,143330,0.00004883834507779251,0,0,0,42044,0,0,0,900,0,0,0,13668,0,0,0,3324,0,0,0,3132,0,0,0,10482,0,0,7,64576,0,0,0,2154,0,0,0,3050,0,0
11,116836100,rs1015066427,T,A,gnomAD Genomes,NA,PASS,p.Glu171Val,p.Glu171Val,c.512A>T,missense_variant,,4,143302,0.00002791307867301224,0,0,4,42046,0,0,0,900,0,0,0,13660,0,0,0,3322,0,0,0,3132,0,0,0,10478,0,0,0,64562,0,0,0,2154,0,0,0,3048,0,0
11,116836101,rs1378347797,C,T,gnomAD Genomes,NA,PASS,p.Glu171Lys,p.Glu171Lys,c.511G>A,missense_variant,,4,143330,0.000027907625758738574,0,0,1,42060,0,0,0,900,0,0,0,13664,0,0,0,3322,0,0,0,3134,0,0,0,10480,0,0,3,64574,0,0,0,2148,0,0,0,3048,0,0
11,116836109,rs1374616841,A,G,gnomAD Genomes,NA,PASS,p.Leu168Pro,p.Leu168Pro,c.503T>C,missense_variant,,1,143316,0.000006977587987384521,0,0,0,42044,0,0,0,900,0,0,0,13660,0,0,0,3320,0,0,0,3134,0,0,0,10476,0,0,1,64578,0,0,0,2154,0,0,0,3050,0,0
11,116836110,,G,T,gnomAD Genomes,NA,PASS,p.Leu168Met,p.Leu168Met,c.502C>A,missense_variant,,1,143356,0.000006975641061413544,0,0,0,42068,0,0,0,900,0,0,0,13666,0,0,0,3322,0,0,0,3134,0,0,0,10482,0,0,1,64578,0,0,0,2154,0,0,0,3052,0,0
11,116836114,rs757899657,G,T,gnomAD Genomes,NA,PASS,p.Ser166Arg,p.Ser166Arg,c.498C>A,missense_variant,,5,143340,0.000034882098507046184,0,0,1,42062,0,0,0,900,0,0,0,13664,0,0,4,3320,0,0,0,3134,0,0,0,10482,0,0,0,64578,0,0,0,2154,0,0,0,3046,0,0
11,116836115,rs1326234415,C,G,gnomAD Genomes,NA,PASS,p.Ser166Thr,p.Ser166Thr,c.497G>C,missense_variant,,1,143350,0.000006975933031042902,0,0,0,42060,0,0,0,900,0,0,0,13666,0,0,0,3324,0,0,0,3134,0,0,0,10486,0,0,1,64578,0,0,0,2152,0,0,0,3050,0,0
11,116836115,,C,T,gnomAD Genomes,NA,PASS,p.Ser166Asn,p.Ser166Asn,c.497G>A,missense_variant,,1,143350,0.000006975933031042902,0,0,0,42060,0,0,0,900,0,0,0,13666,0,0,0,3324,0,0,0,3134,0,0,0,10486,0,0,1,64578,0,0,0,2152,0,0,0,3050,0,0
11,116836118,rs779081481,A,C,gnomAD Genomes,NA,PASS,p.Leu165Arg,p.Leu165Arg,c.494T>G,missense_variant,,1,143320,0.000006977393245883338,0,0,0,42060,0,0,0,900,0,0,0,13658,0,0,0,3324,0,0,0,3128,0,0,0,10480,0,0,1,64564,0,0,0,2154,0,0,0,3052,0,0
11,116836120,,C,G,gnomAD Genomes,NA,PASS,p.Lys164Asn,p.Lys164Asn,c.492G>C,missense_variant,,1,143322,0.000006977295879209054,0,0,0,42056,0,0,0,900,0,0,0,13666,0,0,0,3322,0,0,0,3134,0,0,0,10482,0,0,1,64558,0,0,0,2154,0,0,0,3050,0,0
11,116836124,rs758509542,T,C,gnomAD Genomes,NA,PASS,p.Glu163Gly,p.Glu163Gly,c.488A>G,missense_variant,,5,143338,0.00003488258521815569,0,0,0,42068,0,0,0,900,0,0,0,13668,0,0,0,3324,0,0,0,3132,0,0,0,10482,0,0,5,64564,0,0,0,2152,0,0,0,3048,0,0
11,116836134,,C,G,gnomAD Genomes,NA,PASS,p.Glu160Gln,p.Glu160Gln,c.478G>C,missense_variant,,5,143336,0.00003488307194284758,0,0,3,42068,0,0,0,900,0,0,2,13666,0,0,0,3324,0,0,0,3134,0,0,0,10476,0,0,0,64568,0,0,0,2150,0,0,0,3050,0,0
11,116836134,,C,T,gnomAD Genomes,NA,PASS,p.Glu160Lys,p.Glu160Lys,c.478G>A,missense_variant,,1,143336,0.000006976614388569515,0,0,0,42068,0,0,0,900,0,0,0,13666,0,0,0,3324,0,0,0,3134,0,0,0,10476,0,0,1,64568,0,0,0,2150,0,0,0,3050,0,0
11,116836135,,G,C,gnomAD Genomes,NA,PASS,p.His159Gln,p.His159Gln,c.477C>G,missense_variant,,2,143320,0.000013954786491766676,0,0,0,42054,0,0,0,900,0,0,1,13666,0,0,0,3324,0,0,0,3130,0,0,0,10476,0,0,1,64574,0,0,0,2148,0,0,0,3048,0,0
11,116836148,rs1340947297,C,A,gnomAD Genomes,NA,PASS,p.Arg155Leu,p.Arg155Leu,c.464G>T,missense_variant,,2,143306,0.000013956149777399411,0,0,0,42056,0,0,0,898,0,0,0,13662,0,0,0,3322,0,0,0,3134,0,0,0,10474,0,0,2,64564,0,0,0,2150,0,0,0,3046,0,0
11,116836158,rs574061789,C,T,gnomAD Genomes,NA,PASS,p.Glu152Lys,p.Glu152Lys,c.454G>A,missense_variant,,14,143352,0.00009766169987164462,0,0,0,42064,0,0,0,900,0,0,12,13668,0,0,0,3322,0,0,0,3134,0,0,0,10484,0,0,1,64578,0,0,1,2150,0,0,0,3052,0,0
11,116836160,,T,C,gnomAD Genomes,NA,PASS,p.Gln151Arg,p.Gln151Arg,c.452A>G,missense_variant,,1,143300,0.000006978367062107467,0,0,0,42050,0,0,0,900,0,0,1,13660,0,0,0,3322,0,0,0,3134,0,0,0,10474,0,0,0,64562,0,0,0,2150,0,0,0,3048,0,0
11,116836164,rs911528468,G,T,gnomAD Genomes,NA,PASS,p.Leu150Ile,p.Leu150Ile,c.448C>A,missense_variant,,12,143322,0.00008372755055050864,0,0,11,42052,0,0,0,900,0,0,0,13666,0,0,0,3322,0,0,0,3134,0,0,0,10482,0,0,0,64568,0,0,1,2150,0,0,0,3048,0,0
11,116836187,,T,C,gnomAD Genomes,NA,PASS,p.Lys142Arg,p.Lys142Arg,c.425A>G,missense_variant,,3,143330,0.00002093071931905393,0,0,1,42054,0,0,0,900,0,0,1,13668,0,0,0,3320,0,0,0,3132,0,0,0,10482,0,0,1,64574,0,0,0,2150,0,0,0,3050,0,0
11,116836194,,G,T,gnomAD Genomes,NA,PASS,p.Arg140Ser,p.Arg140Ser,c.418C>A,missense_variant,,1,143318,0.000006977490615275122,0,0,0,42058,0,0,0,900,0,0,0,13658,0,0,0,3324,0,0,1,3132,0,0,0,10476,0,0,0,64572,0,0,0,2146,0,0,0,3052,0,0
11,116836215,rs1477406012,G,C,gnomAD Genomes,NA,PASS,p.Gln133Glu,p.Gln133Glu,c.397C>G,missense_variant,,1,143306,0.000006978074888699706,0,0,1,42046,0,0,0,900,0,0,0,13666,0,0,0,3324,0,0,0,3132,0,0,0,10472,0,0,0,64570,0,0,0,2148,0,0,0,3048,0,0
11,116836220,rs4882,T,A,gnomAD Genomes,NA,PASS,p.Lys131Met,p.Lys131Met,c.392A>T,missense_variant,,1,143242,0.000006981192666955222,0,0,0,42060,0,0,0,900,0,0,0,13658,0,0,0,3320,0,0,0,3132,0,0,1,10464,0,0,0,64510,0,0,0,2150,0,0,0,3048,0,0
11,116836223,rs367866651,T,C,gnomAD Genomes,NA,PASS,p.Lys130Arg,p.Lys130Arg,c.389A>G,missense_variant,,1,143326,0.000006977101154012531,0,0,0,42062,0,0,0,900,0,0,0,13666,0,0,0,3322,0,0,0,3132,0,0,0,10484,0,0,1,64560,0,0,0,2150,0,0,0,3050,0,0
11,116836225,rs1476439464,C,G,gnomAD Genomes,NA,PASS,p.Gln129His,p.Gln129His,c.387G>C,missense_variant,,1,143350,0.000006975933031042902,0,0,0,42068,0,0,0,900,0,0,0,13656,0,0,0,3324,0,0,1,3134,0,0,0,10484,0,0,0,64582,0,0,0,2152,0,0,0,3050,0,0
11,116836233,rs921646982,C,T,gnomAD Genomes,NA,PASS,p.Asp127Asn,p.Asp127Asn,c.379G>A,missense_variant,,2,143342,0.000013952644723807398,0,0,0,42068,0,0,0,900,0,0,2,13662,0,0,0,3324,0,0,0,3134,0,0,0,10480,0,0,0,64570,0,0,0,2154,0,0,0,3050,0,0
11,116836235,rs758483455,T,C,gnomAD Genomes,NA,PASS,p.Asp126Gly,p.Asp126Gly,c.377A>G,missense_variant,,1,143308,0.00000697797750300053,0,0,0,42058,0,0,0,900,0,0,0,13662,0,0,0,3322,0,0,1,3132,0,0,0,10482,0,0,0,64552,0,0,0,2154,0,0,0,3046,0,0
11,116836239,,G,C,gnomAD Genomes,NA,PASS,p.Leu125Val,p.Leu125Val,c.373C>G,missense_variant,,1,143338,0.000006976517043631138,0,0,1,42062,0,0,0,900,0,0,0,13662,0,0,0,3324,0,0,0,3134,0,0,0,10478,0,0,0,64574,0,0,0,2154,0,0,0,3050,0,0
11,116836245,,G,A,gnomAD Genomes,NA,PASS,p.Pro123Ser,p.Pro123Ser,c.367C>T,missense_variant,,1,143304,0.000006978172277117177,0,0,0,42044,0,0,0,900,0,0,0,13666,0,0,0,3322,0,0,0,3130,0,0,0,10482,0,0,1,64568,0,0,0,2148,0,0,0,3044,0,0
11,116836273,,A,C,gnomAD Genomes,NA,PASS,p.Asp113Glu,p.Asp113Glu,c.339T>G,missense_variant,,2,143160,0.000013970382788488405,0,0,0,41988,0,0,0,898,0,0,0,13654,0,0,0,3322,0,0,0,3128,0,0,0,10456,0,0,2,64528,0,0,0,2144,0,0,0,3042,0,0
11,116836311,rs143723530,T,C,gnomAD Genomes,NA,PASS,p.Lys101Glu,p.Lys101Glu,c.301A>G,missense_variant,,2,143318,0.000013954981230550245,0,0,0,42054,0,0,0,900,0,0,0,13668,0,0,0,3324,0,0,0,3132,0,0,0,10482,0,0,2,64564,0,0,0,2150,0,0,0,3044,0,0
11,116836313,,T,C,gnomAD Genomes,NA,PASS,p.Glu100Gly,p.Glu100Gly,c.299A>G,missense_variant,,1,143332,0.0000069768090865961545,0,0,1,42062,0,0,0,900,0,0,0,13668,0,0,0,3324,0,0,0,3130,0,0,0,10484,0,0,0,64568,0,0,0,2146,0,0,0,3050,0,0
11,116836316,rs372520221,A,G,gnomAD Genomes,NA,PASS,p.Leu99Pro,p.Leu99Pro,c.296T>C,missense_variant,,1,143212,0.000006982655084769433,0,0,0,42022,0,0,0,900,0,0,0,13658,0,0,0,3322,0,0,0,3130,0,0,0,10452,0,0,1,64538,0,0,0,2150,0,0,0,3040,0,0
11,116836328,rs138407155,A,T,gnomAD Genomes,NA,PASS,p.Phe95Tyr,p.Phe95Tyr,c.284T>A,missense_variant,,65,143258,0.0004537268424800011,0,0,5,42030,0,0,0,900,0,0,12,13652,0,0,0,3322,0,0,0,3126,0,0,1,10476,0,0,43,64556,0,0,0,2152,0,0,4,3044,0,0
11,116836337,rs766422306,G,A,gnomAD Genomes,NA,PASS,p.Thr92Ile,p.Thr92Ile,c.275C>T,missense_variant,,2,143294,0.000013957318519965944,0,0,0,42056,0,0,0,900,0,0,0,13662,0,0,0,3322,0,0,0,3128,0,0,0,10472,0,0,2,64566,0,0,0,2148,0,0,0,3040,0,0
11,116836351,rs143796163,C,A,gnomAD Genomes,NA,PASS,p.Gln87His,p.Gln87His,c.261G>T,missense_variant,,1,143320,0.000006977393245883338,0,0,0,42046,0,0,0,900,0,0,0,13664,0,0,0,3324,0,0,0,3134,0,0,0,10478,0,0,0,64582,0,0,1,2144,0,0,0,3048,0,0
11,116836353,rs1045089277,G,T,gnomAD Genomes,NA,PASS,p.Gln87Lys,p.Gln87Lys,c.259C>A,missense_variant,,2,143334,0.000013953423472448966,0,0,1,42056,0,0,0,900,0,0,0,13670,0,0,0,3324,0,0,0,3132,0,0,0,10480,0,0,1,64574,0,0,0,2150,0,0,0,3048,0,0
11,116836361,,A,G,gnomAD Genomes,NA,PASS,p.Leu84Pro,p.Leu84Pro,c.251T>C,missense_variant,,1,143318,0.000006977490615275122,0,0,0,42048,0,0,0,900,0,0,0,13658,0,0,0,3324,0,0,0,3132,0,0,0,10476,0,0,1,64580,0,0,0,2150,0,0,0,3050,0,0
11,116836376,rs1490305966,G,A,gnomAD Genomes,NA,PASS,p.Ser79Phe,p.Ser79Phe,c.236C>T,missense_variant,,3,143328,0.000020931011386470194,0,0,1,42058,0,0,0,900,0,0,0,13668,0,0,0,3322,0,0,0,3132,0,0,0,10476,0,0,2,64578,0,0,0,2150,0,0,0,3044,0,0
11,116836379,rs1186379024,G,A,gnomAD Genomes,NA,PASS,p.Thr78Ile,p.Thr78Ile,c.233C>T,missense_variant,,2,143360,0.000013950892857142857,0,0,0,42074,0,0,0,900,0,0,0,13670,0,0,0,3324,0,0,0,3134,0,0,0,10478,0,0,2,64582,0,0,0,2150,0,0,0,3048,0,0
11,116836382,rs1360927328,A,C,gnomAD Genomes,NA,PASS,p.Val77Gly,p.Val77Gly,c.230T>G,missense_variant,,1,143314,0.0000069776853622116475,0,0,0,42062,0,0,0,900,0,0,0,13660,0,0,0,3324,0,0,1,3132,0,0,0,10480,0,0,0,64570,0,0,0,2146,0,0,0,3040,0,0
11,116836385,rs1226109269,C,T,gnomAD Genomes,NA,PASS,p.Ser76Asn,p.Ser76Asn,c.227G>A,missense_variant,,2,143324,0.000013954397030504313,0,0,0,42068,0,0,0,900,0,0,0,13666,0,0,0,3324,0,0,0,3134,0,0,0,10478,0,0,2,64554,0,0,0,2152,0,0,0,3048,0,0
11,116836411,rs746552681,G,T,gnomAD Genomes,NA,PASS,p.Asn67Lys,p.Asn67Lys,c.201C>A,missense_variant,,1,143344,0.00000697622502511441,0,0,0,42066,0,0,0,900,0,0,0,13662,0,0,0,3324,0,0,0,3132,0,0,0,10482,0,0,1,64578,0,0,0,2152,0,0,0,3048,0,0
11,116837020,rs12718465,C,T,gnomAD Genomes,NA,PASS,p.Ala61Thr,p.Ala61Thr,c.181G>A,missense_variant,,128,143312,0.0008931561906888468,4,0,0,42046,0,0,0,900,0,0,7,13664,0,0,0,3322,0,0,114,3132,4,0,0,10478,0,0,0,64576,0,0,7,2150,0,0,0,3044,0,0
11,116837023,,A,C,gnomAD Genomes,NA,PASS,p.Ser60Ala,p.Ser60Ala,c.178T>G,missense_variant,,60,143294,0.00041871955559897835,0,0,7,42028,0,0,0,898,0,0,6,13660,0,0,0,3324,0,0,0,3132,0,0,0,10480,0,0,45,64574,0,0,2,2150,0,0,0,3048,0,0
11,116837025,,C,A,gnomAD Genomes,NA,PASS,p.Gly59Val,p.Gly59Val,c.176G>T,missense_variant,,3,143340,0.00002092925910422771,0,0,0,42060,0,0,0,900,0,0,0,13666,0,0,2,3322,0,0,0,3132,0,0,0,10474,0,0,1,64584,0,0,0,2152,0,0,0,3050,0,0
11,116837025,,C,T,gnomAD Genomes,NA,PASS,p.Gly59Asp,p.Gly59Asp,c.176G>A,missense_variant,,1,143340,0.000006976419701409236,0,0,1,42060,0,0,0,900,0,0,0,13666,0,0,0,3322,0,0,0,3132,0,0,0,10474,0,0,0,64584,0,0,0,2152,0,0,0,3050,0,0
11,116837043,rs750185173,T,C,gnomAD Genomes,NA,PASS,p.Tyr53Cys,p.Tyr53Cys,c.158A>G,missense_variant,,10,143320,0.00006977393245883338,0,0,1,42052,0,0,0,900,0,0,8,13666,0,0,0,3320,0,0,0,3134,0,0,0,10476,0,0,0,64574,0,0,1,2154,0,0,0,3044,0,0
11,116837049,rs1233547311,C,G,gnomAD Genomes,NA,PASS,p.Arg51Thr,p.Arg51Thr,c.152G>C,missense_variant,,1,143364,0.000006975251806590218,0,0,1,42060,0,0,0,900,0,0,0,13670,0,0,0,3324,0,0,0,3134,0,0,0,10482,0,0,0,64590,0,0,0,2154,0,0,0,3050,0,0
11,116837055,,C,T,gnomAD Genomes,NA,PASS,p.Ser49Asn,p.Ser49Asn,c.146G>A,missense_variant,,2,143340,0.000013952839402818473,0,0,2,42054,0,0,0,900,0,0,0,13664,0,0,0,3324,0,0,0,3134,0,0,0,10478,0,0,0,64588,0,0,0,2152,0,0,0,3046,0,0
11,116837064,,A,G,gnomAD Genomes,NA,PASS,p.Leu46Pro,p.Leu46Pro,c.137T>C,missense_variant,,1,143288,0.000006978951482329295,0,0,0,42032,0,0,0,900,0,0,0,13662,0,0,0,3320,0,0,0,3134,0,0,0,10478,0,0,0,64568,0,0,0,2144,0,0,1,3050,0,0
11,116837069,rs755740688,A,T,gnomAD Genomes,NA,PASS,p.Asp44Glu,p.Asp44Glu,c.132T>A,missense_variant,,1,143316,0.000006977587987384521,0,0,0,42036,0,0,0,900,0,0,0,13666,0,0,0,3324,0,0,0,3132,0,0,0,10482,0,0,1,64582,0,0,0,2150,0,0,0,3044,0,0
11,116837071,rs1315705365,C,T,gnomAD Genomes,NA,PASS,p.Asp44Asn,p.Asp44Asn,c.130G>A,missense_variant,,1,143350,0.000006975933031042902,0,0,0,42062,0,0,0,900,0,0,0,13666,0,0,0,3324,0,0,1,3134,0,0,0,10482,0,0,0,64582,0,0,0,2152,0,0,0,3048,0,0
11,116837074,,C,T,gnomAD Genomes,NA,PASS,p.Val43Met,p.Val43Met,c.127G>A,missense_variant,,5,143340,0.000034882098507046184,0,0,0,42058,0,0,0,900,0,0,0,13666,0,0,0,3322,0,0,0,3134,0,0,0,10482,0,0,5,64580,0,0,0,2148,0,0,0,3050,0,0
11,116837074,,C,G,gnomAD Genomes,NA,PASS,p.Val43Leu,p.Val43Leu,c.127G>C,missense_variant,,1,143340,0.000006976419701409236,0,0,0,42058,0,0,0,900,0,0,0,13666,0,0,0,3322,0,0,0,3134,0,0,0,10482,0,0,1,64580,0,0,0,2148,0,0,0,3050,0,0
11,116837082,,G,T,gnomAD Genomes,NA,PASS,p.Thr40Asn,p.Thr40Asn,c.119C>A,missense_variant,,1,143316,0.000006977587987384521,0,0,0,42044,0,0,0,900,0,0,1,13662,0,0,0,3320,0,0,0,3130,0,0,0,10480,0,0,0,64584,0,0,0,2150,0,0,0,3046,0,0
11,116837085,rs746314593,G,A,gnomAD Genomes,NA,PASS,p.Ala39Val,p.Ala39Val,c.116C>T,missense_variant,,2,143304,0.000013956344554234355,0,0,1,42038,0,0,0,900,0,0,0,13660,0,0,0,3322,0,0,0,3130,0,0,0,10484,0,0,1,64582,0,0,0,2148,0,0,0,3040,0,0
11,116837092,,C,T,gnomAD Genomes,NA,PASS,p.Asp37Asn,p.Asp37Asn,c.109G>A,missense_variant,,1,143328,0.000006977003795490065,0,0,1,42054,0,0,0,900,0,0,0,13666,0,0,0,3318,0,0,0,3134,0,0,0,10478,0,0,0,64580,0,0,0,2152,0,0,0,3046,0,0
11,116837098,,C,T,gnomAD Genomes,NA,PASS,p.Val35Met,p.Val35Met,c.103G>A,missense_variant,,1,143338,0.000006976517043631138,0,0,0,42054,0,0,0,900,0,0,0,13668,0,0,0,3320,0,0,0,3134,0,0,0,10482,0,0,1,64582,0,0,0,2150,0,0,0,3048,0,0
11,116837100,,C,A,gnomAD Genomes,NA,PASS,p.Arg34Leu,p.Arg34Leu,c.101G>T,missense_variant,,1,143314,0.0000069776853622116475,0,0,0,42042,0,0,0,900,0,0,0,13662,0,0,0,3316,0,0,0,3134,0,0,0,10476,0,0,1,64584,0,0,0,2152,0,0,0,3048,0,0
11,116837101,,G,C,gnomAD Genomes,NA,PASS,p.Arg34Gly,p.Arg34Gly,c.100C>G,missense_variant,,1,143288,0.000006978951482329295,0,0,0,42042,0,0,0,900,0,0,0,13662,0,0,0,3320,0,0,0,3134,0,0,0,10472,0,0,1,64566,0,0,0,2150,0,0,0,3042,0,0
11,116837110,rs764283540,G,C,gnomAD Genomes,NA,PASS,p.Pro31Ala,p.Pro31Ala,c.91C>G,missense_variant,,2,143314,0.000013955370724423295,0,0,0,42044,0,0,0,900,0,0,0,13658,0,0,0,3324,0,0,0,3134,0,0,0,10480,0,0,2,64576,0,0,0,2154,0,0,0,3044,0,0
11,116837111,,G,T,gnomAD Genomes,NA,PASS,p.Ser30Arg,p.Ser30Arg,c.90C>A,missense_variant,,1,143318,0.000006977490615275122,0,0,1,42048,0,0,0,900,0,0,0,13660,0,0,0,3322,0,0,0,3134,0,0,0,10472,0,0,0,64582,0,0,0,2152,0,0,0,3048,0,0
11,116837116,rs1254205437,G,T,gnomAD Genomes,NA,PASS,p.Gln29Lys,p.Gln29Lys,c.85C>A,missense_variant,,2,143270,0.000013959656592447826,0,0,0,42040,0,0,0,900,0,0,0,13648,0,0,0,3320,0,0,0,3134,0,0,0,10478,0,0,2,64564,0,0,0,2150,0,0,0,3036,0,0
11,116837118,rs121912721,G,C,gnomAD Genomes,NA,PASS,p.Pro28Arg,p.Pro28Arg,c.83C>G,missense_variant,,4,143318,0.00002790996246110049,0,0,1,42050,0,0,0,900,0,0,0,13660,0,0,0,3320,0,0,0,3134,0,0,0,10482,0,0,3,64578,0,0,0,2152,0,0,0,3042,0,0
11,116837119,rs751415951,G,A,gnomAD Genomes,NA,PASS,p.Pro28Ser,p.Pro28Ser,c.82C>T,missense_variant,,1,143316,0.000006977587987384521,0,0,0,42046,0,0,0,900,0,0,0,13660,0,0,0,3320,0,0,0,3134,0,0,0,10474,0,0,1,64582,0,0,0,2152,0,0,0,3048,0,0
11,116837121,,G,A,gnomAD Genomes,NA,PASS,p.Pro27Leu,p.Pro27Leu,c.80C>T,missense_variant,,1,143324,0.000006977198515252156,0,0,0,42048,0,0,0,900,0,0,0,13662,0,0,0,3324,0,0,0,3134,0,0,0,10480,0,0,1,64574,0,0,0,2150,0,0,0,3052,0,0
11,116837121,,G,T,gnomAD Genomes,NA,PASS,p.Pro27His,p.Pro27His,c.80C>A,missense_variant,,27,143324,0.00018838435991180822,0,0,27,42048,0,0,0,900,0,0,0,13662,0,0,0,3324,0,0,0,3134,0,0,0,10480,0,0,0,64574,0,0,0,2150,0,0,0,3052,0,0
11,116837122,rs200213347,G,A,gnomAD Genomes,NA,PASS,p.Pro27Ser,p.Pro27Ser,c.79C>T,missense_variant,,1,143336,0.000006976614388569515,0,0,1,42048,0,0,0,900,0,0,0,13664,0,0,0,3322,0,0,0,3134,0,0,0,10484,0,0,0,64586,0,0,0,2152,0,0,0,3046,0,0
11,116837125,rs1197166743,C,G,gnomAD Genomes,NA,PASS,p.Glu26Gln,p.Glu26Gln,c.76G>C,missense_variant,,1,143308,0.00000697797750300053,0,0,0,42036,0,0,0,898,0,0,0,13662,0,0,0,3322,0,0,0,3134,0,0,0,10474,0,0,1,64582,0,0,0,2148,0,0,0,3052,0,0
11,116837129,,T,G,gnomAD Genomes,NA,PASS,p.Gln24His,p.Gln24His,c.72A>C,missense_variant,,1,143330,0.000006976906439684643,0,0,1,42052,0,0,0,900,0,0,0,13656,0,0,0,3322,0,0,0,3134,0,0,0,10484,0,0,0,64576,0,0,0,2154,0,0,0,3052,0,0
11,116837133,,T,C,gnomAD Genomes,NA,PASS,p.Gln23Arg,p.Gln23Arg,c.68A>G,missense_variant,,1,143332,0.0000069768090865961545,0,0,1,42058,0,0,0,900,0,0,0,13664,0,0,0,3322,0,0,0,3132,0,0,0,10472,0,0,0,64582,0,0,0,2154,0,0,0,3048,0,0
11,116837134,,G,T,gnomAD Genomes,NA,PASS,p.Gln23Lys,p.Gln23Lys,c.67C>A,missense_variant,,1,143298,0.000006978464458680512,0,0,0,42034,0,0,0,900,0,0,0,13666,0,0,0,3320,0,0,0,3134,0,0,0,10470,0,0,1,64576,0,0,0,2152,0,0,0,3046,0,0
11,116837145,,C,T,gnomAD Genomes,NA,PASS,p.Arg19Gln,p.Arg19Gln,c.56G>A,missense_variant,,1,143296,0.000006978561857972309,0,0,0,42036,0,0,0,900,0,0,0,13654,0,0,0,3322,0,0,0,3130,0,0,0,10476,0,0,1,64582,0,0,0,2150,0,0,0,3046,0,0
11,116837346,,C,T,gnomAD Genomes,NA,PASS,p.Gly45Ser,p.Gly45Ser,c.133G>A,missense_variant,,2,143312,0.00001395556547951323,0,0,0,42050,0,0,0,900,0,0,0,13670,0,0,0,3324,0,0,0,3134,0,0,0,10476,0,0,2,64566,0,0,0,2150,0,0,0,3042,0,0
11,116837347,rs778560581,G,A,gnomAD Genomes,NA,PASS,p.Thr14Met,p.Thr14Met,c.41C>T,missense_variant,,3,143314,0.00002093305608663494,0,0,0,42044,0,0,0,900,0,0,0,13658,0,0,0,3322,0,0,0,3134,0,0,0,10480,0,0,3,64586,0,0,0,2148,0,0,0,3042,0,0
11,116837360,rs750125257,C,T,gnomAD Genomes,NA,PASS,p.Val10Met,p.Val10Met,c.28G>A,missense_variant,,4,143300,0.000027913468248429866,0,0,2,42038,0,0,0,900,0,0,0,13668,0,0,0,3324,0,0,0,3132,0,0,0,10478,0,0,2,64564,0,0,0,2150,0,0,0,3046,0,0
11,116837361,,G,A,gnomAD Genomes,NA,PASS,p.Arg40Cys,p.Arg40Cys,c.118C>T,missense_variant,,2,143326,0.000013954202308025062,0,0,0,42050,0,0,0,900,0,0,0,13666,0,0,0,3324,0,0,0,3134,0,0,0,10484,0,0,2,64578,0,0,0,2148,0,0,0,3042,0,0
11,116837376,rs368534370,C,T,gnomAD Genomes,NA,PASS,p.Gly35Ser,p.Gly35Ser,c.103G>A,missense_variant,,5,143286,0.0000348952444760828,0,0,0,42044,0,0,0,900,0,0,1,13666,0,0,0,3322,0,0,0,3134,0,0,0,10474,0,0,4,64564,0,0,0,2148,0,0,0,3034,0,0
11,116837379,rs141383703,A,G,gnomAD Genomes,NA,PASS,p.Cys34Arg,p.Cys34Arg,c.100T>C,missense_variant,,13,143332,0.00009069851812575,0,0,2,42064,0,0,0,900,0,0,1,13666,0,0,0,3322,0,0,0,3134,0,0,0,10488,0,0,5,64566,0,0,1,2150,0,0,4,3042,0,0
11,116837397,,C,G,gnomAD Genomes,NA,PASS,p.Ala28Pro,p.Ala28Pro,c.82G>C,missense_variant,,1,143332,0.0000069768090865961545,0,0,0,42058,0,0,0,900,0,0,0,13662,0,0,0,3322,0,0,0,3134,0,0,0,10486,0,0,1,64570,0,0,0,2152,0,0,0,3048,0,0
11,116837399,rs781068686,G,A,gnomAD Genomes,NA,PASS,p.Thr27Met,p.Thr27Met,c.80C>T,missense_variant,,1,143332,0.0000069768090865961545,0,0,0,42058,0,0,0,900,0,0,0,13666,0,0,0,3322,0,0,0,3134,0,0,0,10484,0,0,1,64576,0,0,0,2152,0,0,0,3040,0,0
11,116837405,,G,A,gnomAD Genomes,NA,PASS,p.Ser25Phe,p.Ser25Phe,c.74C>T,missense_variant,,1,143344,0.00000697622502511441,0,0,0,42066,0,0,0,900,0,0,0,13666,0,0,0,3322,0,0,0,3134,0,0,0,10480,0,0,1,64580,0,0,0,2150,0,0,0,3046,0,0
11,116837415,rs770039358,A,G,gnomAD Genomes,NA,PASS,p.Ser22Pro,p.Ser22Pro,c.64T>C,missense_variant,,5,143240,0.00003490645071209159,0,0,1,42014,0,0,0,898,0,0,1,13662,0,0,0,3324,0,0,0,3132,0,0,0,10476,0,0,3,64538,0,0,0,2152,0,0,0,3044,0,0
11,116837442,rs1221395474,C,T,gnomAD Genomes,NA,PASS,p.Ala13Thr,p.Ala13Thr,c.37G>A,missense_variant,,1,143296,0.000006978561857972309,0,0,0,42034,0,0,0,900,0,0,0,13666,0,0,0,3324,0,0,0,3128,0,0,0,10480,0,0,1,64570,0,0,0,2150,0,0,0,3044,0,0
11,116837462,rs558787505,C,T,gnomAD Genomes,NA,PASS,p.Arg6Gln,p.Arg6Gln,c.17G>A,missense_variant,,166,143274,0.0011586191493222777,1,0,152,42036,1,0,0,900,0,0,11,13658,0,0,0,3324,0,0,0,3134,0,0,0,10470,0,0,1,64558,0,0,2,2152,0,0,0,3042,0,0
11,116837463,rs771979828,G,A,gnomAD Genomes,NA,PASS,p.Arg6Trp,p.Arg6Trp,c.16C>T,missense_variant,,3,143296,0.000020935685573916927,0,0,0,42042,0,0,0,900,0,0,0,13660,0,0,0,3322,0,0,0,3134,0,0,0,10474,0,0,3,64564,0,0,0,2154,0,0,0,3046,0,0
11,116837472,rs775368021,C,G,gnomAD Genomes,NA,PASS,p.Gly3Arg,p.Gly3Arg,c.7G>C,missense_variant,,1,143310,0.000006977880120019538,0,0,0,42034,0,0,0,900,0,0,0,13664,0,0,0,3324,0,0,0,3134,0,0,0,10484,0,0,1,64570,0,0,0,2154,0,0,0,3046,0,0
11,116837476,rs547989458,C,T,gnomAD Genomes,NA,PASS,p.Met1?,p.Met1?,c.3G>A,start_lost,,53,143318,0.0003698070026095815,0,0,5,42048,0,0,0,900,0,0,5,13664,0,0,0,3322,0,0,0,3132,0,0,4,10482,0,0,39,64572,0,0,0,2154,0,0,0,3044,0,0
