Position,alpha,beta,alpha=beta,LRT,p-value,Total branch length,Omega,Residue,Selection_type
1,10000.0,0.09584626264156637,0.1289878673584097,17.77579103955804,2.485254481199295e-05,56767.06208903911,9.584626264156638e-06,M,Purifiyng
2,0.5840076657797408,0.3127826392908777,0.4093131735702856,3.801346908938399,0.05121137193585779,9.94275323773926,0.5355796809161132,K,Purifiyng
3,1.82198278758676,0.232809011765188,0.6465440260998013,42.71703603818759,6.325895363090694e-11,15.27554108531102,0.12777783267291268,A,Purifiyng
4,1.060149172508358,1.056194040695681,1.057576518325132,0.0001636886006508576,0.9897920759195994,28.39790763760097,0.9962692685942308,A,Neutral
5,0.609927954281989,0.6273077331036827,0.6185304736762283,0.00862930640948889,0.9259877246708071,16.75444305600388,1.0284948061482988,V,Neutral
6,1.28548026287378,0.3411023868347413,0.7600363974303898,17.72064121158002,2.558354274850849e-05,14.52473904673811,0.2653501548691096,L,Purifiyng
7,0.6208177224375209,0.404037208876062,0.4930764080249815,2.108541482322835,0.1464788687726514,12.08532221697691,0.6508145535692633,T,Neutral
8,1.18202512265968,0.3873080894695868,0.7413038671908162,13.41573147949134,0.0002495228433417873,14.91654015432121,0.32766485419371044,L,Purifiyng
9,0.9280181225675166,0.3569673600796618,0.5643196860575305,10.83715030663029,0.0009948371996572059,12.83177109696035,0.38465559173785546,A,Purifiyng
10,0.6739620798482128,0.4807238688460482,0.5701524523242932,0.8982133185649559,0.3432612382984317,14.01192971651611,0.7132802916067845,V,Neutral
11,1.025378611953242,0.3772341353505785,0.6437298182912667,7.881215874210227,0.004995088582749996,13.81387613949773,0.36789740974993207,L,Purifiyng
12,0.5725623573841867,0.4890382798344707,0.51640685559166,0.1643105713768023,0.6852184916054787,13.61251007164355,0.8541223039333133,F,Neutral
13,1.024264063177112,0.401493685585221,0.6763328728360234,11.56034162768492,0.0006737347309691,14.32159125794356,0.3919825951325954,L,Purifiyng
14,0.603875651995442,0.4561451866172569,0.5283725446229155,0.8000562182085673,0.37107656178643,13.09327986222916,0.7553627723025002,T,Neutral
15,0.5222770579029347,0.0296320009475309,0.2176496652219482,27.06281509332362,1.969502200216411e-07,3.592587447432042,0.056736171920915617,G,Purifiyng
16,0.5064812698665903,0.1957147405063977,0.2795476866674037,5.689664065793693,0.01706512108650859,7.022092551062167,0.3864204900567201,S,Purifiyng
17,1.026842831726487,0.2649502812809207,0.3315846980800462,5.145607534826809,0.0233052542128942,11.44297628464933,0.2580241815930538,Q,Purifiyng
18,0.6471259923514261,0.02957320141695878,0.2451252886199682,36.35386048645398,1.645529490446052e-09,4.30004689468429,0.0456992946759877,A,Purifiyng
19,0.8143997686514126,0.3243416543684912,0.5297162431624745,8.321635700392449,0.003917562701800881,11.49550167554612,0.39825852959852587,R,Purifiyng
20,0.792238622731893,0.6232781549538534,0.666758460329577,0.5325744875977989,0.465526498080023,17.70394636461827,0.7867303323392519,H,Neutral
21,0.3468365534528008,0.3732189938096269,0.3652844211659781,0.02331469222463056,0.878641569217546,9.877052160644627,1.0760659166232212,F,Neutral
22,10000.0,0.1020867939865286,0.2037393003613463,15.91664403494402,6.619404871266443e-05,56767.19432126507,1.020867939865286e-05,W,Purifiyng
23,0.7484258411200738,0.07450940679893413,0.1747253929128566,12.78326716482118,0.0003497335772192356,5.827240631356674,0.09955482922319381,Q,Purifiyng
24,0.6682124721532547,0.50212674271979,0.5658818712891965,0.9927273907539984,0.3190766888328301,14.4328030574006,0.7514477260529597,Q,Neutral
25,0.5993960430250407,0.1807911931500259,0.2910868734966081,8.050599427528425,0.004548860076103001,7.23330466204215,0.301622266703007,D,Purifiyng
26,1.15783410700169,0.3113668800730099,0.6048170116161842,19.26238660531078,1.139288141971395e-05,13.17008193370486,0.26892184138479125,E,Purifiyng
27,1.534857611685488,0.0,0.5979667623400736,2.392450661525839,0.1219223638727523,8.712624018095541,0.0,P,Neutral
28,1.072582384723358,0.07299320111775741,0.3653144621477133,46.87061549985333,7.583156325097207e-12,7.635188989090372,0.06805370119572113,P,Purifiyng
29,1.649704628388785,0.5061656810602589,0.733236647561857,4.02374749464326,0.04486392096930125,20.08982844709548,0.3068220045879456,Q,Purifiyng
30,1.011313127199571,0.4333197725099662,0.6492720890882879,9.491029316840354,0.002064789497736697,14.92244638225011,0.42847240963822225,S,Purifiyng
31,1.304486451678366,0.3740927954279462,0.6275069993428991,14.74374960994476,0.0001231551168606737,15.33167000121384,0.28677399826317435,P,Purifiyng
32,0.7580645194631758,0.3247124746070295,0.486259409105566,4.243734885533001,0.03939541110559752,11.18357186342801,0.4283441135551035,W,Purifiyng
33,1.584370984747172,0.3755814621813804,0.6105355867917244,16.55883498417302,4.716373729540813e-05,16.95197916904947,0.237053989120682,D,Purifiyng
34,0.9243882309339944,0.1734522680976504,0.4030035756748127,20.55179630917326,5.803930274161928e-06,8.922617456865561,0.18764006538940423,R,Purifiyng
35,1.199136906990479,0.6349495529146277,0.8014621127386585,2.942307598672528,0.08628738050867901,20.26101400123293,0.5295054711544036,V,Purifiyng
36,0.9664867639648921,0.240578832804016,0.4071329816344997,12.64557246855952,0.0003764561748861306,10.58395197909959,0.24892098037335886,K,Purifiyng
37,0.681872490682086,0.2874261508325683,0.4370653277097588,7.784818352600894,0.005268708790395871,9.960998056829565,0.4215247788410589,D,Purifiyng
38,0.9020289831036027,0.4246430024711019,0.5979959303814627,6.506023091368888,0.01075096869636027,14.11824028248035,0.47076425527928906,L,Purifiyng
39,1.298619452856188,0.6616572254380706,0.9085378931663164,4.975025722681949,0.0257158213274048,21.39164273475302,0.5095081734551407,A,Purifiyng
40,1.775082361298215,0.6326542358786217,0.9076755806783279,13.0868560800244,0.0002973750313902679,23.48173410444511,0.3564083840120675,T,Purifiyng
41,0.7961490778300303,0.4374381095884495,0.5840956978294144,2.803792650780508,0.09404161575861458,13.78833149021489,0.5494424621839957,V,Purifiyng
42,1.79278710147974,0.04020861334230459,0.2814658557674854,42.7353585602211,6.266920316022606e-11,11.02875223505261,0.022427991203817225,Y,Purifiyng
43,0.8235638198635806,0.2613824805569993,0.5012017807842069,9.242178307591757,0.002365034456343507,10.21346329159045,0.3173797515780818,V,Purifiyng
44,1.022932498104065,0.417934359645406,0.6007732903210707,9.663992773490804,0.001879147596312691,14.66239830166557,0.4085649448228681,D,Purifiyng
45,1.872545287189726,0.4299305438126963,0.7872579250970402,26.0867507958493,3.26416206286595e-07,19.73941818380136,0.22959687370655074,V,Purifiyng
46,0.7342516624134905,0.5916963864675769,0.6456314884343646,0.4305745527079807,0.5117071586389714,16.70558897713609,0.8058495700543145,L,Neutral
47,0.7594883546892043,0.2384335783675968,0.3325329701497488,5.735872674703103,0.01662180683615433,9.363468514698113,0.3139397423218792,K,Purifiyng
48,1.248827589668625,0.677735518412928,0.8012711531741051,2.894786763687648,0.08886653357068641,21.44968615898955,0.5426974259855714,D,Purifiyng
49,1.713464200478927,0.4498040392318408,0.7435815646901506,22.65794251617501,1.935584519663358e-06,19.25749851202627,0.2625114893594608,S,Purifiyng
50,0.4876102346838012,0.27833043569175,0.3585096661570266,2.546961547899571,0.1105065926237453,8.665536304236465,0.5708051552122114,G,Neutral
51,0.6392771442231625,0.7015156699292052,0.6859327751070634,0.05788242120695486,0.8098747167211251,18.49345491010273,1.0973576582057751,R,Neutral
52,0.6240877319476499,0.4761671597875661,0.5194798437548361,0.6321605154215604,0.4265639285157263,13.63226454332533,0.7629811249478434,D,Neutral
53,0.6320555801778904,0.2904840176933567,0.4041945138985883,5.251871607755504,0.02192317815458911,9.743006137510731,0.45958619273893714,Y,Purifiyng
54,0.9766843949420603,0.285910881248968,0.515949338610454,10.26580145827035,0.00135518853077865,11.60239131305321,0.29273620294294667,V,Purifiyng
55,0.6345939308918266,0.7301466542801551,0.7010191639573876,0.1846956597470353,0.6673685381309293,19.0735399364422,1.1505730180149116,S,Neutral
56,1.574580271638036,0.4662577397814617,0.6743653699308987,11.38131634610068,0.0007418652546865578,18.81776515560049,0.29611557326093874,Q,Purifiyng
57,1.21235472395153,0.1552439848445449,0.5496458983422225,32.26277157884982,1.346689859627048e-08,10.17144014884546,0.12805161870326623,F,Purifiyng
58,0.7277471665676187,0.1685147546805892,0.3088516879290705,11.96355998177125,0.0005425111967418683,7.701761598437538,0.23155673071924168,E,Purifiyng
59,0.7379998459594919,0.4647251402349435,0.5504125259730518,1.774845396184674,0.1827835581828577,14.0364391144374,0.6297089935442234,G,Neutral
60,0.9301143724604113,0.1819940961581523,0.4922429680248143,27.23256997377462,1.803940516964531e-07,9.136116911842942,0.19566851297730975,S,Purifiyng
61,1.123155037883208,0.5089951873701433,0.707107207784106,7.08892575819425,0.007756172528723182,17.16082319286856,0.4531833720208727,A,Purifiyng
62,0.8067486657061822,0.2290981202746104,0.3843789144969525,9.06159397604955,0.002610343206984611,9.433930391623592,0.28397706747252055,L,Purifiyng
63,0.6929646932177891,0.3688926558554907,0.5166348190596497,1.852779634357034,0.1734604522907854,11.75017773600254,0.5323397562183632,G,Neutral
64,0.7751223849723273,0.4319464967469598,0.5408188304553464,3.406511309165921,0.06493960201060234,13.55261020377014,0.557262317695006,K,Purifiyng
65,1.700050716737684,0.524940649864587,0.7126437425430607,8.419666236489263,0.003711839257804828,20.77344582412611,0.3087794056355701,Q,Purifiyng
66,1.425121000424897,0.2341251659751725,0.675227334724877,24.88149460174833,6.096484167494864e-07,13.05064224369042,0.16428441227472512,L,Purifiyng
67,1.492915206475032,0.1362180638968784,0.2706615900188584,22.23389242864323,2.413751898799887e-06,11.36089746347028,0.09124300114706921,N,Purifiyng
68,0.5795074305415101,0.7242924670349047,0.6565078551800271,0.4946116628588584,0.4818773276654232,18.63679536415081,1.2498415531240088,L,Neutral
69,1.713344360531435,0.5727062362770158,0.7799562419676641,11.31524239868975,0.0007687342511023543,21.86102454724429,0.33426218889200837,K,Purifiyng
70,0.7026514608613037,0.4407385201438137,0.5594924952197022,1.541726591161762,0.214360988466422,13.3275252252752,0.6272505569170247,L,Neutral
71,0.6352082370081423,0.8387267793875117,0.7438042650080896,1.116082527915751,0.2907635534997532,21.37775928309336,1.3203965731583556,L,Neutral
72,1.109526584455506,0.6056552350039132,0.6738569826578747,1.648869047885398,0.1991129296984365,19.13161587891936,0.5458681598883321,D,Neutral
73,0.6856275727147432,0.220257586653706,0.3251921079988355,7.80242714173562,0.005217610305394582,8.559061785825897,0.32124960462368196,N,Purifiyng
74,0.907788206846703,0.3844846414414365,0.5754592136310945,4.077695057808739,0.04345289553450737,13.30000667923912,0.4235400267833221,W,Purifiyng
75,0.7404392461283761,0.3456270648711974,0.4184369634432561,2.763384708427395,0.09644399310029628,11.52668658411979,0.4667865279675804,D,Purifiyng
76,1.884854684281669,0.4451124797297465,0.7059830594943594,20.34680506090535,6.460086070303461e-06,20.13098646507559,0.23615214660401362,S,Purifiyng
77,1.370701465051285,0.4627992160736592,0.7286377199949243,11.17819082140039,0.0008276443620972573,17.58716292476086,0.33763677056866903,V,Purifiyng
78,1.709299979078272,0.5485745572726649,0.7699056838931679,12.3927293809553,0.0004310087847023691,21.32673424169975,0.32093521557782967,T,Purifiyng
79,1.172593674372368,0.6966772510265364,0.8540384468555153,3.542915249124007,0.05980027055503667,21.41830535198405,0.5941335573035849,S,Purifiyng
80,1.778370682502548,0.4940547786949799,0.8041518907909607,17.98470994712739,2.226864706456055e-05,20.56358067500543,0.27781315985244376,T,Purifiyng
81,1.48081527027584,0.5891008799457278,0.8397904910576841,9.688414919034017,0.001854334340628649,20.88846276862219,0.3978219915546877,F,Purifiyng
82,1.006844555868992,0.3628005312307839,0.4969150423107278,6.29759765288793,0.01209017106942278,13.40283015723385,0.3603342036424444,S,Purifiyng
83,1.027242883648755,0.3928751013777117,0.5580929342496618,8.619928265020576,0.003325049398221647,14.15587914112068,0.38245589979871536,K,Purifiyng
84,1.265360692111793,0.3820076786702731,0.6747093180329529,13.87826465693104,0.0001950410832510796,15.27728300457407,0.3018962743601041,L,Purifiyng
85,1.918072233433868,0.2834558722009823,0.662818547326733,35.54115964141738,2.497177908900028e-09,16.89416249428763,0.14778164620709805,R,Purifiyng
86,0.9231753388344144,0.5753029543263664,0.6884891354273461,2.271591639495455,0.1317645179377214,17.43065015954144,0.6231784257286749,E,Neutral
87,1.255630996656431,0.3880651158149002,0.6089583164735619,11.77409568618975,0.0006006068331381176,15.35040495375685,0.30905984070818826,Q,Purifiyng
88,1.296963903396311,0.4286903570186403,0.7377417554871394,12.59980301816887,0.000385787411104288,16.44585002676306,0.33053376111397154,L,Purifiyng
89,0.945375353674637,0.3345749081053541,0.5169874365777103,10.75255562292341,0.00104135417183937,12.45582004132315,0.3539069500858834,G,Purifiyng
90,0.9657252908466427,0.08790692846527742,0.3921711371963534,42.7714134661677,6.152467424413999e-11,7.344625172387201,0.09102684717743097,P,Purifiyng
91,1.555550294543239,0.6122854873512449,0.8586018590072663,8.022814123987132,0.004619174103047796,21.80396098447124,0.3936134302433675,V,Purifiyng
92,0.904592096963264,0.2143362932146905,0.4147135605918801,17.58040380807734,2.754118253733839e-05,9.676546778680082,0.23694247820008846,T,Purifiyng
93,0.8901864577808483,0.4321915774748784,0.5173789965672052,2.521521598041204,0.1123021750734412,14.21096485047848,0.4855067988253738,Q,Neutral
94,1.555186348731226,0.4604504804698116,0.6879509345119204,12.41750922410893,0.0004253271409946358,18.5846239785206,0.29607415268624415,E,Purifiyng
95,1.411884767661748,0.4318269186870131,0.7346480571382851,12.71945158439553,0.0003618718723461534,17.16466008408774,0.30585138998430494,F,Purifiyng
96,1.101788129827214,0.2921568412231842,0.562230434517768,12.86262296955005,0.0003352104151446156,12.44489030873701,0.26516608167579475,W,Purifiyng
97,1.280647710827301,1.038918380054876,1.107493971028378,0.5442643821058937,0.4606707817029072,29.28350985511545,0.81124447517556,D,Neutral
98,0.6776551521017516,0.2901388786823854,0.352167813264452,3.008278840184005,0.08284021028285704,9.994539010311241,0.4281512178908666,N,Purifiyng
99,2.037282885322084,0.3315849267186834,0.7132261675838436,30.118108729337,4.065174585843323e-08,18.59068106337601,0.16275841175893524,L,Purifiyng
100,0.9234977314313425,0.8515652005889313,0.8827023523409384,0.08902583511508055,0.7654192766429139,23.28627211042693,0.9221086003850578,E,Neutral
101,1.406645301943157,0.3300310111382588,0.5400931775862556,16.44452996959944,5.009451808246634e-05,14.97793853768066,0.23462276572661914,K,Purifiyng
102,0.4723048345795036,0.5348361993149253,0.5180270475292049,0.09169631447463189,0.7620316187953682,14.01382184213643,1.132396198720036,E,Neutral
103,1.424025993321571,0.08972507608183986,0.5124810685148259,65.16000084929942,6.661338147750939e-16,9.984695736988442,0.06300803250968348,T,Purifiyng
104,0.9787983201316962,0.6616794376780911,0.7509583316464762,1.5300410156932,0.2161062891850692,19.57664773858211,0.6760120282889972,E,Neutral
105,1.284997470483072,0.785312724327587,0.9174577794682578,2.48543559964628,0.114904531606567,23.93448572319028,0.6111395098951927,G,Neutral
106,0.5945176087191333,0.5586468832760925,0.5721690135415689,0.02967473505265161,0.8632303288118677,15.21209375054655,0.9396641496955439,L,Neutral
107,1.025014226316014,0.1376217143930357,0.4550513723360902,30.99001465918718,2.593593362298918e-08,8.734598402658731,0.1342632237287667,R,Purifiyng
108,2.776869203005373,0.9068722272917533,1.251450166140931,11.0516849750453,0.0008860663359101517,34.9788558805509,0.32658082213964423,Q,Purifiyng
109,1.175274766698438,0.4679227166059726,0.6399014972905034,6.444255385778092,0.01113116875948206,16.58638583461516,0.39813899682408155,E,Purifiyng
110,0.8507699986303233,0.2894454807117195,0.4572310457061511,7.156094533909766,0.007470969008732786,10.96253338817897,0.3402158999232522,M,Purifiyng
111,1.192723065205906,0.6700669742945136,0.7794618237808487,2.625901407019569,0.1051327852066911,20.96871789457109,0.5617959389247129,S,Neutral
112,1.004129777005135,0.5597366397121997,0.6660675719473881,3.222194030259971,0.07264619870561806,17.56034963070154,0.557434559287387,K,Purifiyng
113,2.772700172567609,0.1409917379626598,0.5668165299330415,65.06072293289145,7.771561172376096e-16,18.7267514228501,0.05084997626414721,D,Purifiyng
114,1.041315136211518,0.3503777283020013,0.575159475388154,9.569323199370388,0.001978557109260426,13.33527254322867,0.3364761695261006,L,Purifiyng
115,2.840261919337335,0.3820983579742984,0.6683297603513512,23.62710572353797,1.169287844104971e-06,24.21913615825803,0.13452926836530846,E,Purifiyng
116,1.4636849895572,0.7668018425542751,0.9302023450398095,3.920538771157226,0.0476995911740058,24.55657414089169,0.523884475160363,E,Purifiyng
117,0.7878848616912002,0.181663270540869,0.4115838104347162,10.99931133616155,0.0009114574739363945,8.321740701310013,0.23057083512294876,V,Purifiyng
118,1.017466882484727,0.2878841795876641,0.4730883499665648,14.03865866025706,0.0001790906376720747,11.87570595746845,0.282942063809124,K,Purifiyng
119,1.049079235924293,0.7388810659056975,0.821254207694674,1.279337176202489,0.2580223125946465,21.61144276024685,0.7043138788794204,A,Neutral
120,1.916643895279859,0.3573354433213881,0.5294133316446125,16.09293335073681,6.030865966377696e-05,18.45150778869895,0.18643809849153628,K,Purifiyng
121,0.9746522569924551,0.3017380054900466,0.536669518917762,10.41656266080253,0.00124890132200961,11.9262208875184,0.3095852939602667,V,Purifiyng
122,1.507685818405574,0.3808831142778751,0.5495795571449712,11.639719171921,0.0006455834852087117,16.62901365495366,0.2526276427277609,Q,Purifiyng
123,0.4176338805710141,0.05924247763645762,0.17554414634503,13.79964416070172,0.0002033747452365731,3.626004141888925,0.1418526618469214,P,Purifiyng
124,2.750933205619325,0.4733717312233878,0.761472745552971,21.60495527997517,3.349852538581111e-06,25.64607644986081,0.1720767811651815,Y,Purifiyng
125,0.7791130887734452,0.4795290039584627,0.6025691388274533,2.772544315877894,0.0958936270780969,14.58350144667447,0.6154806161880599,L,Purifiyng
126,1.824933608847252,0.451512135178541,0.7918720341354809,20.36336160694771,6.404432305262553e-06,19.92644824110755,0.24741291025033274,D,Purifiyng
127,2.485560735504424,0.546067087945709,0.772940118434799,14.06105611637008,0.0001769703847941395,25.68004943239459,0.21969573309778295,D,Purifiyng
128,0.43657686180346,0.1068193386196335,0.2103398249595128,6.681409759700614,0.009742354355141258,4.741652394864018,0.2446747593960256,F,Purifiyng
129,1.526678873674429,0.3088702669392753,0.5583401569008714,23.53778606605943,1.224844868419339e-06,15.21092902300139,0.20231515105457812,Q,Purifiyng
130,1.57135042341206,0.6707169554140114,0.8600274399685729,5.691550448448425,0.01704678693096284,23.13176989125451,0.4268411077636037,K,Purifiyng
131,0.9375349793832536,0.2279976396860507,0.3968627052169467,12.04310227316626,0.0005198438326395882,10.1530209423523,0.24318840864586863,K,Purifiyng
132,1.474677538071225,0.2687283176445798,0.4960400018505196,14.96546067827245,0.0001094971619920448,14.06516517702476,0.18222852841174866,W,Purifiyng
133,1.071391212717423,0.5902608770665938,0.6718122052661342,2.207843591674532,0.1373104892500411,18.58894530714893,0.5509293618056523,Q,Neutral
134,2.197549390747642,0.2730224355944137,0.5384358037417101,30.85967272623679,2.773761520469264e-08,18.25953867370786,0.1242394991183916,E,Purifiyng
135,1.511721304633552,0.1297525969102959,0.2666418146480452,22.69808316126574,1.895568676579806e-06,11.33065189311968,0.08583103017242222,E,Purifiyng
136,1.397208303616745,0.8171091951462218,0.9577078597681027,2.597831548854515,0.1070100393012182,25.24519447678458,0.5848155876479498,M,Neutral
137,3.453941835066233,0.574240850107167,0.8946310030911956,21.28665079376549,3.95475963865799e-06,31.77404886594941,0.1662566648567072,E,Purifiyng
138,1.705675983856687,0.5324646435338828,0.7454298239771091,10.25937786557097,0.001359915325889527,20.96480551015346,0.3121722112367041,L,Purifiyng
139,0.964054982533946,0.1033188306247043,0.2358234024835552,14.51856016435352,0.0001387854354388818,7.661710426284479,0.10717109759978474,Y,Purifiyng
140,1.021271608496322,0.1482742611881625,0.4142174734998157,30.46556412196054,3.398457704140156e-08,8.939072978576794,0.14518592307336867,R,Purifiyng
141,0.7852130052946744,0.6613464483019557,0.6822782635148447,0.1671137917936107,0.682689714788752,18.47070429769806,0.8422510119451802,Q,Neutral
142,2.694943394964812,0.4240740082018318,0.7040642937770067,21.81245560088701,3.00642087625036e-06,24.28366796522227,0.1573591523273419,K,Purifiyng
143,0.6991843233698226,0.2689509697937132,0.4298534538492099,5.795098390748933,0.01607091546308992,9.667793359680466,0.3846639016410781,V,Purifiyng
144,2.906811302948497,0.735518314689106,1.081823164711814,19.01553506172058,1.296585303733888e-05,32.08561042911124,0.25303270079589957,E,Purifiyng
145,0.795795005988201,0.02833842727362661,0.2781529195321423,46.36004053871221,9.84023973416015e-12,5.117803066768933,0.03561020999175104,P,Purifiyng
146,0.8572571946966869,0.2327136907807734,0.4029725177217454,10.23878243326573,0.001375183299649918,9.79725346857027,0.2714630944137036,L,Purifiyng
147,1.313881359671865,0.6395029029415283,0.8043435579072906,4.901242238422242,0.02683738324462703,21.00884335107805,0.48672804301085515,R,Purifiyng
148,1.43110033872426,0.7149388024090213,0.8710498822500452,3.933980111894357,0.04731982550614389,23.27266795371278,0.49957279937921495,A,Purifiyng
149,0.4325366586640423,0.4815435549804737,0.47652452694999,0.02539430925168062,0.8733884657733879,12.65884610106573,1.1133011395329981,E,Neutral
150,1.062451515788858,0.2277382970929418,0.4685821592322527,12.7099981244009,0.0003637057925159892,10.85661477372227,0.21435170801544645,L,Purifiyng
151,1.556659410660491,0.5801505529217036,0.8223044366921806,8.982555841959083,0.002725691301116884,21.12934148348362,0.37268945856020336,Q,Purifiyng
152,1.603104275304888,0.5477011320095583,0.7591907144083734,9.974048162794816,0.001587620472082385,20.70540676528078,0.3416503470464472,E,Purifiyng
153,1.682661554379103,0.3108958354129479,0.5646542406325343,22.67742254507806,1.916060319073765e-06,16.13928548842307,0.18476433041680063,G,Purifiyng
154,0.6727105337413408,0.1653440104148458,0.2727498050629907,9.185305193308068,0.002439658501019126,7.322160263724133,0.245787752861948,A,Purifiyng
155,1.25212421541501,0.3920633359347085,0.6214886472601525,12.99729100394609,0.0003119419485780872,15.41521801497982,0.31311856372393626,R,Purifiyng
156,1.343266513034773,0.5866632910395017,0.7767172714859822,6.348054380450037,0.01175101051979777,20.05601612015218,0.43674377746087295,Q,Purifiyng
157,1.124180022355339,0.3063605562241751,0.4197555178312854,8.272711498065519,0.004024535729104883,12.87296413185543,0.272519125168494,K,Purifiyng
158,1.029733611786507,0.3128741595128097,0.4727280803658645,8.912708916946485,0.002831928701913511,12.47485720548017,0.30383990182664583,L,Purifiyng
159,1.725418267529753,0.443778285589529,0.6886067016557247,11.93769078279234,0.0005500962039709512,19.19767456503101,0.25720040986054793,H,Purifiyng
160,1.069753743056057,0.3769723254319089,0.5667232152611894,9.633827568778486,0.00191026104067471,14.06022415175848,0.35239168629125783,E,Purifiyng
161,0.6835040590539047,0.2602055629059555,0.3882045303363231,5.123306086930086,0.02360660069469245,9.39347561145051,0.38069351521646827,L,Purifiyng
162,1.203263801477927,0.5362039952431333,0.7018160261861307,5.983359546147085,0.01444146790947798,18.19209527691461,0.4456246374107927,Q,Purifiyng
163,0.4416217591222986,0.6597749837914815,0.5919518344105148,0.9280080071035854,0.3353810787347558,16.48700935130716,1.493982056279907,E,Neutral
164,0.9506710123839582,0.2335923799954771,0.3047986846033344,5.208914628423372,0.02247135874656037,10.34613606799632,0.24571316149601238,K,Purifiyng
165,0.8820886871299775,0.3268731921678406,0.5160711559156876,6.616309658743376,0.01010490012498999,11.93337943876576,0.37056726487602626,L,Purifiyng
166,0.9679636806406952,0.66338317952233,0.7234015288250031,0.92923823811293,0.3350609467366621,19.55124589847318,0.6853389159015105,S,Neutral
167,1.275671131104414,0.08778705385650888,0.4648165758003492,56.60184514721868,5.340172748447003e-14,9.101493646997024,0.0688163678835525,P,Purifiyng
168,0.8350085552603849,0.8750320970946307,0.8554302607529964,0.02485980620917871,0.87471689800101,23.28120914003721,1.0479318943286338,L,Neutral
169,1.278512277740857,0.3289971362978035,0.6197564591184012,17.46831072992302,2.921368152786208e-05,14.22868398603225,0.25732810081350527,G,Purifiyng
170,2.522874670896073,0.4216422087070252,0.7493210213688752,25.38881513510177,4.686273535892127e-07,23.25539129075861,0.16712768714637202,E,Purifiyng
171,1.594022009828769,0.3543534855562436,0.504943682758652,12.18307495882141,0.0004822508124832092,16.55695817897008,0.22230150109050784,E,Purifiyng
172,1.284617327959108,0.4739829290950464,0.7327026664368164,10.09556500883934,0.00148626584245859,17.335480627777,0.36896818903110284,M,Purifiyng
173,1.164343787595524,0.1931522525519574,0.5521876824529685,28.74821897163241,8.242568727556687e-08,10.70215396678346,0.16588936584686417,R,Purifiyng
174,2.146406992158099,0.4463555257335605,0.6763262553209005,16.22489573362128,5.625002607712037e-05,21.64202817812656,0.2079547482673701,D,Purifiyng
175,1.955808428543532,0.3348592616554946,0.6626174512749272,29.59383961736563,5.327398500121205e-08,18.19757178174413,0.17121271018596665,R,Purifiyng
176,1.288113009921223,0.5133747622708932,0.723350325519933,7.689847106519323,0.005553233183224981,18.19000757599242,0.39854792111935083,A,Purifiyng
177,0.8064731898522436,0.4145163741484266,0.5554857625374983,4.131136220124517,0.04210107425363419,13.36124178849071,0.5139865520196294,R,Purifiyng
178,0.5469465868237019,1.015385094884252,0.8402762374901034,3.779549080245829,0.05188264069912274,24.62000029662837,1.856461159728459,A,Diversifiyng
179,2.66713944174121,0.11584385854052,0.3718862014982866,55.82757028128464,7.915890165577366e-14,17.59467071120346,0.043433746555407965,H,Purifiyng
180,1.271524875790367,0.3534816751436857,0.6638932362334518,14.14798109256537,0.0001689783428137082,14.70782917675362,0.2779982380792708,V,Purifiyng
181,1.521167214971965,0.197834446863614,0.3829391441745977,20.8392177440038,4.994962325644003e-06,12.82687548597034,0.13005437200883932,D,Purifiyng
182,2.108304556086765,0.4733238429819132,0.6949147737828127,15.35887042966232,8.890255362581367e-05,21.99717820092603,0.22450449182752422,A,Purifiyng
183,0.2659340207574178,0.1090068744323693,0.1600658843381066,2.696237216650246,0.1005853838445334,3.819350035380782,0.4099019528298872,L,Neutral
184,0.9538906076720514,0.07022402660435514,0.261785438747529,32.05209041517062,1.500935020715133e-08,6.902757994628211,0.0736185323972686,R,Purifiyng
185,0.9190267352753757,0.5913574357500364,0.6937852792674002,2.068185148094358,0.1504004020827105,17.7472831402745,0.643460536077705,T,Neutral
186,0.9387099936823383,0.3207972644763316,0.4123285548129391,5.278900463082323,0.0215853751728875,12.12604606521308,0.34174267519824675,H,Purifiyng
187,0.6739987999530095,0.3310864262727332,0.4778914066191436,3.778733998095902,0.0519079211442216,10.84143184800605,0.4912270263623855,L,Purifiyng
188,2.441738013207822,0.5629406905696129,0.8966465425172846,23.806791056973,1.065060293403697e-06,25.78882872449741,0.23054917748118778,A,Purifiyng
189,0.4746985338343216,0.08574992046677331,0.2055524486252121,13.86729339712466,0.0001961830403075515,4.511604857263944,0.18064079485171022,P,Purifiyng
190,1.10213141598249,0.3491995107165264,0.4742120463448897,7.878224232070181,0.005003358571092242,13.65553078908851,0.3168401750032995,Y,Purifiyng
191,1.23627053287748,0.2857085415920471,0.5212720364536508,16.87929287761244,3.98337795766146e-05,13.07164540727481,0.23110519420619577,S,Purifiyng
192,5.625400086836508,0.561985571762992,0.9238515729316108,33.41705318365865,7.436899873702885e-09,43.8406581530512,0.09990144044652821,D,Purifiyng
193,0.7869107727120702,0.6570017158361406,0.7027160518062494,0.3525899912220893,0.5526506479419266,18.38828002451795,0.8349125957086584,E,Neutral
194,0.8911297610762795,0.3204732130271472,0.5115392922800688,6.912864417237131,0.008557778781241532,11.84909031686236,0.3596257548845517,L,Purifiyng
195,1.23096691461411,0.2605234182095953,0.5904226577389085,29.94552079319556,4.443571999246387e-08,12.50788533580542,0.21164128386932768,R,Purifiyng
196,0.8609636309221839,0.9090169185652,0.895824975112324,0.02536772306814328,0.8734542013019095,24.14865634299582,1.0558133769152895,Q,Neutral
197,1.212774727667267,0.2109929169915353,0.3454104131906176,15.26872194962954,9.324786084974335e-05,11.35510278282997,0.17397535764731292,R,Purifiyng
198,0.6796323458613421,0.5729164400635877,0.6294617850107083,0.2245031640932211,0.6356299482355618,15.99760913524546,0.8429799487213834,L,Neutral
199,1.080364953310506,0.493483673806217,0.6788334649236138,7.268720740019717,0.007016576070235203,16.58924768843399,0.4567749743214649,A,Purifiyng
200,2.002761277542584,0.8547937891835579,0.98377772182515,4.142893180551596,0.041809652948123,29.48112639010902,0.4268076274334611,A,Purifiyng
201,1.183020951641503,0.2741475118076827,0.5339631029542267,21.39870118258023,3.730237956967031e-06,12.52440435568582,0.23173512812878658,R,Purifiyng
202,1.024989721271059,0.4587991473881941,0.6960970000103838,5.337712182043845,0.02086884400322619,15.53997064772888,0.44761341296110857,L,Purifiyng
203,1.749668794018039,0.3735936625348962,0.5805347847446549,15.31691530563666,9.089891983271592e-05,17.84817270006565,0.2135225042660528,E,Purifiyng
204,1.956698521795068,0.8079700685273774,0.9892947343013742,6.817617726536355,0.00902628948313866,28.22749113690785,0.41292516937466106,A,Purifiyng
205,0.8311845765061366,0.3205625484489236,0.5236565187665223,6.717161205458297,0.009548950125184308,11.51070424101412,0.38566951013022904,L,Purifiyng
206,1.560691269846828,0.2939954735280399,0.5437632570010089,22.47282961404488,2.131371453772957e-06,15.08881466727505,0.1883751637547724,K,Purifiyng
207,1.16165071079192,0.5304993600782415,0.6976974105854141,5.32277261830825,0.02104849455927282,17.83500145413826,0.4566771708137549,E,Purifiyng
208,1.377492700839755,0.6390895172250124,0.7698989135600969,3.961704553971913,0.04654654721319351,21.36117399112825,0.4639512912376283,N,Purifiyng
209,0.7823360495465496,0.2717340374916559,0.4725240839591014,9.256560141428906,0.00234653348895697,10.19877553081214,0.34733672013344635,G,Purifiyng
210,0.705953692009212,0.6235118832150893,0.6505857483444873,0.1468860565358909,0.7015290943276467,17.21910221467753,0.883219239835002,G,Neutral
211,0.7593646704188546,0.1801292377802785,0.3691485799869547,17.00369072537615,3.730722953065868e-05,8.12734073137328,0.23721045341880578,A,Purifiyng
212,1.582287276495317,0.5809930010404436,0.7690698259240704,7.667406147390921,0.005622722830376792,21.29266899396057,0.3671855355667856,R,Purifiyng
213,1.127628734882096,0.2857379359094553,0.6165829052943496,18.67341839165067,1.551301254465454e-05,12.45556274599391,0.2533971750368102,L,Purifiyng
214,2.015923106665806,0.3493539476067567,0.7753144392384729,34.51892827425934,4.221263671944087e-09,18.84594457330526,0.1732972584378793,A,Purifiyng
215,0.8504016404341409,0.3705263379518389,0.4937859482324296,4.781204639037469,0.02877198664601954,12.67848556843112,0.4357074590809591,E,Purifiyng
216,1.197833366203411,0.1934776470174688,0.3439952634592607,12.83099905931812,0.0003409236714894126,10.89915253130074,0.16152300685253515,Y,Purifiyng
217,0.9723040861284593,0.2538176912468796,0.3844158348178526,10.52496591987438,0.001177725841811306,10.89749560775545,0.26104764432034444,H,Purifiyng
218,0.836228884217177,0.3801467012220814,0.4932490543025507,4.082320858186961,0.04333409889966122,12.80188222866708,0.45459647280415333,A,Purifiyng
219,1.796654460039619,0.2709494338568101,0.4067888062670986,11.48459483702726,0.0007017542325009618,15.93993198191131,0.1508077595793435,K,Purifiyng
220,0.705258606070899,0.5464691172750865,0.605162141631649,0.4834792930013236,0.4868505523311549,15.58267754706213,0.7748492717012666,A,Neutral
221,1.158565364474777,0.8472570100569733,0.917562413746627,0.8343760472548638,0.3610101939076402,24.52934690351912,0.73129841098009,T,Neutral
222,2.410150363222066,0.4352555442548203,0.6250623269903134,14.60655054977587,0.0001324533304831732,22.90396787987784,0.180592692844665,E,Purifiyng
223,0.9112738763675402,0.6725612755231157,0.752221105515012,1.007995666140914,0.3153834946871824,19.42392308777908,0.7380451617948658,H,Neutral
224,1.326773017321078,0.3506932816969905,0.6492444921536009,16.72764575416238,4.314764815316341e-05,14.96236143750288,0.264320480684092,L,Purifiyng
225,1.599528737727451,0.880701904841822,1.041686189393139,3.677372062238305,0.05515571861438984,27.74114935605725,0.5506008639101349,S,Purifiyng
226,1.847115137108013,0.9560597488217263,1.126474622833909,4.18388695560941,0.04081000211469588,30.74335108881299,0.5175961853242174,T,Purifiyng
227,1.102076366236885,0.2880028579458617,0.5888666975487863,17.45759828173311,2.937876672515216e-05,12.35850666207997,0.26132749668633865,L,Purifiyng
228,2.030954021178808,0.3342369124573908,0.7575435644074455,39.11847951271602,3.988508412433589e-10,18.61094885517972,0.16457138318837602,S,Purifiyng
229,1.545581646203122,0.4615658656238896,0.6166046959860786,8.13100418680608,0.004351463976524306,18.55373703797525,0.29863570569550496,E,Purifiyng
230,1.279955531858384,0.3915895260913909,0.5215974002798285,7.317857650846179,0.006827274984191556,15.56316289074148,0.3059399458376785,K,Purifiyng
231,0.9630261716895161,0.7468738907441679,0.8076203900521807,0.549997393559579,0.4583187591691855,21.29232429690336,0.7755489027197107,A,Neutral
232,1.280058057088367,0.75485994284623,0.9276561201923385,3.506885647656077,0.06111423711213038,23.26117529763308,0.5897075829226387,K,Purifiyng
233,1.15692194434511,0.2277572199870339,0.5053461101559193,19.24510873670351,1.149645426612445e-05,11.39327741803729,0.1968648110620451,P,Purifiyng
234,1.25047628910871,0.4869872323227699,0.6857000390271616,7.95524807992183,0.004794813619707461,17.41723044469127,0.3894413965017083,A,Purifiyng
235,0.8073667727034064,0.6309691859440902,0.7040477307223492,0.56153217513247,0.4536435639152958,17.9527885916003,0.7815149288734509,L,Neutral
236,0.9353134653005809,0.5253869335983488,0.6500753260801011,2.969619448116418,0.08484181048718686,16.44186885303017,0.5617228374120602,E,Purifiyng
237,0.9842785027812964,0.3451624003406746,0.4663128627898334,6.661054116791888,0.009854260728918263,12.90099498833644,0.35067554494519787,D,Purifiyng
238,0.9182927415192007,0.2857140959280998,0.5076354814367532,9.945730860551862,0.001612228489174194,11.26676117549889,0.3111361802287814,L,Purifiyng
239,1.059606636334852,0.2803297310376807,0.4490830522765186,13.30684546626492,0.0002644388864266878,11.95483924558301,0.26456018811597193,R,Purifiyng
240,1.33089872742916,0.4945264794428068,0.6938355552622094,9.237606460205484,0.002370946686256814,18.03349971554179,0.37157333555954514,Q,Purifiyng
241,1.318202136984196,0.2113272559037871,0.4059932922247751,20.9958528080063,4.602786259910729e-06,11.96064619383978,0.1603147574826915,G,Purifiyng
242,1.878433596232826,0.5070094781356026,0.863710191466536,18.63677138499395,1.581407336193053e-05,21.40608857974308,0.2699107805313978,L,Purifiyng
243,0.8527065206660138,0.690330111166426,0.7489312065291932,0.3933701444881308,0.530533209175832,19.4679737454066,0.8095752693754912,L,Neutral
244,0.7433339685106669,0.1089554785831137,0.3307931178982295,24.07396861882449,9.27050900045856e-07,6.528223287347577,0.1465767517680045,P,Purifiyng
245,1.555457955412733,0.6363685628054875,0.9610196900580751,9.43571506884848,0.002128001010862079,22.31373930958392,0.40911974546854935,V,Purifiyng
246,1.391077008104187,0.6659313775854171,0.923704346229648,8.054687630669491,0.004538606766545494,22.00704444605348,0.47871640010280514,L,Purifiyng
247,1.774392285305029,0.3759106248928092,0.5609829465958516,12.92740461351764,0.0003238064276983588,18.03761038758195,0.21185316685942862,E,Purifiyng
248,1.045322178243387,0.6423517872021154,0.7173226324119102,1.424199060931755,0.2327134929353167,19.54473206272538,0.6145012519313006,S,Neutral
249,0.8246064617018777,0.6231832746705609,0.6815182522402383,0.6297542350841923,0.4274454764475917,17.88567206068807,0.755734163645036,F,Neutral
250,1.151603063246869,0.2360548751914172,0.3678641182768043,12.62648962693947,0.0003803186921179647,11.53890592611394,0.20497937416550113,K,Purifiyng
251,1.114409174767226,1.152157040237702,1.138073614443388,0.01823396902705099,0.8925856134326807,30.73929942247538,1.033872536519955,V,Neutral
252,1.461038996156716,0.4355013891878344,0.6005985954659809,9.74978790706325,0.001793434058022791,17.5215435172058,0.29807649921283896,S,Purifiyng
253,2.060248908569342,0.8461464098878655,1.134741000426961,7.767501319696748,0.005319458209763761,29.62422355980945,0.41070105964790354,F,Purifiyng
254,0.6763156451713671,1.036452891121774,0.9030088238019365,1.229421863239963,0.2675195014259647,25.80077512024116,1.532498765216579,L,Neutral
255,1.053934018185475,0.9119113340702937,0.9633773736817842,0.2705549006373076,0.6029597830232285,25.30538386354058,0.8652451845517831,S,Neutral
256,2.013495242599474,0.7103266586532824,1.002236457335056,11.82904592383829,0.0005831386610175571,26.48090653943201,0.3527828840242167,A,Purifiyng
257,1.428429481704097,0.9805349379932959,1.102997986436953,1.588757843132953,0.2075036932402624,28.88529174756048,0.6864426634652843,L,Neutral
258,2.125010558573327,0.8926258491556586,1.235057944083475,9.538263427481752,0.002012320493367636,30.97670807754734,0.4200571359772173,E,Purifiyng
259,0.7841205506151757,0.743358080096541,0.7542543087935117,0.0251292817445119,0.8740453440504002,20.20226856376369,0.9480150463004001,E,Neutral
260,1.045908831134373,0.4422058624496321,0.6496259066602513,7.218515060409004,0.00721553741663794,15.30711865187128,0.42279580139888867,Y,Purifiyng
261,0.9722766019510082,0.7692263843941112,0.839734230926596,0.6709535075541453,0.4127193683900922,21.81846713803022,0.7911600287927854,T,Neutral
262,1.827130523298217,0.4960962483210258,0.7245218791283329,13.83805896218155,0.0001992589388157828,20.88362328899843,0.2715165895348873,K,Purifiyng
263,0.8014232043742354,0.9912133604071279,0.9341644879659712,0.4807300805125578,0.488091806190827,25.55235650221331,1.2368163973753217,K,Neutral
264,1.323067214470379,0.877317375389953,1.004022713911823,1.586960456596103,0.2077609379067097,26.10009899108737,0.6630935796720965,L,Neutral
265,1.878347641641696,0.7817608032600545,0.9787866613549694,6.20390107047217,0.01274690622825592,27.22737724940424,0.41619601501284775,N,Purifiyng
266,1.09939322230315,0.7264858747214447,0.8484646217397368,2.072491077325253,0.1499763801417977,21.63440536236962,0.6608062156318454,T,Neutral
267,1.75049921300562,1.184864558783126,1.28496470352044,0.6630242773396731,0.4154942857241923,35.04311454211797,0.6768723744518027,Q,Neutral
