Position,alpha;,&beta;<sup>-</sup>,p<sup>-</sup>,&beta;<sup>+</sup>,p<sup>+</sup>,LRT,p-value,# branches under selection,MEME LogL,FEL LogL,Residue,Episodic Selection
1,9547.417559901787,0.0,0.9693344971859054,3.128519486647049,0.03066550281409464,0.0,0.6666666666666666,0,-55.91504782723766,-49.23896624140546,M,Not significant
2,0.4751294498844256,0.07963266183808981,0.8577334478027291,1.364851356122155,0.1422665521972709,0.09994852700577894,0.5743605226359599,1,-194.3509534537505,-192.6681520562501,K,Not significant
3,1.568202161791803,0.03206029234197793,0.9094226591369297,2.431119724123638,0.09057734086307034,0.3702617099013992,0.4675568580370008,2,-225.4317794375694,-220.0602561451363,A,Not significant
4,0.8395951941708376,0.3089255682139674,0.95043106265535,40.67552110251313,0.04956893734464995,20.51600212113851,1.463514594313153e-05,5,-299.1481180741441,-285.7915473848805,A,Episodic Diversifiyng
5,0.5516990282577144,0.0,0.7417115666420083,2.366368356491602,0.2582884333579917,7.326645756957362,0.01144214624176454,16,-261.8088190012301,-255.2574758480981,V,Episodic Diversifiyng
6,1.283928617915181,0.0,0.7530249229338186,0.8476007773022212,0.2469750770661814,0.0,0.6666666666666666,0,-230.2669203497563,-228.0924388666297,L,Not significant
7,0.561106631838657,0.0946895344425933,0.880759559810202,4.677510205803141,0.119240440189798,12.02149571662721,0.001056931082993984,4,-277.8194727391775,-268.2870667490978,T,Episodic Diversifiyng
8,1.080568393015935,0.1364119022321495,0.9855933555014138,42.46482886899204,0.0144066444985862,10.29696044220356,0.002529431128787007,1,-222.1017097321097,-215.2349944822678,L,Episodic Diversifiyng
9,0.8735130106737634,0.1647169887714885,0.9743532717566042,9.525634682030104,0.02564672824339576,1.448554204536833,0.2463421232926295,3,-243.3375887200385,-239.5179765568741,A,Not significant
10,0.6101308007391401,0.2139313579904317,0.9655851488977362,8.509169741593865,0.03441485110226383,2.49304364755983,0.139722901205077,2,-213.1837079832682,-210.7476716346898,V,Not significant
11,0.7754801096436547,0.1126322370877099,0.9484367041866382,6.84563091056182,0.05156329581336183,3.034682091495597,0.104858629428935,2,-216.0874851015091,-212.0617402559635,L,Not significant
12,0.3786452684633233,0.1381648838644919,0.9791339821342301,50.1144756239378,0.02086601786576991,29.6342843487476,1.503213958864436e-07,4,-184.1413541191899,-166.1108642454388,F,Episodic Diversifiyng
13,0.8580364531980861,0.1405536247789691,0.9763466794386447,87.34226753664419,0.02365332056135527,8.746882307144006,0.005553248301192082,5,-270.0172336060648,-258.2996118108811,L,Episodic Diversifiyng
14,0.4521020120759288,0.1694571921041274,0.9801243574346655,128.5735806694918,0.01987564256533447,15.27037867929681,0.0002051037787442755,4,-252.6991556545739,-242.892567666603,T,Episodic Diversifiyng
15,0.454332308202401,0.0242609699313532,1.0,0.2546202918862156,0.0,0.0,0.6666666666666666,0,-109.7124279956932,-109.7132901105145,G,Not significant
16,0.4479118745867169,0.02398293059059666,0.7403259625367926,0.5968173942134182,0.2596740374632074,0.04215949175579681,0.6102131377690061,3,-174.4232035978164,-172.832457962603,S,Not significant
17,1.025294958959777,0.1454900448910466,1.0,0.5175855198270487,0.0,0.0,0.6666666666666666,0,-109.8955108292882,-109.8959821409808,Q,Not significant
18,0.5340933703273701,0.0,0.953977463375787,0.4596513864692797,0.04602253662421296,0.0,0.6666666666666666,0,-119.916319273338,-119.9313490310536,A,Not significant
19,0.8029145381545911,0.0,0.8222930871442211,2.082471287015994,0.1777069128557789,2.925748250956985,0.1110619514204714,11,-252.7117034607054,-246.3541494237215,R,Not significant
20,0.6419451975444295,0.3522023763121179,0.871296628852013,1.457894393259227,0.128703371147987,0.2316467342333794,0.5156569026858453,0,-238.2276035058704,-238.0905767112252,H,Not significant
21,0.2504618179708388,0.01101772874213358,0.7399359522523697,1.02720753521698,0.2600640477476303,3.491876808092627,0.08247762134686765,4,-138.347010639845,-135.4398225401779,F,Not significant
22,10000.0,0.0,0.768143296963405,0.1784910326097776,0.231856703036595,0.0,0.6666666666666666,0,-23.27251665513818,-23.17033927332184,W,Not significant
23,0.5246642225625234,0.0,0.9525717015928941,4.097356052911116,0.04742829840710594,2.023775657528404,0.1797511883103993,4,-79.55972856054746,-77.42441435430402,Q,Not significant
24,0.4910173332084097,0.04065727968287708,0.5652976029529528,0.9058192884352806,0.4347023970470472,0.9654804156622276,0.324009359301696,5,-252.1931491844968,-250.8027525532778,Q,Not significant
25,0.4547725030143369,0.0,0.701104229235793,0.4604390507912634,0.298895770764207,-0.0004189877055864599,0.6666666666666666,7,-128.190201079199,-127.5364187727966,D,Not significant
26,1.244461185437028,0.1755063472918797,0.8723100338353872,1.97890263633554,0.1276899661646128,-0.0469507168080554,0.6666666666666666,0,-278.3734694260286,-277.8011832734935,E,Not significant
27,1.530251430163435,0.0,1.0,0.9968787044099846,0.0,0.0,0.6666666666666666,0,-10.95522315842014,-10.9557928775642,P,Not significant
28,0.9817881020753707,0.04379731031752238,0.8402429905612911,0.03963897206842118,0.1597570094387089,0.0,0.6666666666666666,0,-163.2570218778147,-163.2572956336865,P,Not significant
29,1.058060472089753,0.1178292283434529,0.8914432701947783,1.03293800761888,0.1085567298052217,0.0,0.6666666666666666,0,-71.75377829781802,-71.45916171292849,Q,Not significant
30,0.9085604238449788,0.0,0.7682112152721133,2.711125676398867,0.2317887847278867,6.355692880994411,0.01879110375086945,14,-324.560172903581,-314.3014337334365,S,Episodic Diversifiyng
31,0.959319639689773,0.07867141246974685,0.8120259132599927,2.026618944803087,0.1879740867400073,1.349237145903999,0.2603853673026194,4,-240.9448553373979,-236.8536043252373,P,Not significant
32,0.7113827782798096,0.1599074137856338,0.8717367904027084,0.9766675013058209,0.1282632095972916,0.1002029610218074,0.5742245919437813,0,-159.4837519782267,-159.2320003668959,W,Not significant
33,1.360577062372228,0.2661914882303695,0.921921180054319,0.2534828142011677,0.078078819945681,0.0,0.6666666666666666,0,-194.0149268135448,-194.0152697016692,D,Not significant
34,0.9034287260781854,0.1250200020698885,0.9363204393098772,2.741960977780254,0.06367956069012282,0.6374512570990305,0.3939847436315249,2,-203.1628861198093,-201.1655990780785,R,Not significant
35,0.8995980160357422,0.5050772586490402,0.9745358492859091,11.33764714143095,0.02546415071409092,1.631426276716979,0.2226371512082371,1,-274.3349276113297,-273.5199570027277,V,Not significant
36,0.9739928156352953,0.0,0.6475161138775556,0.821186166957561,0.3524838861224444,0.0,0.6666666666666666,0,-185.7650196148987,-183.7672832230068,K,Not significant
37,0.5665543450871671,0.2482265243523195,0.9750697725343752,0.2911413456747157,0.02493022746562479,0.0,0.6666666666666666,0,-216.8080737790648,-216.8089454025246,D,Not significant
38,0.776749992816326,0.246992518591523,0.973067319648662,13.8427530457795,0.026932680351338,3.121282402250756,0.100183287843437,1,-247.42829519946,-245.8691953052997,L,Not significant
39,1.208740495387034,0.6406445418579055,0.9823513406291726,0.7235571704891961,0.01764865937082738,0.0,0.6666666666666666,0,-318.3685991596752,-318.3693812648368,A,Not significant
40,1.313219821066709,0.0933120949491521,0.7468360450882032,2.561706091976298,0.2531639549117968,1.633825810172198,0.2223433271428196,5,-300.806948864379,-294.5514888799971,T,Not significant
41,0.8154584406138905,0.0,0.6808590978738392,1.475960786584776,0.3191409021261608,1.187089776241407,0.2853093139110661,10,-232.3267247280228,-228.6034206226475,V,Not significant
42,1.483814744943153,0.02127990805659657,1.0,0.9834668105760715,0.0,0.0,0.6666666666666666,0,-70.86178539205727,-70.86265087202916,Y,Not significant
43,0.6640959190610963,0.2434503346071559,0.9491455196349474,0.406225203186841,0.05085448036505258,0.0,0.6666666666666666,0,-182.6923491790004,-182.6928978424072,V,Not significant
44,0.9543131934610911,0.3157044641912076,0.8842444627269973,1.066255455585607,0.1157555372730027,-0.02186108986421686,0.6666666666666666,0,-249.1155130455809,-249.0380316911933,D,Not significant
45,1.403903298758471,0.2352444142690016,0.9048453972646107,0.7860038502256489,0.09515460273538934,0.0,0.6666666666666666,0,-255.5755287401143,-255.5500611728062,V,Not significant
46,0.7577081201608666,0.4334310979429103,0.9545172951692582,0.4425179747651688,0.04548270483074179,0.0,0.6666666666666666,0,-239.0728401746222,-239.0728921587409,L,Not significant
47,0.5998518079019545,0.162246006790652,0.9994276190001952,0.2733421961505121,0.0005723809998048335,0.0,0.6666666666666666,0,-132.8754292958974,-132.8752135762866,K,Not significant
48,0.992236780582995,0.4252521413624536,0.8731022860832756,1.125333706165756,0.1268977139167244,0.00217586951521298,0.6551065331647623,0,-261.7315454369246,-261.7136914787284,D,Not significant
49,1.555581875188042,0.2919306800408563,0.8865226462201715,1.512995644801657,0.1134773537798285,0.0,0.6666666666666666,0,-330.3562891145019,-330.2048890040334,S,Not significant
50,0.3915010857421686,0.1263291877807308,0.9195341443909861,2.089804291471629,0.08046585560901387,2.241361879921612,0.1598632657241824,2,-191.6724025000221,-189.0879116062685,G,Not significant
51,0.4761313176365253,0.0,0.285222832824175,0.7237131299310136,0.714777167175825,0.7578167298293579,0.3662268503201359,15,-245.753353993205,-245.2301494966447,R,Not significant
52,0.4064676594397071,0.0214721581107274,1e-08,0.4290608788858919,0.99999999,0.03861029924860304,0.6129228157641212,0,-268.2782524994946,-268.2774856805029,D,Not significant
53,0.5629731535510394,0.009469452745132268,0.7749976190318133,1.102806245532338,0.2250023809681867,1.129170386168028,0.2948708935068063,6,-191.0958306069067,-187.2506689351103,Y,Not significant
54,0.9527119077836246,0.244930815575415,1.0,0.5806932512140702,0.0,0.0,0.6666666666666666,0,-175.523534595516,-175.524481223532,V,Not significant
55,0.5639573088076248,0.0,0.2652197349110653,0.8921464389196124,0.7347802650889347,0.7477191412156117,0.3684534258650592,11,-296.7043747222591,-296.2620410747732,S,Not significant
56,1.421426551477715,0.1773359983614994,0.8530083418365086,1.859508946171833,0.1469916581634914,-0.1584466434406409,0.6666666666666666,0,-199.514998270942,-198.1621211544166,Q,Not significant
57,1.036055463293521,0.1039786479567725,1.0,0.3232469750876482,0.0,0.0,0.6666666666666666,0,-162.8022866586153,-162.8034689760399,F,Not significant
58,0.5138978091659168,0.1121201211950307,0.8798289201857818,0.5670166709774237,0.1201710798142182,-0.005010457977220995,0.6666666666666666,0,-140.2780236289325,-140.1963010535913,E,Not significant
59,0.5702667061546822,0.2347001781310028,0.8284009727271024,2.30302840949075,0.1715990272728976,1.244721880497991,0.2761500471053574,0,-278.4081307046035,-277.1941317274627,G,Not significant
60,0.8889913887722954,0.0,0.7264879509764607,0.619066169691421,0.2735120490235393,0.0,0.6666666666666666,0,-239.7696247238079,-237.0649232708013,S,Not significant
61,1.168388967959634,0.4057229263859974,1.0,0.7399276839146078,0.0,0.0,0.6666666666666666,0,-267.0207115721547,-267.0215033315509,A,Not significant
62,0.6676940939275627,0.2194333406236525,1.0,0.2147059518450165,0.0,0.0,0.6666666666666666,0,-144.1524131262287,-144.1519655454263,L,Not significant
63,0.5105136101303522,0.1105879670774443,0.896594598263198,0.4037267562406479,0.103405401736802,0.0,0.6666666666666666,0,-105.7677633022991,-105.7530306636273,G,Not significant
64,0.6454686967256857,0.1676175656025231,0.9586217432824704,8.401334470587825,0.04137825671752959,5.702399470204227,0.02626667471775501,5,-224.2332720041431,-216.3293604897371,K,Episodic Diversifiyng
65,1.788087483403526,0.2675182340934761,0.9706558338214957,13.2809592578134,0.02934416617850433,1.907320719032782,0.1914652877594142,2,-212.5544784521876,-211.0079841013576,Q,Not significant
66,1.351671843479471,0.08549242438362321,0.9318840070059258,2.783172322524441,0.06811599299407423,0.4409963897547868,0.4461029114706774,2,-210.4261907793561,-207.8153271222149,L,Not significant
67,1.363846619880699,0.0,0.7194300199263998,0.4471604385011949,0.2805699800736002,0.0,0.6666666666666666,0,-113.4351068075477,-111.3801520459184,N,Not significant
68,0.4383734439980867,0.2573473674683185,0.8632513497892648,3.610075483490957,0.1367486502107352,4.230929288395771,0.05611976928675078,0,-244.5475543615355,-242.6192734556065,L,Not significant
69,1.44679926244953,0.01010706358832063,0.5912424447039965,1.355195374111434,0.4087575552960035,0.0,0.6666666666666666,0,-281.2045187648905,-277.4016851682636,K,Not significant
70,0.7137531332746112,0.2285092378631593,0.9361400504160308,0.3783502780206427,0.06385994958396923,0.0,0.6666666666666666,0,-174.513523587425,-174.5167344341889,L,Not significant
71,0.5282094509096371,0.4874840728264995,0.9604675434891857,16.19832945135163,0.03953245651081427,6.152232217217147,0.02085469531082929,3,-339.4897305221741,-336.6247753161184,L,Episodic Diversifiyng
72,0.9770221520481651,0.01222857592727504,0.662727279004108,1.395625230015804,0.337272720995892,0.30431298794241,0.4892704177767684,7,-202.6377163338271,-198.2304827408969,D,Not significant
73,0.6622659696344638,0.2266414021846183,0.989302725674053,0.3296199836740757,0.01069727432594703,0.0,0.6666666666666666,0,-177.4763831628061,-177.4771582825781,N,Not significant
74,1.159921086575061,0.2664644839079772,1.0,0.4737491406910795,0.0,0.0,0.6666666666666666,0,-188.7938949779489,-188.7940554887521,W,Not significant
75,0.6925445938441719,0.1226649563283037,0.895984959715018,2.185918107146367,0.104015040284982,1.014540780375,0.3149287816323057,1,-167.5444234639158,-165.6333391618133,D,Not significant
76,1.8740897168854,0.3944804526627678,0.9759606556209488,8.26186017980707,0.0240393443790512,1.044376878925846,0.3095560412167653,1,-316.7657692812412,-315.7287984869575,S,Not significant
77,1.237339034212239,0.2164513712986647,0.8747901454775738,1.355299801843584,0.1252098545224262,-0.03860433221677795,0.6666666666666666,0,-232.1196135547844,-231.7958430920756,V,Not significant
78,1.817768973515219,0.464474867452973,0.8940539340033287,1.498271923326722,0.1059460659966713,0.0,0.6666666666666666,0,-317.6307219963833,-317.5698326484244,T,Not significant
79,1.187278694212172,0.1348418432568812,0.6343480132083347,2.623797932884486,0.3656519867916653,2.470666989370784,0.1414004636623989,2,-392.3858370089714,-387.129244893355,S,Not significant
80,1.769490223086438,0.06563813010676499,0.8019266688315041,2.707766408506772,0.1980733311684959,0.4649973789164505,0.4391912523545803,2,-276.946829563048,-271.3896844391402,T,Not significant
81,1.371460346634997,0.5674761881198706,0.9961723030028816,0.6509768578543655,0.003827696997118379,0.0,0.6666666666666666,0,-322.7770567022142,-322.7790588855148,F,Not significant
82,0.7617253357683437,0.0,0.6470741183873676,2.217032710907608,0.3529258816126324,3.255581730398944,0.09335392807535259,7,-271.6725166960006,-267.3964496222166,S,Not significant
83,0.8475372665148644,0.4059949117764509,0.9860360222193577,86.07375220086517,0.01396397778064229,10.24837324953432,0.002592469370120587,2,-274.3449222693516,-267.798419743927,K,Episodic Diversifiyng
84,1.063899177791763,0.3066819869171702,0.9102969312872968,0.808271036830174,0.08970306871270317,0.0,0.6666666666666666,0,-244.4945193263186,-244.4885775680969,L,Not significant
85,1.57800010389736,0.1249332275118653,0.9235163383572302,4.190228194266362,0.07648366164276976,1.57481973910717,0.2296938746577835,2,-244.6752127408051,-241.1926516146504,R,Not significant
86,0.7479315992509254,0.1397725711123106,0.8678647689546508,4.638394563547575,0.1321352310453492,6.786635755502573,0.01507419262312493,4,-255.7557326956727,-249.2324136076505,E,Episodic Diversifiyng
87,1.425149784391744,0.3182225366548787,0.9572246785162506,65.99678356516294,0.04277532148374941,10.91294289349389,0.001851634187494011,5,-307.4225915699811,-296.6929789142313,Q,Episodic Diversifiyng
88,1.062897131594148,0.2750819208449645,0.9827809157532851,34.29591317365998,0.01721908424671492,2.42317463507618,0.1450313133527729,3,-257.5028089435175,-256.2106548206501,L,Not significant
89,0.8620757367747556,0.2255213694350519,0.9428528477394242,3.194015232895909,0.05714715226057576,0.8894500703577819,0.3387214314218892,1,-255.8609617666067,-254.5990365005895,G,Not significant
90,0.9304988031424344,0.0,0.9441146772094332,1.297556233141568,0.05588532279056679,0.133157669818786,0.5576034366827876,5,-179.5262991266009,-176.6218097393131,P,Not significant
91,1.379331966911993,0.3869524228591371,0.9674502281704263,36.97237102479035,0.03254977182957375,13.5532556575356,0.0004876081149675082,2,-280.2618381268755,-269.6119070024478,V,Episodic Diversifiyng
92,0.8872174596985337,0.2473812248518005,0.9898642416648404,23.10200769375142,0.01013575833515956,1.469573163846235,0.2434801104567364,1,-251.9524829754604,-250.6410768090037,T,Not significant
93,0.8161148954383686,0.3196322799850511,0.951519914900804,0.4223650656756199,0.04848008509919599,0.0,0.6666666666666666,0,-168.5489421266274,-168.5504958294847,Q,Not significant
94,1.289132602341745,0.0,0.5881665254904807,1.184692735976608,0.4118334745095193,0.0,0.6666666666666666,0,-219.4552614619701,-215.8110035016093,E,Not significant
95,1.313860824364425,0.3312683848735684,1.0,0.6481020352724307,0.0,0.0,0.6666666666666666,0,-203.7583826261857,-203.7607476469552,F,Not significant
96,1.225808624809521,0.1482710987467472,0.8641837133179308,1.739524909194631,0.1358162866820692,0.02741535482158497,0.6222220411739865,0,-214.646225838827,-213.462702227567,W,Not significant
97,1.000165457918136,0.515561988501517,0.9172057272888886,6.040811788296497,0.0827942727111114,1.874578100088797,0.1949045221528888,0,-360.8995422864151,-359.450889903532,D,Not significant
98,0.4681557559068558,0.149897340640428,0.8955872776800706,2.527399337426905,0.1044127223199294,1.85861010965175,0.196605856039498,2,-202.6542156791467,-199.375815588772,N,Not significant
99,1.623378746894824,0.2893297909854822,0.9567891306803354,0.5099835170134157,0.04321086931966456,0.0,0.6666666666666666,0,-221.3272717008689,-221.3287408630009,L,Not significant
100,0.9774580157592369,0.2858733157509487,0.6866981674255925,1.726655501700128,0.3133018325744075,0.5304437023053197,0.4211725598308483,0,-301.989110519482,-300.9736048099263,E,Not significant
101,1.10810433502854,0.0,0.5066262659264027,0.5916800132293067,0.4933737340735973,0.0,0.6666666666666666,0,-200.9625601994805,-200.1891410838827,K,Not significant
102,0.382191389387847,0.1768215011949545,0.8552723403559817,3.1214931068664,0.1447276596440183,6.818113024480624,0.01483367858017781,2,-223.9693395429655,-219.4670393648195,E,Episodic Diversifiyng
103,1.383239835769559,0.07512304006227187,0.9856164950371171,9.898710292242278,0.01438350496288288,2.960201469768435,0.1090599368769668,2,-242.8903350083038,-239.2541455964086,T,Not significant
104,0.9745388500973721,0.1789226854650771,0.7966218457633105,2.73335920346621,0.2033781542366895,2.143413248151205,0.1685102333207436,1,-264.8994996250249,-261.3195827033962,E,Not significant
105,1.124978788571925,0.4197408811080864,0.8953769253262657,10.75010854512331,0.1046230746737343,7.220357782868405,0.01207967642285734,2,-342.1954045175003,-335.9404760308207,G,Episodic Diversifiyng
106,0.6033598857771716,0.4525103543635501,0.8104380286512376,0.7554433850843677,0.1895619713487624,0.00512463631139326,0.6486076322813735,0,-220.995401280978,-220.9920157306404,L,Not significant
107,0.998328791119065,0.07225515154519302,0.9889436092983422,26.55032350436941,0.01105639070165776,3.386457811291166,0.08715925984080863,3,-175.9711927803099,-173.1341330614575,R,Not significant
108,2.046853972594576,0.5043173401337576,0.9709479148916743,502.8620537512584,0.02905208510832569,23.66442015942505,3.008501876067271e-06,4,-319.2532250566141,-303.4943114041367,Q,Episodic Diversifiyng
109,0.9759382829008932,0.1598387754909706,0.9198764251494211,7.273108514901723,0.08012357485057886,8.80679814999138,0.005386746363267414,6,-231.1763825572851,-218.2714212423234,E,Episodic Diversifiyng
110,0.9625994780636956,0.2640446299662952,1.0,0.4390822953492624,0.0,0.0,0.6666666666666666,0,-176.9273760613914,-176.9276787216078,M,Not significant
111,0.9126996140932269,0.3961639205035223,0.8811675347187353,5.156185416347834,0.1188324652812647,0.1558234827747356,0.547092921376542,1,-320.614523621996,-317.8291820845424,S,Not significant
112,0.8060267967735619,0.3325351985132626,0.9767431466394364,23.02028493119913,0.0232568533605636,4.81503417275519,0.04147789795951917,3,-248.2506501086342,-245.4288759154779,K,Episodic Diversifiyng
113,2.582591178661222,0.09059868105627614,0.9802197458104355,1.774189640731327,0.01978025418956453,0.0,0.6666666666666666,0,-154.4772464936617,-154.0170436674875,D,Not significant
114,0.9349121942338416,0.2452969155603781,1.0,0.4721529941988601,0.0,0.0,0.6666666666666666,0,-190.0199956410771,-190.02029790034,L,Not significant
115,2.796215512090774,0.2646216232440802,1.0,1.523010325079396,0.0,0.0,0.6666666666666666,0,-183.2746986871855,-183.2754704680718,E,Not significant
116,1.257933236033736,0.3162983232098249,0.9368342834389751,4.584220682758368,0.06316571656102488,2.173466638431194,0.1658055743793173,3,-245.0910783630478,-242.2170375429795,E,Not significant
117,0.5802049204128477,0.06496658256311016,0.8896519706054723,0.776953390715385,0.1103480293945277,-0.3989312193925798,0.6666666666666666,0,-134.4795149324736,-134.1522595553905,V,Not significant
118,0.9486148986115504,0.1429378524715535,0.961490869470953,2.257670655684262,0.03850913052904703,0.4599547800160053,0.4406291068786095,0,-197.7680210795445,-197.5012312040257,K,Not significant
119,1.125991594133869,0.6522967349401573,0.9791058175695929,173.2174049577713,0.02089418243040708,6.763345372417461,0.0152546770221198,2,-335.7685219448357,-332.3678106971013,A,Episodic Diversifiyng
120,2.48679300163409,0.1624351492632431,0.9143534989772417,1.999809071908026,0.08564650102275828,0.0,0.6666666666666666,0,-194.8568658623937,-193.7857082925462,K,Not significant
121,0.7393529823248199,0.0,0.6490814745622895,0.7623785875695922,0.3509185254377105,0.00468993657301553,0.6494281713557101,12,-184.2147433466191,-182.5789282015171,V,Not significant
122,2.001944370006572,0.0,0.4689359629829169,0.514311944904521,0.5310640370170832,0.0,0.6666666666666666,0,-172.7780314898166,-172.1830232702125,Q,Not significant
123,0.286573047213608,0.0,0.8515469940421905,0.3475479167266737,0.1484530059578095,0.006663659104219732,0.6459290166022268,4,-95.87268506384973,-95.70055392543487,P,Not significant
124,2.047582412547884,0.0,0.5587840837944423,0.8455089622992016,0.4412159162055577,0.0,0.6666666666666666,0,-206.2947541219123,-204.1388981088192,Y,Not significant
125,0.6591800495671886,0.0170169796184131,0.8007627770509615,1.756905871427614,0.1992372229490385,2.021526752498971,0.1799699947016403,7,-215.2876977838274,-210.7230525089617,L,Not significant
126,1.796203735657626,0.3835039732353308,0.9909035322666023,25.02158189779188,0.009096467733397673,1.632186600604996,0.2225440031091045,1,-263.4740393429769,-262.4682887281486,D,Not significant
127,1.885693481248358,0.05075268759110636,0.6940304661966182,2.253300996803645,0.3059695338033818,0.05094094140162042,0.603875621328152,2,-258.4559439153448,-254.0834458332713,D,Not significant
128,0.4309342359554784,0.08011310564698426,1.0,0.05250443987195945,0.0,0.0,0.6666666666666666,0,-89.34357871779362,-89.34408819657907,F,Not significant
129,1.904210373813863,0.1974931664357333,0.9539404852909855,7.968688101254479,0.04605951470901448,2.258701581001617,0.1583820739870069,1,-246.9267258187746,-244.100039221597,Q,Not significant
130,1.409737599908202,0.3523868501688633,0.9587154122508963,26.27777753158181,0.04128458774910371,12.20160860201941,0.0009649686285827519,4,-273.3200911290367,-264.3039787169021,K,Episodic Diversifiyng
131,0.8689968157182811,0.07066232020741967,0.8469338659247627,1.045023999081959,0.1530661340752373,0.03152333828899145,0.6186560543166912,1,-159.3368628265638,-157.8800725339486,K,Not significant
132,1.624687066543577,0.2493504933436574,0.9885343200311778,11.15219917462931,0.0114656799688222,0.7257720761720066,0.3733545460505953,1,-178.7957817379278,-177.9075574824017,W,Not significant
133,1.239012493857247,0.0,0.7025464940359477,2.645191929428414,0.2974535059640523,2.464792214044394,0.1418443815876292,14,-266.0133677656189,-254.1134633988374,Q,Not significant
134,1.973277311689608,0.2092118531003047,0.989785243117283,10.45872596584726,0.010214756882717,0.9738097688762082,0.3224455701355524,1,-180.5486926441391,-179.3675357403893,E,Not significant
135,1.172100148996272,0.1121275045464565,0.9816795164618479,3.247127881329111,0.01832048353815208,0.3253590089781824,0.4821380456622977,1,-131.4458058005974,-130.9593849410605,E,Not significant
136,0.9357517863099394,0.7295957752588771,0.8885582169809475,0.7650315475660554,0.1114417830190525,0.0,0.6666666666666666,0,-303.6161251580289,-303.6161856361735,M,Not significant
137,2.944705506977132,0.3736116484602285,0.9133290453843071,1.779035557248464,0.08667095461569285,0.0,0.6666666666666666,0,-244.7373472573562,-244.5687358048843,E,Not significant
138,1.273632744752385,0.09584884125756209,0.8241141481992486,4.437577810135696,0.1758858518007514,4.617489777410469,0.04593575776040082,4,-267.9682271315359,-258.9817941257315,L,Episodic Diversifiyng
139,0.8065869693904496,0.0,0.8518590562089429,0.5268560999120843,0.1481409437910571,0.0,0.6666666666666666,0,-80.54765038132066,-79.51522942423958,Y,Not significant
140,0.9803694827644346,0.0,0.746723033393505,0.5045145128722923,0.253276966606495,0.0,0.6666666666666666,0,-191.2238879880489,-189.5601249276352,R,Not significant
141,0.5862112402422857,0.0,0.6289392810910176,1.676373509312996,0.3710607189089824,3.42712648296083,0.08532165227555966,16,-219.1698455856647,-213.5256048193837,Q,Not significant
142,1.361202369294696,0.1126778334399855,0.8789885243877233,4.622071504016253,0.1210114756122767,3.447428235942198,0.0844192606053008,4,-246.7704465416021,-238.4180060592791,K,Not significant
143,0.3708973843219957,0.0,0.8129530915327225,1.90274535297862,0.1870469084672775,5.1035224198572,0.03574275768655266,13,-166.1117953372167,-161.3676521842787,V,Episodic Diversifiyng
144,2.697162010068658,0.3354512934655891,0.8761586912453494,2.494297774627302,0.1238413087546506,0.0,0.6666666666666666,0,-284.86895328459,-284.1900594680437,E,Not significant
145,0.7645949918841921,0.01638544740377665,1.0,0.06800606575576944,0.0,0.0,0.6666666666666666,0,-121.5004544952073,-121.5020142265069,P,Not significant
146,0.7363094092608611,0.2820576657344999,0.9881073548193474,14.22488990337872,0.01189264518065258,1.771574251056222,0.2061656744342757,1,-197.6961626873203,-196.5631251953285,L,Not significant
147,0.8390341282471542,0.5600687863293817,0.921313662338205,0.5548232263012357,0.078686337661795,0.0,0.6666666666666666,0,-276.1055411341558,-276.1068927152335,R,Not significant
148,1.156016624812113,0.0,0.4386193554147503,1.547333304155279,0.5613806445852497,0.2803089575576223,0.4976650836961616,16,-324.0707082450929,-322.3009607893229,A,Not significant
149,0.3997132185003496,0.1989375025120674,0.8815161274713251,0.5621569567796479,0.1184838725286749,0.02393260710658751,0.6254221232792827,0,-133.8741596515971,-133.8501068418821,E,Not significant
150,0.8396767609317259,0.1642727671791191,0.9753372117773776,10.74617209229326,0.02466278822262236,2.521932692726409,0.1375878902776528,0,-188.7232504308615,-185.8043519219585,L,Not significant
151,1.216799307772803,0.1626446042949968,0.7742003678541243,2.856183307145216,0.2257996321458757,0.7621743317915843,0.3652714035141894,0,-304.6768154240401,-302.1180465423949,Q,Not significant
152,1.537105558663355,0.4323703812625145,0.9803612607145294,7.734634094556557,0.01963873928547055,1.141629551027904,0.2927829225483878,1,-263.2844346659331,-262.7140694647753,E,Not significant
153,1.717468825399148,0.1671454411312372,0.8818241052357246,1.954627002419905,0.1181758947642754,-0.001259684652438864,0.6666666666666666,0,-239.390065699938,-237.9937378967796,G,Not significant
154,0.4909451455132534,0.2250404742325671,0.9959332626633767,0.1707737903836991,0.004066737336623327,0.0,0.6666666666666666,0,-161.1546964335838,-161.1557953328439,A,Not significant
155,1.215673198292639,0.1999791740218837,0.8587406506872532,2.752158457464664,0.1412593493127468,0.8154246956358975,0.3538521207014456,0,-274.9123641436696,-273.7188366389021,R,Not significant
156,1.415787800544192,0.3341246946693933,0.8655012897282642,2.039810478753176,0.1344987102717358,0.06594080697601612,0.5939770394859452,0,-228.0277377957043,-227.3435690658695,Q,Not significant
157,0.9145928991373022,0.0,0.7244731970713488,1.298992184922375,0.2755268029286512,0.3796070639045865,0.464622008928397,12,-174.8025659204866,-169.9445096704749,K,Not significant
158,0.8710097808904297,0.1665223209929069,0.8757848047225562,2.022719551545397,0.1242151952774438,-0.03884058861740414,0.6666666666666666,0,-206.5323208303219,-205.5452224503787,L,Not significant
159,1.181499917969487,0.3747259584976388,1.0,0.7380062640823496,0.0,0.0,0.6666666666666666,0,-207.2529458710029,-207.2544496241617,H,Not significant
160,1.048627978052855,0.2148229921845259,0.920360249596614,4.020212103483132,0.079639750403386,1.622347121069424,0.2237527593045897,1,-244.1787810782988,-241.5337025832578,E,Not significant
161,0.4616599971322932,0.0,0.4034850471763611,0.4251004200176938,0.5965149528236389,0.0,0.6666666666666666,0,-159.2426617031088,-159.0311330679491,L,Not significant
162,1.662766166942354,0.2810639770325609,0.9031209742777427,1.157069780034821,0.09687902572225726,0.0,0.6666666666666666,0,-241.599933820505,-241.5406117572028,Q,Not significant
163,0.3942029471524547,0.2774050689917097,0.7336171231979705,2.637098480259674,0.2663828768020295,5.697000005059977,0.02633960319304107,1,-269.8083720433445,-267.6039560517669,E,Episodic Diversifiyng
164,0.5286797800400331,0.05921385838639247,0.8898979620912404,1.229354196144208,0.1101020379087596,0.5867210805698164,0.4065498061278398,2,-125.8410491901379,-123.8049598955283,K,Not significant
165,0.6686219764233592,0.2538901682809884,0.9834070484491075,0.32842016693284,0.01659295155089247,0.0,0.6666666666666666,0,-178.1580888144916,-178.1592125923249,L,Not significant
166,0.6732744698599179,0.07871061668476047,0.5880420586970554,1.295578538170522,0.4119579413029446,0.9522104177584083,0.3265198328028976,1,-253.8945752156114,-252.1136790275538,S,Not significant
167,1.388652896549071,0.0,0.9585354445539105,2.922098377295767,0.04146455544608951,0.9584966490371585,0.3253276344123338,4,-206.0157104278765,-196.9163423894628,P,Not significant
168,0.7764931200638246,0.3405192093151185,0.8707221265094188,2.723785059201293,0.1292778734905812,0.2942693139185621,0.4927477695372089,0,-260.1298802952361,-259.5739675519298,L,Not significant
169,1.133256038060954,0.3172423650343962,0.8945606856768149,0.9151309121366423,0.1054393143231851,0.0,0.6666666666666666,0,-269.0921376698357,-269.0538697436185,G,Not significant
170,2.605221982019011,0.2852227658933719,0.9780801763298916,9.620792920831665,0.02191982367010836,0.4996205953866024,0.4295145267354071,1,-225.2100248555746,-224.1250625564386,E,Not significant
171,1.218189095869265,0.1932102093611005,0.8815721747722125,0.9114477769013178,0.1184278252277875,0.0,0.6666666666666666,0,-177.4486452262131,-177.2275317927707,E,Not significant
172,1.153413016550807,0.4535141912641427,1.0,0.598974935714165,0.0,0.0,0.6666666666666666,0,-277.7154339450436,-277.7165121277899,M,Not significant
173,1.142800830303879,0.04256603787613791,0.8909494560438516,1.296083082227522,0.1090505439561484,-0.03847973036681651,0.6666666666666666,1,-206.6760242802612,-205.669577455513,R,Not significant
174,1.108209760363912,0.09763885822527099,0.8777893141654438,5.25177425886451,0.1222106858345562,3.692812629704406,0.07425540675571474,4,-230.4774958519728,-221.5904844646001,D,Not significant
175,1.561226091042571,0.1691533712642185,0.9791335086146399,10.26801473815218,0.02086649138536012,3.487768614695369,0.08265514026807474,2,-213.6961406121632,-210.2334537346384,R,Not significant
176,1.309919303623042,0.3411659970172671,0.9708133971650433,12.70622534247005,0.02918660283495667,3.335700965649949,0.08950990626595845,2,-275.1237522281012,-272.5480327297108,A,Not significant
177,0.7347475129346323,0.0,0.6680960790874295,1.330458194805617,0.3319039209125705,1.527008125911436,0.2358464810962769,11,-248.1071842422837,-244.2571564996568,R,Not significant
178,0.4055206039090773,0.1113874543016657,0.6272867172255703,2.681698576404261,0.3727132827744297,16.01896495543838,0.0001406554477996202,1,-335.6216869249693,-330.2394926335401,A,Episodic Diversifiyng
179,2.172342450012228,0.0,0.8088396753981342,0.6312561713378164,0.1911603246018658,0.0,0.6666666666666666,0,-136.2389771409884,-135.2766130055332,H,Not significant
180,0.9412116135325491,0.0,0.5479082174482173,0.5741682609043595,0.4520917825517827,0.0,0.6666666666666666,0,-191.9474733814816,-191.4749072828617,V,Not significant
181,1.564972911441712,0.1803630597069381,1.0,0.8064910395493243,0.0,0.0,0.6666666666666666,0,-142.4662374930413,-142.4662699009936,D,Not significant
182,1.491820545511391,0.05807686952129596,0.7871949582417264,1.919426992772287,0.2128050417582736,0.1330243733168004,0.557667215406549,2,-212.2057089193899,-208.8795105040275,A,Not significant
183,0.2290751827309211,0.06344961933399362,0.9149782495890121,0.5989533240280412,0.08502175041098792,0.03401967089331492,0.6165819664837321,0,-93.84387621942344,-93.61252608905187,L,Not significant
184,0.7522912834012029,0.05728042135704708,1.0,0.3193490917920808,0.0,0.0,0.6666666666666666,0,-100.2403906998133,-100.2430276808299,R,Not significant
185,0.8215131739897109,0.0,0.6312732455880111,1.886556522837363,0.3687267544119889,3.362972088840024,0.08823893664634552,17,-299.4602204103021,-293.3685015844594,T,Not significant
186,0.5637917637047097,0.1267927505263237,0.8316104721847293,2.351267928309445,0.1683895278152707,2.532664354658209,0.1368035048282957,2,-210.079071321918,-207.0088961856629,H,Not significant
187,0.6026210614267036,0.07048757249723382,0.8608656362732476,1.223409115456658,0.1391343637267524,0.3738560130639712,0.46642422912097,2,-173.6522780846684,-172.5002844640314,L,Not significant
188,2.192788720839715,0.4032999010119576,0.9468236815660451,1.533360361175269,0.05317631843395487,0.0,0.6666666666666666,0,-304.2767574605037,-304.220311664863,A,Not significant
189,0.3828020733824893,0.05281138661920923,0.9260298791100723,0.04220546935691859,0.07397012088992772,0.0,0.6666666666666666,0,-112.7155326558,-112.7159691406356,P,Not significant
190,0.9195219331338983,0.1884417801710277,0.9624979662172505,2.870453714313335,0.03750203378274952,0.6815544150495612,0.3834952870557818,1,-166.4380932571428,-165.3620330585538,Y,Not significant
191,1.281015659455783,0.1354145009774826,0.8945157096730338,1.282868662304819,0.1054842903269662,-0.01157524296996826,0.6666666666666666,0,-209.259279599476,-208.5776908907289,S,Not significant
192,5.763157082455787,0.09584285541782601,0.7193940441159685,1.194102422290505,0.2806059558840315,0.0,0.6666666666666666,0,-237.4512682968083,-235.8885903757561,D,Not significant
193,0.8076290383013583,0.3530212835477246,0.8375748955234468,2.032559131908731,0.1624251044765532,-0.4140963087090768,0.6666666666666666,0,-297.5506756960211,-297.0208430377118,E,Not significant
194,0.8286677733392046,0.1581541234321462,0.8873855783819858,1.029064280715335,0.1126144216180142,0.07179842646064571,0.5903579055428233,0,-185.204150404662,-184.9460386689375,L,Not significant
195,1.32478141986431,0.1106875213029025,0.9258398209055803,1.267089414000942,0.07416017909441974,0.0,0.6666666666666666,0,-232.2399634850129,-231.5512456288976,R,Not significant
196,0.750514624957688,0.0,0.5769925858471389,2.03612124912687,0.4230074141528611,5.35072300010961,0.03147080905828104,17,-285.143961989728,-277.4231829257892,Q,Episodic Diversifiyng
197,0.7681109885920387,0.100827931050081,0.9540554900833851,3.60100396922951,0.04594450991661492,1.714325588298379,0.2127278069191497,3,-153.9661878758417,-150.8192220471958,R,Not significant
198,0.630199904330683,0.4437372758236454,0.8902099146995778,0.3996604396580486,0.1097900853004222,0.0,0.6666666666666666,0,-214.746124805998,-214.7488100893973,L,Not significant
199,0.763191726527382,0.1169175938991234,0.8596884842105361,4.473273988241839,0.1403115157894639,9.857249074441825,0.00316085656214371,7,-303.4315988645304,-292.7095658244614,A,Episodic Diversifiyng
200,1.497747969358816,0.166546414454787,0.7360054225859217,2.373824668469611,0.2639945774140783,0.2862773300444132,0.4955505714478988,1,-255.997696813216,-252.2672634065414,A,Not significant
201,0.8337711688758436,0.09852911310047158,0.8897621965084371,2.022614802565972,0.1102378034915629,1.230219123035397,0.2784226056467278,2,-213.5475475296609,-210.4322969395778,R,Not significant
202,0.8256663089304828,0.2886951809253532,0.9868441560242771,0.3101377470444487,0.01315584397572289,0.0,0.6666666666666666,0,-210.238506010932,-210.2392323294479,L,Not significant
203,1.269417920358913,0.2058551036348704,0.9898881997147979,338.0940967029369,0.01011180028520209,3.953489555785211,0.06482273567364949,2,-170.8826125801141,-168.1526538527904,E,Not significant
204,1.629139597897959,0.0,0.6988039229053709,2.915576374671558,0.3011960770946291,1.549742251456451,0.2328985398325901,14,-289.0873255209204,-279.2500268311265,A,Not significant
205,0.7388691029413752,0.09660193183124867,0.8739862058300217,1.484463302795381,0.1260137941699783,0.3410332181281888,0.4769540281186446,1,-181.5359185407299,-180.2255955609692,L,Not significant
206,1.399408299035669,0.2316249987518525,0.9046399788330475,0.2708890578774642,0.09536002116695252,0.0,0.6666666666666666,0,-200.6870114349473,-200.6902223799052,K,Not significant
207,1.134671156423889,0.3342935601867327,0.847649180888627,3.060700243445476,0.152350819111373,0.5202271553662285,0.4239102460879103,0,-281.6350806837476,-280.5505031798491,E,Not significant
208,1.088976246254151,0.3377010256248882,0.8223761023377377,2.017812869021327,0.1776238976622623,0.008804084114387933,0.6426293727571816,0,-252.8191144526619,-252.1642399752022,N,Not significant
209,0.8001999587417937,0.0,0.6837728392144449,1.206622960904294,0.3162271607855551,0.7322229689073652,0.3719050889007111,11,-205.8059543669796,-201.6356866150368,G,Not significant
210,0.605250663051275,0.0,0.2699515923879541,0.921710403851942,0.7300484076120459,0.4013319709350753,0.4579220646671958,11,-301.3130965098386,-301.0942941654865,G,Not significant
211,0.6955416132395658,0.1392197887215361,0.9736927305585485,0.227842175268146,0.02630726944145145,0.0,0.6666666666666666,0,-200.7217444395739,-200.7240961171474,A,Not significant
212,1.349078655802229,0.03577138203592351,0.7773884398514713,2.528766056947143,0.2226115601485287,1.383755891058001,0.2554048992908605,8,-250.4397985681709,-240.9611281770968,R,Not significant
213,1.170568128600805,0.0,0.8212876443107596,2.144529995116817,0.1787123556892404,1.754557978985417,0.2080928882985599,11,-250.3816379840546,-242.5905975221497,L,Not significant
214,1.699453979202999,0.2559192005054113,0.9311362568042523,0.990330885186923,0.06886374319574773,0.0,0.6666666666666666,0,-256.3338483892121,-256.2995608824638,A,Not significant
215,0.8155661718609419,0.2252531137673715,1.0,0.2705012073459612,0.0,0.0,0.6666666666666666,0,-179.4534993304013,-179.4542951899089,E,Not significant
216,0.8974942811874337,0.0,0.8847036055118298,1.314622383347314,0.1152963944881702,0.2837038112316179,0.4964600565230133,5,-115.3436748538157,-108.5835708863324,Y,Not significant
217,1.483423881919054,0.1601897200153569,0.9051619297082785,1.147918824498295,0.09483807029172153,0.0,0.6666666666666666,0,-179.6371456644181,-179.3167132597172,H,Not significant
218,0.5660899584100269,0.2041780488607411,0.8570063514017611,0.5238117971811459,0.1429936485982389,0.0,0.6666666666666666,0,-175.59964870532,-175.5684009627274,A,Not significant
219,1.296327846018121,0.1474975394488091,0.9385409110795292,0.9743965847836257,0.06145908892047081,0.0,0.6666666666666666,0,-135.8430354284136,-135.6595926376825,K,Not significant
220,0.6241221517028236,0.5249788036173263,0.9018724158178443,0.5133887078706293,0.09812758418215572,0.0,0.6666666666666666,0,-229.1974453542071,-229.1986254930306,A,Not significant
221,0.9334040435885919,0.4923328843923936,0.9006276677526583,8.706152881781962,0.09937233224734165,9.324625669446846,0.004141301069846226,2,-348.7788834067746,-341.9009528346386,T,Episodic Diversifiyng
222,2.177463964427258,0.1703983463939444,0.8658508978327768,2.681926250987957,0.1341491021672232,0.03996205499436201,0.6118794361199438,1,-212.0042578739572,-209.4342993253312,E,Not significant
223,0.9967937413971538,0.3931407604233907,0.870987240146643,1.692528074589182,0.129012759853357,0.189409023030521,0.5325579653976464,0,-289.1413985742651,-288.9646034766826,H,Not significant
224,1.186111953803786,0.1982097518242446,0.9648931421496867,3.040766394029594,0.03510685785031331,0.5342935485732028,0.4201477899357438,1,-195.3754080651872,-194.4158858056546,L,Not significant
225,1.370956465016141,0.0,0.4426033278224175,1.655810342741456,0.5573966721775825,0.2823495638026543,0.4969400317754549,13,-363.6090369466216,-358.1053346314148,S,Not significant
226,1.623092525524321,0.2468385236574203,0.5502156788522828,1.656386329909574,0.4497843211477172,0.0005137599233648871,0.6611474332386197,0,-333.1980631226905,-332.5157601900372,T,Not significant
227,0.8627826178028878,0.1927716460256182,0.9736031566840896,23.92197283846153,0.02639684331591041,3.302024592932185,0.09110541665945027,2,-245.177494377699,-242.9824123395957,L,Not significant
228,2.410843345046405,0.0,0.507852488363797,0.8329724689258445,0.492147511636203,0.0,0.6666666666666666,0,-295.1515456010928,-293.8484364577857,S,Not significant
229,1.363126803467862,0.0,0.5662499950898126,1.093925350730524,0.4337500049101874,0.0,0.6666666666666666,0,-206.1136819680732,-203.0870089010799,E,Not significant
230,0.8222630661815006,0.2180972172678811,0.950346896678103,5.948492479410325,0.04965310332189699,1.781423875901396,0.2050589889366641,4,-206.7659836996675,-203.578523945425,K,Not significant
231,0.9595843210321866,0.6059791798160905,0.9447789681951605,0.6220837824485591,0.0552210318048395,0.0,0.6666666666666666,0,-285.8448686433984,-285.8464434963942,A,Not significant
232,1.410426081424701,0.5087207578610748,0.992110195071013,0.6368165709537652,0.007889804928987054,0.0,0.6666666666666666,0,-284.2375044574486,-284.2390448694231,K,Not significant
233,0.8783740910860501,0.06694700973248362,0.9017549460626465,1.178524475364435,0.0982450539373535,0.1596215682058073,0.5453915954361624,1,-173.4912385498425,-172.3758911217059,P,Not significant
234,1.04712204425188,0.4285328867546623,0.9713608562761008,24.74152391772283,0.0286391437238992,5.2853600198614,0.03254740174545911,2,-251.2785618324534,-247.9998636920548,A,Episodic Diversifiyng
235,0.8312292376940651,0.5616690871584458,0.942005778123343,0.4917352778435812,0.05799422187665704,0.0,0.6666666666666666,0,-268.9364584666552,-268.9374943531992,L,Not significant
236,1.035190271199775,0.210833715162643,0.9020109294576902,5.470028383616476,0.09798907054230976,3.427146620369967,0.08532075229717007,4,-234.7939473820332,-228.9203028702725,E,Not significant
237,0.8867229034867687,0.1841713605152098,0.8468731710047217,1.872695171574891,0.1531268289952783,-0.03429506116719949,0.6666666666666666,0,-201.3260968388132,-199.9085784051712,D,Not significant
238,0.7810619629733725,0.2044976340271683,1.0,0.3265145933520414,0.0,0.0,0.6666666666666666,0,-175.6765705138762,-175.6781057248343,L,Not significant
239,1.022084259395933,0.2645758050095026,1.0,0.4726579844511679,0.0,0.0,0.6666666666666666,0,-197.8403046505534,-197.8413196969683,R,Not significant
240,1.46741135250611,0.0,0.6727234263460715,1.981089614523984,0.3272765736539285,0.3590471758039939,0.4711224535799613,10,-265.727547841642,-260.1010071298273,Q,Not significant
241,0.8790686237340342,0.1572874227522632,0.985036335083477,238.314483814027,0.01496366491652301,5.956873121091405,0.02305118500256909,2,-186.243164684429,-183.266909940373,G,Episodic Diversifiyng
242,1.439821851991371,0.28574350353038,0.9808918392237839,43.51539493112926,0.01910816077621613,7.385375984496363,0.01110451113511157,2,-256.757162450075,-251.3676234806792,L,Episodic Diversifiyng
243,0.6704693488735188,0.2956909182873509,0.8410521607693455,6.595274645526548,0.1589478392306545,12.55191647221329,0.0008084355625300743,1,-318.3692483713562,-312.1011896370027,L,Episodic Diversifiyng
244,0.6181765760706498,0.0,0.9362189605613147,3.661848525208302,0.0637810394386853,7.77866999449958,0.00908761495429522,7,-189.9742244645026,-176.7651062429131,P,Episodic Diversifiyng
245,1.358306239141831,0.0,0.7632066073800183,3.820102743168574,0.2367933926199817,5.375998275432835,0.03106422485959959,13,-300.8029816590285,-291.7104328829945,V,Episodic Diversifiyng
246,1.274155625010096,0.3536335327604631,0.8400718879316985,2.968857591719394,0.1599281120683015,0.5590984818843481,0.413632759865207,0,-334.8235816246969,-333.4018328883236,L,Not significant
247,1.504097392735626,0.109637880498039,0.9211302292376153,4.14735532882954,0.07886977076238466,0.5478803290849896,0.4165606354032008,3,-191.3844400423104,-187.3466650713631,E,Not significant
248,0.7054224854922256,0.526718393262019,0.9591077127911194,5.81393354520645,0.04089228720888061,1.462209588499945,0.2444785174706042,0,-292.1272767400658,-291.3812814058014,S,Not significant
249,0.8165497821466654,0.1087276322136673,0.6588007171410647,1.883455734849461,0.3411992828589353,1.433579312140296,0.2484040706751309,1,-280.2797021115042,-278.0275324572004,F,Not significant
250,0.9383564663412393,0.1016258554822712,0.9616589892533494,3.864712733630653,0.03834101074665064,1.775165437079579,0.2057614270754205,2,-153.3827075352936,-149.9847919607325,K,Not significant
251,0.8345952135554975,0.4180029483365104,0.8375931311172968,8.169905992313272,0.1624068688827032,15.11497904491353,0.0002218148960489996,3,-409.2725655812645,-401.7309239546875,V,Episodic Diversifiyng
252,1.243666745378863,0.3198786262254279,0.9649111218285612,6.037221990247656,0.0350888781714388,1.926206840198176,0.1895112419654669,2,-253.2628300006688,-250.707962862046,S,Not significant
253,1.633938048615517,0.6188388447219808,0.9946394694114632,252.3383937952155,0.005360530588536805,2.868364275751787,0.1144813950131559,1,-330.6655302656513,-328.8990263956372,F,Not significant
254,0.5970434345427919,0.06614321123555864,0.5976500520557565,4.264657050181863,0.4023499479442435,19.49341944595142,2.447355999279921e-05,10,-359.7230520073122,-353.6403838793576,L,Episodic Diversifiyng
255,0.7514419627540172,0.2945003744315934,0.8855268633004562,30.52513278886646,0.1144731366995438,26.10325705806099,8.841754617350261e-07,6,-416.5064600102814,-400.0337809543809,S,Episodic Diversifiyng
256,1.744165633617359,0.01116119750100284,0.6128136258485015,2.492567457216124,0.3871863741514985,0.6038426417946994,0.402246642426235,9,-357.0404348207366,-350.1374080967847,A,Not significant
257,1.598902468931476,0.3303203137607605,0.8501738103735048,4.250761911084235,0.1498261896264952,0.8706244237775991,0.3424910420634503,1,-320.0244205507249,-317.3962775767749,L,Not significant
258,3.483734191874782,0.3188948079779955,0.7488288507640221,2.115966604822158,0.2511711492359779,0.0,0.6666666666666666,0,-334.3406030084734,-333.3187272396348,E,Not significant
259,0.5953640715946018,0.2303981296446667,0.8074727019815016,3.49056067591003,0.1925272980184984,7.628746520376012,0.009808917644591353,3,-289.6040716175403,-284.7167253532483,E,Episodic Diversifiyng
260,0.8986766459898945,0.3497823092188807,0.9906233238025145,33.60956180821098,0.0093766761974855,2.738384876940813,0.1226369453530453,2,-246.6701135829404,-244.7945857966454,Y,Not significant
261,0.841046774949176,0.000165072198703811,0.4947645829734533,2.2256516465575,0.5052354170265467,6.153845513736201,0.02083746457431079,13,-376.4249912367821,-370.8170017388837,T,Episodic Diversifiyng
262,1.056427530562991,0.2089399557154649,0.9616618419822582,467.2503832638199,0.03833815801774176,14.82633231183985,0.0002565578906951194,7,-255.8529344744715,-245.2544674757289,K,Episodic Diversifiyng
263,0.6869566335176057,0.3647318968477791,0.900576393552335,14.97343175245348,0.09942360644766501,12.90577103758153,0.0006761261456010859,4,-367.1878837229341,-356.3681300305303,K,Episodic Diversifiyng
264,0.8228359022865848,0.4427917953069404,0.958028649771439,24.81772045959099,0.04197135022856102,6.224110047286786,0.02010077794663467,2,-290.2639472499058,-286.1446579512556,L,Episodic Diversifiyng
265,1.504929285757259,0.6296485151724953,0.9532717350349146,16.93765859072365,0.04672826496508542,3.13265666512541,0.09958541277183686,3,-371.2875627256111,-367.3947534336356,N,Not significant
266,1.058212927161204,0.000381128981408766,0.3877299881531251,1.342696004534441,0.6122700118468749,0.4354905526275843,0.4477132219444371,13,-305.7407884575157,-304.1781644626795,T,Not significant
267,1.700705256549014,0.7000802870799941,0.9613931313719011,86.62015443193614,0.03860686862809892,0.2332381592849515,0.5150454426913413,2,-243.5875185284635,-240.5662769448971,Q,Not significant
