Position,alpha,beta,beta-alpha,Prob[alpha>beta],Prob[alpha<beta],BayesFactor[alpha<beta],Residue,Selection_type
1,35.35033413116987,0.08900419696208578,-35.26132993420778,0.9995471162739251,0.0002192030140499602,0.0007400416204175025,M,Purifiyng
2,1.189074222395862,0.4328462029367749,-0.7562280194590868,0.9995149108660065,0.0001498777366763506,0.0005059605278535577,K,Purifiyng
3,2.783206053497826,0.3397520834621137,-2.443453970035713,0.9999999999853995,1.202713356342015e-12,4.05953741831305e-12,A,Purifiyng
4,2.037500512155374,0.9406971589571028,-1.096803353198271,0.8890451392442711,0.001999724127266044,0.006763225066277158,A,Neutral
5,1.030544371069532,0.7274835155896219,-0.30306085547991,0.857279109201757,0.072271522892141,0.2629424670643691,V,Neutral
6,2.51881062148888,0.3596651494454164,-2.159145472043463,0.9999999968376733,3.219741065936146e-10,1.086764295891192e-09,L,Purifiyng
7,1.082899086625806,0.6158321592279654,-0.4670669273978403,0.9592448822262934,0.01731749930596326,0.05948211077837084,T,Purifiyng
8,1.559717931079967,0.4010372379085023,-1.158680693171465,0.9999998699599645,1.643956795219562e-08,5.548873469141723e-08,L,Purifiyng
9,1.215598183688259,0.4403348046772866,-0.7752633790109729,0.9999760015795434,4.665380271818693e-06,1.574720530340683e-05,A,Purifiyng
10,1.116945117410092,0.5559333128414213,-0.5610118045686702,0.9724033435527202,0.01276335720623593,0.04363732019675956,V,Purifiyng
11,1.208712322133508,0.4242563211109023,-0.7844560010226054,0.9998683051060545,3.861298208954507e-05,0.000130336041958536,L,Purifiyng
12,1.042712955391391,0.4020979544233323,-0.6406150009680582,0.9907928965780214,0.003611974261772044,0.01223574907709609,F,Purifiyng
13,1.348148510671606,0.4521088757084267,-0.8960396349631795,0.9999984243519419,1.671147625903322e-07,5.6406519615164e-07,L,Purifiyng
14,1.132643657172296,0.4713738493565107,-0.6612698078157848,0.995554855668635,0.001502458207554959,0.005078901794187437,T,Purifiyng
15,0.8704290921301665,0.07508690483616426,-0.7953421872940023,0.9999999936689373,1.441301207605188e-10,4.864846767782519e-10,G,Purifiyng
16,0.7740441902644256,0.3014267060544512,-0.4726174842099745,0.9916557591165348,0.002012930161505879,0.006807979004497163,S,Purifiyng
17,2.530454638028742,0.2889020027298095,-2.241552635298932,0.9999020878590442,2.889041516197963e-05,9.751709264520377e-05,Q,Purifiyng
18,0.887441803543338,0.0729643839276507,-0.8144774196156873,0.9999999996643733,5.185544802767217e-12,1.750285140698968e-11,A,Purifiyng
19,1.212144477169778,0.4549371824638364,-0.7572072947059414,0.9998167005942072,4.852206401286807e-05,0.000163785237468234,R,Purifiyng
20,1.001134074581237,0.7783337641768022,-0.2228003104044349,0.7453316745699023,0.1619741175964966,0.6523829549852402,H,Neutral
21,0.641022988446054,0.4029060604485437,-0.2381169279975103,0.7502911581219166,0.1601464943387818,0.6436181931473837,F,Neutral
22,38.82678800541427,0.09037930085995176,-38.73640870455431,0.9999355093891059,3.000947779095435e-05,0.000101294504925998,W,Purifiyng
23,1.218161589343953,0.1151398893765934,-1.103021699967359,0.9999763297895901,2.861210582008828e-06,9.65751697333342e-06,Q,Purifiyng
24,1.023441625164436,0.6797834911100318,-0.343658134054404,0.8837451295593498,0.05983167555358226,0.2148028132496148,Q,Neutral
25,0.7543354463758462,0.2781376120009186,-0.4761978343749276,0.9916235715798848,0.002205852516639794,0.00746190876572043,D,Purifiyng
26,2.701854530670934,0.5502865769676452,-2.151567953703289,0.9999986338051329,1.29852631254522e-07,4.38293697425554e-07,E,Purifiyng
27,1.88132534200386,0.3703975717416693,-1.510927770262191,0.9651123523036498,0.01903315927240781,0.0654893936523721,P,Purifiyng
28,1.198699785485444,0.07879997641230661,-1.119899809073137,0.9999999999998661,2.629627510297024e-15,8.87582333560423e-15,P,Purifiyng
29,2.396956064335424,0.4392311863550176,-1.957724877980407,0.9996095434537435,0.0001777172791036239,0.0005999585666087221,Q,Purifiyng
30,1.592460009130808,0.6546550415512258,-0.9378049675795821,0.9996031326086858,4.00431504189973e-05,0.0001351636914626428,S,Purifiyng
31,2.35824194909738,0.5443866295160079,-1.813855319581372,0.9999540995687858,1.035654257453377e-05,3.495696402321681e-05,P,Purifiyng
32,1.17338096578781,0.4273826602535171,-0.7459983055342931,0.9985871680074327,0.0005142233649839893,0.00173655923805998,W,Purifiyng
33,2.15132143100122,0.4738596458935245,-1.677461785107695,0.9999851173916916,3.828257647915452e-06,1.292162806848055e-05,D,Purifiyng
34,1.228714572424529,0.4058307418569052,-0.8228838305676243,0.9999944605305183,1.124508605884954e-06,3.795575955067221e-06,R,Purifiyng
35,1.540318412337247,0.9572100360980595,-0.5831083762391878,0.7786056182473902,0.02002560155854484,0.06897397508387744,V,Neutral
36,1.872435017952869,0.4753258433511821,-1.397109174601687,0.9998334437672979,5.702486549509042e-05,0.0001924879072227729,K,Purifiyng
37,1.112613915200303,0.432439323710837,-0.6801745914894655,0.9975084620580866,0.0007779659302355633,0.002627925147797271,D,Purifiyng
38,1.203904162964872,0.5173432822109488,-0.6865608807539235,0.9989364625562317,0.0003008073987176325,0.001015625479253545,L,Purifiyng
39,1.784607007548559,0.9742295015632526,-0.8103775059853063,0.817008770402532,0.002713013710255392,0.009182189501481754,A,Neutral
40,2.770554958756235,0.9262904626500698,-1.844264496106166,0.9926863435726128,5.021559738560371e-05,0.0001695020118995435,T,Purifiyng
41,1.156662028395079,0.6101549524216009,-0.5465070759734779,0.9799920237190359,0.00840124354283077,0.02859710144974366,V,Purifiyng
42,1.512650679456035,0.07616889805993499,-1.4364817813961,0.9999999999020154,3.545606333972046e-12,1.196754114976995e-11,Y,Purifiyng
43,1.174699831396168,0.4041963349524808,-0.770503496443687,0.9997281895810405,7.655445693966982e-05,0.0002584152524215741,V,Purifiyng
44,1.212811763281167,0.7241843456720708,-0.4886274176090964,0.9918678163195321,0.00191379074858356,0.00647203430880555,D,Purifiyng
45,2.813700848319154,0.5350445072520913,-2.278656341067062,0.9999999982900017,1.037075877020781e-10,3.500458614371641e-10,V,Purifiyng
46,1.112394503942742,0.6991504605582802,-0.4132440433844616,0.9381527372457489,0.02910515197365376,0.1011840572572246,L,Purifiyng
47,1.164554951925157,0.3722272346707545,-0.7923277172544021,0.9992084305661111,0.0002604043634008283,0.0008791759085663693,K,Purifiyng
48,1.97632951763971,0.8055607111155997,-1.170768806524111,0.9771660874816991,0.005025908905205988,0.01704972017692603,D,Purifiyng
49,2.799118766104436,0.7199801801154797,-2.079138585988956,0.9999865117300712,2.840904220986268e-07,9.588951683671611e-07,S,Purifiyng
50,0.770601782557507,0.4355185461917822,-0.3350832363657248,0.9215053458790461,0.03531833073167263,0.1235749825503058,G,Purifiyng
51,1.123786595164517,0.9296511824061623,-0.1941354127583551,0.7013982568292798,0.1317523397825511,0.5121876823119744,R,Neutral
52,1.040691355721714,0.7893493117726902,-0.2513420439490239,0.7759053117125587,0.1476794184890939,0.5848323838394659,D,Neutral
53,1.019794136228421,0.4119433123756418,-0.6078508238527793,0.9947645779038148,0.001626658563912229,0.005499432082428521,Y,Purifiyng
54,1.208320954640228,0.4155081318382658,-0.7928128228019617,0.9998846922861838,3.309149535002204e-05,0.0001116979440067225,V,Purifiyng
55,1.054437621550496,1.103362928498017,0.04892530694752018,0.2577498085807396,0.334672017820469,1.697844952323807,S,Neutral
56,2.78314826967939,0.6284156112119247,-2.154732658467465,0.999967366363584,8.344537479266599e-06,2.816568439202941e-05,Q,Purifiyng
57,1.331857266746111,0.2219848149706732,-1.109872451775438,0.9999999998494912,1.053686770825742e-11,3.55652562668647e-11,F,Purifiyng
58,1.01869026682815,0.3245196355820762,-0.694170631246074,0.9988551976257056,0.0003015740839989701,0.001018214843762764,E,Purifiyng
59,1.117108791745961,0.8287709916269765,-0.288337800118984,0.8500651981931734,0.0736376214969519,0.2683077751607706,G,Neutral
60,1.214979153437678,0.3096594559599728,-0.9053196974777056,0.9999999987061426,8.877233290684756e-11,2.996346596448446e-10,S,Purifiyng
61,2.113007653431647,0.688814993626294,-1.424192659805353,0.9985571713015535,0.0002279471331989607,0.0007695689858014597,A,Purifiyng
62,1.136299215408348,0.4058272402766951,-0.7304719751316524,0.9980193866210861,0.0006932483708173266,0.002341555472565051,L,Purifiyng
63,1.025794717591521,0.3464098041717672,-0.6793849134197538,0.9967342763930148,0.00117703714492682,0.003977553824323911,G,Purifiyng
64,1.344891862865722,0.6498946927449675,-0.6949971701207541,0.995740063319082,0.001224306430620105,0.004137486414740613,K,Purifiyng
65,2.998601348713254,0.6605381798235546,-2.3380631688897,0.9999460101918262,1.377219574022356e-05,4.648615037128815e-05,Q,Purifiyng
66,2.568659100148838,0.3740448506490372,-2.194614249499801,0.99999998757496,1.653659866399988e-09,5.581624316806384e-09,L,Purifiyng
67,2.313245053248276,0.2611269586101649,-2.052118094638111,0.9999961243946475,6.550658653329767e-07,2.211055626635857e-06,N,Purifiyng
68,1.04577702114939,0.9272463433773677,-0.1185306777720228,0.577790900442555,0.2274299810789593,0.9936290487916749,L,Neutral
69,2.790329465543815,0.8267859075933116,-1.963543557950503,0.9986660062253525,5.734911134209219e-05,0.0001935824645449465,K,Purifiyng
70,1.136902174169734,0.4066390877555488,-0.730263086414185,0.9987760438381503,0.0003980795898155787,0.001344179427426618,L,Purifiyng
71,1.105928454851673,1.142892992348363,0.03696453749668982,0.1960717611258052,0.2723077064705917,1.263067532345582,L,Neutral
72,2.111021543698613,0.7034621515382764,-1.407559392160336,0.9788050592532545,0.01177491897753486,0.04021762963174904,D,Purifiyng
73,1.136389654350344,0.4258355969946939,-0.7105540573556504,0.9961475758640387,0.001459714717053243,0.004934200702200723,N,Purifiyng
74,1.434198338132682,0.4193761714834456,-1.014822166649237,0.9999501528088396,1.461783224092148e-05,4.934052166497382e-05,W,Purifiyng
75,1.171625425951893,0.4558985994947904,-0.7157268264571031,0.9903262174488159,0.004787387283539132,0.01623667528628105,D,Purifiyng
76,2.810317191334333,0.8283310527256158,-1.981986138608717,0.9998295114487781,3.384251982707048e-06,1.142295791348225e-05,S,Purifiyng
77,1.878414400645422,0.5421150635874138,-1.336299337058009,0.999855084250817,3.070159434983376e-05,0.0001036307587306282,V,Purifiyng
78,2.78213101060464,0.9155720571311851,-1.866558953473455,0.9958220184426678,8.512172736472466e-05,0.0002873371716165672,T,Purifiyng
79,2.495884340843026,1.214407417896657,-1.281476922946369,0.8047585668509143,0.00126841881256787,0.004286751480374917,S,Neutral
80,2.785127802454569,0.7560565736002963,-2.029071228854273,0.9998754699022223,3.201470901967483e-06,1.080600997706613e-05,T,Purifiyng
81,2.7147064795919,0.8485836899337935,-1.866122789658107,0.9947525832093971,9.393832852878292e-05,0.0003171013143332618,F,Purifiyng
82,1.282581252055452,1.00901814949878,-0.2735631025566723,0.650844300649793,0.04951017510324632,0.1758172185416632,S,Neutral
83,1.433492321148111,0.9507713983251017,-0.482720922823009,0.8127631136845108,0.01113857141303545,0.03801968123457275,K,Neutral
84,1.521788717466611,0.5379284484644726,-0.9838602690021385,0.9997226306570086,5.197371100966949e-05,0.0001754368070849297,L,Purifiyng
85,2.81402896399731,0.5589218966806372,-2.255107067316673,0.9999999868202725,6.51018622693859e-10,2.197393457573078e-09,R,Purifiyng
86,1.236803144831062,0.902780203339798,-0.3340229414912643,0.8665637234666776,0.01741683973029574,0.05982937327758078,E,Neutral
87,2.627868681722129,0.8723052167774303,-1.755563464944699,0.9834464972096096,0.0005609459202642438,0.001894432312779616,Q,Purifiyng
88,1.748401112196182,0.5331466927358183,-1.215254419460364,0.9998787949333212,2.1631541305029e-05,7.301486299686664e-05,L,Purifiyng
89,1.179244772626552,0.5771073523352594,-0.6021374202912921,0.9936411759925956,0.002221092741302453,0.007513577820048653,G,Purifiyng
90,1.211897109676109,0.08556339097134923,-1.12633371870476,0.9999999999999727,5.867870736756701e-16,1.980591692613201e-15,P,Purifiyng
91,2.561688173696719,0.9466552157826109,-1.615032957914108,0.9517366726519412,0.001032573573599694,0.003488864427255477,V,Purifiyng
92,1.204956556205488,0.471661393699819,-0.7332951625056694,0.9993548639025187,0.0001925910379513169,0.0006501807961371146,T,Purifiyng
93,1.622065229948084,0.537114031568915,-1.084951198379169,0.9902079254473679,0.00510023567372857,0.0173031563292627,Q,Purifiyng
94,2.75906211131226,0.7595202381543539,-1.999541873157907,0.9994647756586091,3.679895429206685e-05,0.0001242126634690796,E,Purifiyng
95,2.389264475030894,0.5651917529518681,-1.824072722079026,0.9999477306218058,1.110162503499557e-05,3.747190660481592e-05,F,Purifiyng
96,2.622958262467422,0.549877011764839,-2.073081250702582,0.9999825241672667,3.877700035325758e-06,1.308851302687964e-05,W,Purifiyng
97,1.253872389913708,1.209588020580936,-0.04428436933277147,0.08842504873204692,0.03451357688649555,0.1206585812839466,D,Neutral
98,0.9660459352929512,0.556116311305026,-0.4099296239879252,0.8516413286178837,0.09977237683941712,0.3740868123327125,N,Neutral
99,2.788707550994023,0.5413136982187537,-2.247393852775269,0.999999379838195,8.480393280825623e-08,2.862400802605834e-07,L,Purifiyng
100,1.284933155753277,1.127235959961839,-0.1576971957914373,0.3680196642738444,0.01305151629856868,0.04463555105663761,E,Neutral
101,2.037529243904133,0.5195123591474616,-1.518016884756671,0.9995894629644126,0.0001452725954155832,0.000490412132928432,K,Purifiyng
102,0.7175767678720708,0.7461964081271645,0.02861964025509367,0.3697698856335253,0.5197986346883826,3.653643411903395,E,Neutral
103,2.810816055820394,0.2607695806818224,-2.550046475138572,0.9999999999999927,4.052934706246069e-16,1.367993463048148e-15,T,Purifiyng
104,1.414463731672272,1.032999392419086,-0.381464339253186,0.6273999023419381,0.02194318605451774,0.07572687186459034,E,Neutral
105,1.761433906374146,1.214153899490942,-0.5472800068832042,0.3653496840857794,0.01574303644543584,0.05398764949914128,G,Neutral
106,0.9248561518998624,0.776435991805061,-0.1484201600948014,0.631359237564561,0.2531356423950478,1.143999883811862,L,Neutral
107,1.590032795928954,0.2675897381012814,-1.322443057827672,0.9999999985970703,1.472901350645111e-10,4.971507230523204e-10,R,Purifiyng
108,3.368385385137127,1.182508155556338,-2.185877229580789,0.9991775948815914,4.913902350933977e-06,1.658605384415444e-05,Q,Purifiyng
109,2.658820348719424,0.712021682191279,-1.946798666528144,0.9987875892048916,0.0002175071440565254,0.0007343150230101663,E,Purifiyng
110,1.221551259882627,0.4378474197008192,-0.7837038401818083,0.9991517438587073,0.0003211713247412395,0.001084402932381484,M,Purifiyng
111,1.529244267678484,1.18150073815926,-0.3477435295192233,0.3035805052549819,0.05049243965851387,0.1794908618703348,S,Neutral
112,1.370040034245683,0.8745415694720737,-0.4954984647736094,0.9046607614031638,0.02160007378568963,0.07451663558387993,K,Purifiyng
113,2.831060842935939,0.2442835475000956,-2.586777295435843,0.9999999999999973,1.917552630098081e-16,6.472345727608899e-16,D,Purifiyng
114,1.204406834628091,0.4245967002792735,-0.7798101343488171,0.9998681620349169,3.62111533254619e-05,0.0001222285047066218,L,Purifiyng
115,6.340776946688521,0.4881152982091194,-5.852661648479402,0.9999999996774124,6.628246336758182e-11,2.237242471926592e-10,E,Purifiyng
116,2.602915481841839,0.8679328098841663,-1.734982671957672,0.9840343722439071,0.0008163183281348379,0.00275758323265473,E,Purifiyng
117,1.016337193093412,0.2969575820216707,-0.7193796110717411,0.9996690769799508,7.68564593470136e-05,0.0002594347623226393,V,Purifiyng
118,1.469864995308744,0.4094795983967441,-1.060385396912,0.9999818647517792,5.057513623017619e-06,1.707079207622995e-05,K,Purifiyng
119,1.565813500986622,1.208542151887915,-0.3572713490987067,0.2647031427657012,0.02698327746752105,0.09360279345280081,A,Neutral
120,3.323668304227363,0.555928367949269,-2.767739936278094,0.999996108999268,1.247038357444627e-06,4.209153544716998e-06,K,Purifiyng
121,1.192646222850252,0.4055851344115293,-0.7870610884387226,0.9998603822445682,3.811876255040087e-05,0.0001286677669224253,V,Purifiyng
122,2.913851692246095,0.5091830763740096,-2.404668615872086,0.9999991227920001,2.47522481208309e-07,8.354667533675799e-07,Q,Purifiyng
123,0.5735895089827738,0.08459285672774393,-0.4889966522550299,0.9999122131249789,3.998887020625226e-06,1.349756059740345e-05,P,Purifiyng
124,2.891290583595899,0.5777594231283393,-2.31353116046756,0.9999990623040989,2.28896104350485e-07,7.725968189419936e-07,Y,Purifiyng
125,1.191951970689435,0.4634507677599207,-0.7285012029295139,0.9992347482546129,0.000221301223449013,0.0007471268605299018,L,Purifiyng
126,2.803329073182085,0.7595095031630441,-2.04381957001904,0.9998945412364225,3.577669507689089e-06,1.20758076904556e-05,D,Purifiyng
127,3.037148488328156,0.8318636015969164,-2.205284886731239,0.9996735952776398,1.660091240796155e-05,5.603425249290258e-05,D,Purifiyng
128,0.6266342564683045,0.1228884114888512,-0.5037458449794533,0.9986363023047448,0.0001476576849963536,0.00049846492225507,F,Purifiyng
129,2.839773522773128,0.6084718313485012,-2.231301691424627,0.9999999194210095,7.273639878891202e-09,2.4550831929095e-08,Q,Purifiyng
130,2.782318741205065,0.9820813431568363,-1.800237398048229,0.9886501991881341,0.0002846912280210527,0.0009611964498864908,K,Purifiyng
131,1.188469807858197,0.3899013499230853,-0.7985684579351112,0.9998410343093296,4.196829796351636e-05,0.0001416622053666632,K,Purifiyng
132,2.64549128074776,0.508274999789889,-2.137216280957871,0.9999520042002636,1.732152145491344e-05,5.846661812001034e-05,W,Purifiyng
133,2.561363488205547,0.9755868621806001,-1.585776626024947,0.9332400393763253,0.004615018303402416,0.01564936640037008,Q,Purifiyng
134,3.076965124629469,0.4961546798977249,-2.580810444731744,0.9999999951925055,9.359934434757666e-10,3.159273479920481e-09,E,Purifiyng
135,1.933394411745621,0.3076453970725666,-1.625749014673055,0.9999792172961741,4.408817574224325e-06,1.488121731332551e-05,E,Purifiyng
136,1.56852084375465,1.159682749023304,-0.4088380947313459,0.3740093383005521,0.02837093213683549,0.09855701031427737,M,Neutral
137,6.709525240272144,0.8130108379472767,-5.896514402324867,0.9999986213095784,1.581835323443241e-08,5.339193875943973e-08,E,Purifiyng
138,2.225456528488746,0.8559713591027964,-1.36948516938595,0.963533381887452,0.003600097239575664,0.01219536968217333,L,Purifiyng
139,1.062686210512165,0.1835464509654236,-0.8791397595467415,0.9997864222967571,3.906305578510039e-05,0.0001318553008309238,Y,Purifiyng
140,1.234266114080578,0.2962739295443686,-0.9379921845362098,0.9999999751216224,2.533912246846044e-09,8.552754114356727e-09,R,Purifiyng
141,1.209923692876548,0.8646777487330748,-0.3452459441434732,0.8205364717830121,0.08927634683521184,0.3308751944202691,Q,Neutral
142,3.025541049938414,0.6362330996501302,-2.389307950288284,0.9999957809144745,5.509327126970338e-07,1.859572925293871e-06,K,Purifiyng
143,0.9460569486668303,0.3656350383102805,-0.5804219103565498,0.9922207109016005,0.002767511772797278,0.009367149965926698,V,Purifiyng
144,5.495786848538924,0.963831207548722,-4.531955640990202,0.999987766411411,5.262584373794906e-08,1.776288522452369e-07,E,Purifiyng
145,1.13369256817408,0.07231170791972738,-1.061380860254353,0.9999999999998718,1.403039642163109e-15,4.735701899955594e-15,P,Purifiyng
146,1.161773908341891,0.511231628223395,-0.650542280118496,0.9904456281063004,0.004186820873184524,0.01419125898714115,L,Purifiyng
147,1.203175529951813,1.001117860376623,-0.2020576695751906,0.6662441190338325,0.04718270545345572,0.1671427807283055,R,Neutral
148,2.491733023529399,1.201949343530516,-1.289783679998883,0.8067987017532141,0.005092115166287036,0.01727546553691735,A,Neutral
149,1.14395993483808,0.4292469800558032,-0.7147129547822768,0.9579669770398163,0.02752053763158747,0.09551924706996351,E,Purifiyng
150,1.186689034575127,0.4117963775591355,-0.7748926570159915,0.9996062432170674,0.0001182181332613669,0.0003990707127753053,L,Purifiyng
151,2.116484087261131,1.140348326806471,-0.9761357604546599,0.618416264177037,0.009767387665393309,0.03329320575201818,Q,Neutral
152,2.704950042888377,0.8149575768042512,-1.889992466084126,0.9949382100973883,0.0004553416512472885,0.001537622022205105,E,Purifiyng
153,2.800448828299773,0.5810388932173534,-2.21940993508242,0.9999984977053347,2.898943767544542e-07,9.784853595786651e-07,G,Purifiyng
154,0.9183060374794131,0.4029745558008078,-0.5153314816786053,0.9662135678751869,0.01481048750825379,0.05074158032667114,A,Purifiyng
155,2.580550382928791,0.7314830609323827,-1.849067321996409,0.9953557636670958,0.0006643444639591025,0.002243863076989915,R,Purifiyng
156,2.720700272197337,0.8433697558916107,-1.877330516305726,0.994106151590566,0.0002465211374639568,0.0008322918727286049,Q,Purifiyng
157,2.126316479133274,0.5773858883457775,-1.548930590787497,0.9955920131812979,0.002198458394695863,0.00743684098421174,K,Purifiyng
158,1.278842668141766,0.4641036371414481,-0.8147390310003177,0.9990523692137571,0.0003469511726531983,0.001171476226794221,L,Purifiyng
159,2.784375564669655,0.5915202004308541,-2.192855364238801,0.9999869073267278,3.478382860047449e-06,1.174068153331544e-05,H,Purifiyng
160,2.031267086725195,0.685390154125112,-1.345876932600083,0.997171400084701,0.0006702003144636596,0.002263654825999288,E,Purifiyng
161,0.9532506287677577,0.4022769635799,-0.5509736651878576,0.9816624159592255,0.007360053336670298,0.02502670232556087,L,Purifiyng
162,2.809197510936313,0.6679867662869498,-2.141210744649363,0.999985313209489,2.257524799361526e-06,7.61987637086472e-06,Q,Purifiyng
163,0.8991085128860349,1.200984284354668,0.3018757714686328,0.03453754681066724,0.6030085304258573,5.126921831305686,E,Neutral
164,1.393889072373282,0.3598283423984986,-1.034060729974783,0.9962345722107463,0.001780297207694019,0.006019782330693709,K,Purifiyng
165,1.153478750170813,0.4068728525628248,-0.7466058976079886,0.9992793094726719,0.0002190481630633049,0.0007395187202960522,L,Purifiyng
166,1.18269977237657,0.8842741129729635,-0.2984256594036064,0.8159576428776925,0.07885406249030519,0.2889415821515752,S,Neutral
167,2.201130611764269,0.149953219035855,-2.051177392728414,0.9999999999999976,7.024463659308586e-17,2.370978331465376e-16,P,Purifiyng
168,1.203524721516111,0.9132021666844878,-0.2903225548316228,0.844641964810152,0.01618103563602698,0.05551438581775018,L,Neutral
169,1.568952132645045,0.5811800294407808,-0.9877721032042645,0.9992802016836748,0.0001771855515579328,0.0005981631810810733,G,Purifiyng
170,4.713169946963478,0.6286277629823429,-4.084542183981135,0.9999999764713945,1.116511071770001e-09,3.768577487699715e-09,E,Purifiyng
171,2.601341679965746,0.53188014804992,-2.069461531915826,0.999787421561272,8.918150033387108e-05,0.0003010425763362339,E,Purifiyng
172,1.576351281682879,0.7333337497036695,-0.8430175319792098,0.9942596088405882,0.0006046311089868252,0.002042055637652257,M,Purifiyng
173,1.691305566368513,0.3190824029410564,-1.372223163427457,0.9999999971339953,3.303909234917093e-10,1.11517371113796e-09,R,Purifiyng
174,2.765115773774415,0.6990553261095692,-2.066060447664846,0.9991056678012431,0.0002670483698440963,0.0009016133617566754,D,Purifiyng
175,2.812755330032947,0.5045539945300975,-2.30820133550285,0.9999999930249776,1.034568315190072e-09,3.491994804505082e-09,R,Purifiyng
176,2.373699127283951,0.7381492594836014,-1.635549867800349,0.9969627752602563,0.0004147853184293014,0.001400612400562732,A,Purifiyng
177,1.170717778871536,0.7564953036705304,-0.4142224752010053,0.9613578112559101,0.01482338798676665,0.05078644312521389,R,Purifiyng
178,0.7225399883217873,1.224570667279514,0.5020306789577267,0.001014979857309351,0.8763075750859928,23.91265935021574,A,Neutral
179,2.796836734671618,0.2112987661014697,-2.585537968570149,0.9999999999939251,3.608318411173515e-13,1.217921421600058e-12,H,Purifiyng
180,1.708394651567228,0.4291070297886439,-1.279287621778584,0.9999946337549234,1.189564911726297e-06,4.015162041487264e-06,V,Purifiyng
181,2.675480532880065,0.3428466398458304,-2.332633893034235,0.9999992740449705,1.613065164531365e-07,5.444605246410628e-07,D,Purifiyng
182,2.782410738384212,0.6147788187499966,-2.167631919634215,0.9999769718703575,6.063531612972044e-06,2.046645827594819e-05,A,Purifiyng
183,0.3700757192036527,0.2049096279572436,-0.1651660912464091,0.8187617634740875,0.06720848065274326,0.2431945866409232,L,Neutral
184,1.118472892352713,0.1139349551030196,-1.004537937249693,0.9999999037517392,8.109634400516897e-09,2.737257750658575e-08,R,Purifiyng
185,1.214787570252838,0.8896938453170989,-0.3250937249357392,0.8955249701270368,0.01533825405544905,0.05257790482286302,T,Neutral
186,1.030818791677126,0.6968696898344925,-0.3339491018426336,0.8133437337229953,0.1286461024975432,0.4983293540731574,H,Neutral
187,0.9974554649141159,0.3653980209374612,-0.6320574439766546,0.9978669060837295,0.0005928889718232517,0.00200237471184546,L,Purifiyng
188,2.817538846604534,0.8045020202556816,-2.013036826348853,0.9999944754170345,2.928258933040675e-08,9.883798990494078e-08,A,Purifiyng
189,0.6085535063287801,0.09063544888012011,-0.51791805744866,0.9999622776959136,1.48439699889955e-06,5.010316110500849e-06,P,Purifiyng
190,1.210338118270447,0.4407600259831611,-0.7695780922872859,0.9982579925963269,0.0006947104839909037,0.002346497423134092,Y,Purifiyng
191,1.694410966163365,0.4347698637582931,-1.259641102405072,0.9999907340306438,2.033545659998597e-06,6.863872794413734e-06,S,Purifiyng
192,7.845993833935874,0.6085528887166163,-7.237440945219258,0.9999999996555313,1.897333399687229e-11,6.40409943946111e-11,D,Purifiyng
193,1.202370128788368,0.9560714758369784,-0.2462986529513895,0.7683777297865285,0.03037721244634222,0.1057449216816553,E,Neutral
194,1.20956759727507,0.4216907508958559,-0.7878768463792137,0.9997535638302116,7.822424408234151e-05,0.0002640521838230438,L,Purifiyng
195,2.060426957773052,0.3762915976468793,-1.684135360126173,0.9999999914211,1.081604011669071e-09,3.650755135260446e-09,R,Purifiyng
196,1.237303511579143,1.19484718811729,-0.04245632346185313,0.1345331895805001,0.1045931958302268,0.394273381531039,Q,Neutral
197,1.208638223364771,0.4055932603361553,-0.8030449630286157,0.9991498860445109,0.0003316614094929683,0.001119833407794787,R,Purifiyng
198,1.086780823382536,0.6726619569967934,-0.4141188663857421,0.9286611298479762,0.03406784934700344,0.1190453705974039,L,Purifiyng
199,1.232174707086589,0.8552504380277559,-0.3769242690588328,0.954522420079289,0.005071443532431663,0.01720497765674256,A,Purifiyng
200,2.742998061457838,1.044686663052548,-1.69831139840529,0.9662008954967216,0.00120159293620452,0.004060634876677613,A,Purifiyng
201,1.512980916055161,0.4531234191197627,-1.059857496935398,0.9999916613732164,1.698648762282463e-06,5.733485778740834e-06,R,Purifiyng
202,1.210191454869377,0.4562593738113067,-0.75393208105807,0.9996672210379112,9.402821066983989e-05,0.00031740475197933,L,Purifiyng
203,2.787571447275778,0.5143307746343123,-2.273240672641466,0.9999980870976543,5.380335439103515e-07,1.816034109414029e-06,E,Purifiyng
204,2.743874495018523,1.128761688672119,-1.615112806346403,0.964169185129569,0.00069281583611067,0.002340093505649233,A,Purifiyng
205,1.156428618660956,0.4010824220392855,-0.7553461966216701,0.9995596255757129,0.0001266422330819893,0.0004275116738054973,L,Purifiyng
206,2.815342025948611,0.4999829043082886,-2.315359121640322,0.9999999853525003,2.821028961822099e-09,9.521863709724915e-09,K,Purifiyng
207,2.510728785113055,1.096062011077032,-1.414666774036023,0.8560598657343713,0.003978289726939343,0.01348161803348633,E,Neutral
208,2.189420123889092,0.9587503048555847,-1.230669819033507,0.8728800868934464,0.01218726529576638,0.04164338837445093,N,Neutral
209,1.193573805780224,0.4540271630808717,-0.7395466426993522,0.9993331416445493,0.0002007225062484527,0.0006776378678951724,G,Purifiyng
210,1.096620887584245,1.11154531079623,0.01492442321198495,0.2729269914993221,0.2633241407174797,1.206503683663964,G,Neutral
211,1.075478047270509,0.3071484138036054,-0.7683296334669032,0.9999814785342764,2.253864290653994e-06,7.607520942175705e-06,A,Purifiyng
212,2.615165074119917,0.8190094052303898,-1.796155668889527,0.9945869777158574,0.0004824499483207005,0.001629206953623973,R,Purifiyng
213,1.266549572353224,0.4414406869788122,-0.8251088853744118,0.9999947139188926,8.31173244237889e-07,2.805474532079888e-06,L,Purifiyng
214,2.813543087271255,0.5596690600174131,-2.253874027253842,0.9999999886896885,5.124987825233089e-10,1.729845249149605e-09,A,Purifiyng
215,1.564758526011752,0.4264852105367767,-1.138273315474975,0.9999437702408596,1.67066437748874e-05,5.639114113532268e-05,E,Purifiyng
216,1.211786052142512,0.34324200895882,-0.8685440431836919,0.9995063740193124,0.0001432078146033403,0.0004834408346505606,Y,Purifiyng
217,2.694439141772233,0.4193435358806051,-2.275095605891627,0.9999985541462078,4.298645403248355e-07,1.450929207018982e-06,H,Purifiyng
218,1.068563043284185,0.4428378383896273,-0.6257252048945582,0.980700256361318,0.00921294418517426,0.03138575143100724,A,Purifiyng
219,2.418466797879318,0.4098611344130061,-2.008605663466311,0.9999115267500889,3.409082704033847e-05,0.0001150712306916717,K,Purifiyng
220,1.039762721373763,0.8038098102629566,-0.2359529111108064,0.765131462236141,0.1417323287968071,0.5573918109834604,A,Neutral
221,2.051931718145287,1.21837353767654,-0.8335581804687473,0.5325306170131322,0.01471342713569837,0.05040408013453641,T,Neutral
222,3.231228990164066,0.7444654728860596,-2.486763517278006,0.999891872742765,1.961139965775308e-05,6.61959657081573e-05,E,Purifiyng
223,1.445888731830103,0.9055630417082581,-0.5403256901218454,0.8981530298222546,0.007029275312710114,0.023893981539054,H,Neutral
224,1.345815101334545,0.43718113372139,-0.908633967613155,0.9999893250341837,2.206968509132515e-06,7.449232162826854e-06,L,Purifiyng
225,2.753214924122472,1.214741930143151,-1.538472993979322,0.9621488280902574,0.0004675831199795598,0.001578979005853697,S,Purifiyng
226,2.691778396381946,1.202010491350249,-1.489767905031697,0.9268428442506856,0.001177454859959256,0.003978967069998058,T,Purifiyng
227,1.371221878123769,0.4731275910331292,-0.8980942870906399,0.9999729669324546,4.727105474178156e-06,1.595554931227268e-05,L,Purifiyng
228,2.942467719977838,0.6901957098018822,-2.252272010175956,0.9999999971952475,7.083456787091464e-12,2.390890375228629e-11,S,Purifiyng
229,2.520503518212539,0.766899168748833,-1.753604349463706,0.9928227632373566,0.002627079555533576,0.008890579443074835,E,Purifiyng
230,1.782247311122543,0.6654889037670891,-1.116758407355453,0.9827252609680627,0.008599283591474717,0.0292770596839276,K,Purifiyng
231,1.223079931789028,1.165149040908916,-0.05793089088011194,0.2235063455362298,0.06008142125669486,0.2157567434330777,A,Neutral
232,2.802391218491439,0.8770319011148596,-1.925359317376579,0.9986433023647617,9.7061726033517e-06,3.276171592836694e-05,K,Purifiyng
233,1.222078284685899,0.3681846489921154,-0.8538936356937836,0.9999948084162339,9.662440800308695e-07,3.261382080377058e-06,P,Purifiyng
234,2.07527248900021,0.904798979873558,-1.170473509126652,0.9264022472792183,0.003264450793688811,0.01105463973424835,A,Purifiyng
235,1.192981020802499,0.958511216612148,-0.2344698041903513,0.7434185183011373,0.03409098215086662,0.1191290579536146,L,Neutral
236,2.596427401872806,0.8308896997961687,-1.765537702076637,0.9883202287852612,0.0005885379666291891,0.001987671329340431,E,Purifiyng
237,1.286788610867847,0.5965839092251617,-0.6902047016426855,0.9782331952558274,0.01100718476124451,0.03756622321545892,D,Purifiyng
238,1.146614814841334,0.3768253493316242,-0.7697894655097097,0.9998428688223748,3.716406132419126e-05,0.0001254451061640107,L,Purifiyng
239,1.899302399015917,0.5213275159156794,-1.377974883100237,0.9995318157996109,0.0001633322288993751,0.00055138791549935,R,Purifiyng
240,2.80880439992498,0.8926447171520544,-1.916159682772925,0.9983832292084553,2.362502876267904e-05,7.974381727513503e-05,Q,Purifiyng
241,1.47150122444636,0.430849100556804,-1.040652123889556,0.9998889043968853,4.146070662857952e-05,0.0001399487813575953,G,Purifiyng
242,2.769225552883389,0.65582715435872,-2.113398398524669,0.9999325777069872,2.817963796071158e-06,9.51154458360238e-06,L,Purifiyng
243,1.205199708252321,1.216328617174629,0.01112890892230745,0.04240221261715435,0.08185532867939829,0.3009194459807026,L,Neutral
244,1.018180912088278,0.2589967443710081,-0.7591841677172695,0.9999918716651315,8.181458876739216e-07,2.761503016856732e-06,P,Purifiyng
245,2.788664594278984,0.9494373447816389,-1.839227249497345,0.9919959042612989,3.930283616117101e-05,0.0001326646987554927,V,Purifiyng
246,2.69302054956981,1.011292732230599,-1.681727817339211,0.9613076516941683,0.0001537868773944826,0.0005191591200023438,L,Purifiyng
247,2.845772359513595,0.4969216676346452,-2.34885069187895,0.9999976299018861,7.183176543710481e-07,2.424550684015217e-06,E,Purifiyng
248,1.381145522938014,1.099060711669538,-0.2820848112684757,0.451826854695129,0.08664959072534631,0.3202163500249612,S,Neutral
249,1.191718668406705,0.9245181169548028,-0.2672005514519019,0.7976750562270641,0.04966674947469744,0.1764022937488133,F,Neutral
250,2.163224569840901,0.3509941772439089,-1.812230392596992,0.9999859430895579,3.807752430392874e-06,1.285241595488541e-05,K,Purifiyng
251,1.235974980594272,1.225798513011483,-0.0101764675827889,0.01644095687341194,0.02817205796185736,0.0978461194629475,V,Neutral
252,2.470542740779125,0.7804966826345888,-1.690046058144536,0.9939480236805839,0.001474907936125769,0.00498563343983456,S,Purifiyng
253,2.820359550199125,0.9763843364992372,-1.843975213699888,0.9991982706436349,5.602225284335625e-06,1.890938556276347e-05,F,Purifiyng
254,0.7555405725302344,2.714605407369205,1.95906483483897,0.000282816513021493,0.9457879914656171,58.8860891903013,L,Diversifiyng
255,1.262186838170897,1.226270626962512,-0.03591621120838506,0.03122417662106467,0.02967742386811259,0.1032344096035984,S,Neutral
256,2.772645155739176,1.050098898763171,-1.722546256976004,0.983031001115706,0.0001615958193955247,0.0005455250801865142,A,Purifiyng
257,2.630118155332516,0.9969675390004163,-1.633150616332099,0.9508907198857871,0.0007425703132789411,0.002508271893946997,L,Purifiyng
258,6.808869028101946,1.071128473458805,-5.737740554643141,0.9999999409009237,5.852164362376221e-11,1.975290295337033e-10,E,Purifiyng
259,1.153819749245823,1.184757827353968,0.03093807810814475,0.1287576525455298,0.1794024749503179,0.737925710620176,E,Neutral
260,1.20564598910189,0.6561865588894559,-0.5494594302124339,0.9936677100938099,0.001892633173974903,0.006400348204473083,Y,Purifiyng
261,1.249160305512101,1.22322028843495,-0.02594001707715043,0.03418688428234495,0.03272404128696071,0.1141907572990831,T,Neutral
262,2.843721247737947,0.8166531364375565,-2.027068111300391,0.9995768599740243,1.67501064359699e-05,5.653784625107906e-05,K,Purifiyng
263,1.185631155483585,1.220113033186767,0.0344818777031819,0.02471326403304869,0.1240610784316038,0.4780531043168697,K,Neutral
264,1.49885716355545,1.021413360702585,-0.4774438028528658,0.6706747883325299,0.01761659305292348,0.06052785989814789,L,Neutral
265,2.56394677956108,1.220433863801841,-1.343512915759239,0.843756982535798,0.003473425942912347,0.01176477360375441,N,Neutral
266,2.312953026272063,1.181059034991323,-1.13189399128074,0.7195205949853696,0.003435545394636912,0.01163602681839888,T,Neutral
267,3.254644382956422,1.218586445551446,-2.036057937404976,0.9161849478385402,0.003377301137345361,0.01143808782402134,Q,Purifiyng
