Position,Counts
231,5
232,14
168,5
230,5
14,8
220,5
227,5
15,7
77,5
52,5
15,6
228,7
230,5
15,6
201,5
15,6
230,5
15,6
15,6
15,6
228,7
54,5
16,6
15,6
15,6
72,6
230,5
15,6
72,6
230,5
15,6
15,6
16,9
234,6
16,9
196,2
220,5
230,5
15,6
15,6
230,5
70,5
231,7
15,10
15,10
103,5
223,8
14,8
103,5
59,5
139,5
15,6
14,6
15,10
29,5
223,5
15,6
219,9
70,5
15,6
15,6
218,7
15,6
229,6
15,6
16,5
245,9
9,5
150,5
15,5
228,5
15,10
52,5
15,6
230,5
15,6
15,6
229,7
230,5
231,7
230,5
227,5
230,6
15,5
230,5
15,6
70,5
151,5
231,7
15,6
16,6
73,13
228,5
228,5
15,6
224,5
15,7
15,6
77,5
229,5
15,6
15,6
227,7
225,9
70,6
235,7
200,5
15,6
226,7
15,6
15,6
234,6
15,6
230,5
15,6
228,5
15,6
236,7
16,6
15,6
168,5
226,9
17,9
15,6
15,6
229,7
91,8
196,6
161,9
38,5
81,8
211,8
15,6
17,9
17,6
235,5
15,6
15,6
70,5
231,6
15,6
15,6
227,5
15,6
70,5
233,9
231,12
15,6
15,6
270,5
221,8
15,6
224,5
15,6
57,4
17,9
57,4
16,6
70,5
230,6
16,6
16,6
132,9
146,14
15,6
15,6
15,6
54,6
223,5
54,6
223,5
15,6
228,7
70,5
231,7
15,7
77,5
223,5
15,6
15,6
228,7
228,5
228,5
16,6
15,10
70,5
235,5
224,6
44,6
172,5
223,8
236,16
231,5
15,6
151,5
232,5
54,6
114,5
213,5
222,5
15,6
15,6
