Homo_sapiens_ENSP00000364472_best_model_relaxed.pdb	Mus_musculus_ENSMUSP00000034588_best_model_relaxed.pdb	Canis_lupus_familiaris_ENSCAFP00000019630_best_model_relaxed.pdb	Bos_taurus_ENSBTAP00000002914_best_model_relaxed.pdb	Gallus_gallus_ENSGALP00000011510_best_model_relaxed.pdb	Crocodylus_porosus_ENSCPRP00005000967_best_model_relaxed.pdb	Chelonoidis_abingdonii_ENSCABP00000011720_best_model_relaxed.pdb	Xenopus_tropicalis_ENSXETP00000008146_best_model_relaxed.pdb
0.009999256859876104	0.01671438197202425	0.02353079783455947	0.018302397481194492	0.037414710666848074	0.014667631539797797	0.37022619820537256	0.049810893745474344
0.012670774812823835	0.014369077934423937	0.0189959597195431	0.014449518079010711	0.03404128813408614	0.014263884621530092	0.08543972813113059	0.02919604131357467
0.019940792176274903	0.021360701772887458	0.030904609194691963	0.02713091525358217	0.03926064583782755	0.027673171792522114	0.06672540899746973	0.04924789182414507
0.030461585391031713	0.0215762382685038	0.02552050329143614	0.024130331234660848	0.027315704403768938	0.021368151173448147	0.042955803493024844	0.034124123735501
0.02620121546749401	0.027364126212708652	0.021662238280719007	0.023600113980470613	0.02256646335636309	0.024308010835676314	0.022640047936318353	0.028422667177253377
0.022571892763946833	0.028868199905074624	0.02703426919129865	0.022064412137816437	0.02812069882466789	0.027970923206123155	0.024710067523454757	0.03148871608653145
0.02667821022791256	0.022415198200112327	0.01810812477866415	0.01762855563312335	0.023770262979792428	0.022888116053351767	0.021522435100680398	0.02441624107658828
0.021607290522794025	0.02329108854469131	0.019972428787675307	0.015503824753939945	0.0218900053281993	0.020145035535559755	0.020651454679924058	0.020929693785740243
0.02054478133292958	0.018254896499019634	0.017595531339642048	0.015370424039812446	0.020343563160354412	0.018346255842710622	0.020405309871661746	0.02114037527021353
0.01663245697397209	0.013102429119205608	0.014331017444117833	0.01202672561192459	0.015978026744199503	0.014636127857567295	0.012620956567729475	0.01644597887064535
0.012119685459437805	0.010920588088064492	0.010440493377541547	0.01008814513200819	0.012752931219128492	0.009948532574781191	0.01017365923222879	0.01202362154687963
0.010433491692210015	0.010280068927078998	0.00953593478962825	0.010301751111642802	0.011455686091162303	0.007910526856433819	0.009670824017961226	0.010425682424019056
0.0080534229220118	0.009761184164851569	0.009408880194882561	0.008899911069356564	0.011948984800230352	0.009008406422875294	0.009957421716050342	0.010388028097124295
0.008001186379123662	0.009103272287775962	0.009090540997626219	0.00812748283690498	0.010324108610484502	0.008209780260574926	0.006969028559381099	0.007646133561126405
0.007045882908553341	0.00743765730667037	0.006864346404022623	0.0072543663495247485	0.007788658395626321	0.006002546079736424	0.006722519768044932	0.00640423862043583
0.005582242038680101	0.008333457359505463	0.006906716220232778	0.007262780991773878	0.012502620103247698	0.006176083066663673	0.008066397843729811	0.007300377778362861
0.006089822569056779	0.007709528685477319	0.006430970936373122	0.006511440735249722	0.010094785358609231	0.006989801087815007	0.006514086860710035	0.0063258681774494355
0.006093758674804279	0.007642496859032305	0.006935448439212203	0.006639573570715238	0.008824879382778757	0.007311868261709633	0.005373218995381058	0.005403761061714852
0.004848828497543998	0.005541302866184129	0.005050578461224986	0.005018400142776191	0.009759050803319784	0.005055919613626168	0.00651466542847127	0.006234841442591262
0.004847868441139067	0.006537058537849312	0.006631219224522766	0.005656384252998221	0.011105627839283514	0.0069019857103545966	0.00770306080825674	0.006163109244843808
0.006675018600372752	0.0073953467791886135	0.006203705434926266	0.004959480890126795	0.009075491529479158	0.006523503231787986	0.006232862331922088	0.005455475757254828
0.005748521004482514	0.0051079533009199644	0.0056420283666750275	0.0045438545775864595	0.0065603184079022	0.005213536761662369	0.005642651466589224	0.0065903090718984255
0.004995779424366737	0.005627655315108807	0.007370167814988753	0.005108229023966311	0.009629380667293581	0.007419912969601071	0.007636312708482216	0.00941152173635437
0.007235036062939715	0.006497384860464634	0.012852051954966298	0.005983064344149649	0.01039021040276519	0.011057518130927993	0.011516486215407285	0.009769319451207297
0.008842793479887054	0.007299165133214601	0.012202785817983867	0.006113403099203327	0.008649782740913048	0.00843533973255951	0.009297807268540296	0.010295100383991035
0.008310402977037218	0.007923621803215814	0.009939518925275724	0.006233386728818976	0.009828673564632687	0.008402391096704018	0.008137807484885068	0.011673903510930719
0.008790588144364859	0.009520191838082483	0.013625827343127441	0.00847300518875058	0.012426646310138975	0.009344151507362015	0.013385262882396918	0.0111360333008955
0.011084237942297069	0.013809004428854278	0.015277258633694796	0.01347638092488008	0.013213044871217413	0.012652064115950643	0.017652882244358237	0.012807760104132126
0.013059332633454216	0.013969146840958459	0.01623864823548258	0.012851553856859311	0.015146143730387673	0.013486108119936311	0.014230270493482267	0.014776330883613983
0.01347880516240817	0.015257653803362642	0.019230707920257602	0.013761762467314637	0.015892714784336345	0.014052445646839946	0.017082150876242017	0.018555301111204705
0.017047575177196267	0.022044028292346796	0.019753789866254312	0.020051279516945037	0.016129757853437076	0.01741361054900039	0.02108753935950106	0.024576941386146002
0.019754415398748188	0.019175873112230315	0.02047314436797128	0.019352256683278935	0.019638929645285866	0.01699253432185333	0.019595173264347256	0.02214952247023938
0.017562792841946985	0.021177382715977817	0.025878918081474293	0.018511442846324586	0.020784287056227427	0.019341539621928045	0.020145322910087693	0.018990203184333983
0.021571202720219434	0.02838798891056492	0.02260439304264847	0.02538922911085357	0.018980358612536094	0.02522351980621048	0.025548761002706862	0.02952157685272431
0.02621544858602968	0.03799355356872244	0.0213352796592025	0.025839175859570136	0.020744647812390105	0.026300022776861217	0.029867493198871466	0.043728912734134456
0.023569702808609195	0.03256939451238399	0.018966213733270895	0.02398217595415345	0.017507684525357944	0.023584262944996544	0.02986749319887146	0.03952409486097022
0.017588575786638475	0.05684482849267427	0.022293093355631063	0.03894307539985675	0.022093537263239673	0.033901465648666404	0.03656314172880468	0.05592053273371319
0.02819445083486919	0.056844828492674304	0.02095836352698013	0.03762120328736006	0.022093537263239565	0.025832081052776575	0.030572251132115577	0.047065772785583805
0.02712273120941504	0.037614425286661195	0.015002059777792153	0.027513034156345987	0.014834873041905654	0.01763388060019397	0.025007681046195447	0.03578328319747164
0.01733727510208924	0.06474095034833971	0.015813106144947835	0.03999107786454923	0.018304741938141293	0.02025016115037874	0.03746899464002593	0.057235556898160164
0.014838802480669908	0.06474095034833964	0.0227906286323889	0.04746852137365382	0.0219915032167714	0.027787638608584967	0.04091585116763335	0.062270217431550645
0.016507631909015354	0.054759652460187366	0.02207614961632107	0.036286564830482246	0.01608736990764242	0.016213388026256343	0.02855191618532403	0.04368060670987024
0.01912885813276219	0.04716569460794388	0.015625758017308686	0.029013053075021705	0.013319199148263924	0.011575548262080584	0.021333451302166028	0.03682746508317773
0.013064508266621743	0.0629040648748254	0.02222381496721394	0.05961497850593844	0.015470710624774788	0.014729156390179503	0.029261076517713428	0.05383865804294159
0.01421122717692294	0.05292969905110513	0.03472679986468537	0.05784734816972507	0.017810431422361685	0.018232890219992488	0.027156099118765483	0.04258692868857504
0.02313756698637367	0.033941653036552645	0.0294778413365126	0.03444655264138921	0.016884222006201113	0.014741183409742276	0.01559423761334367	0.021268635599526034
0.023086054015721093	0.039143724824244816	0.05565097275888292	0.09048034547357893	0.02142371250067434	0.017823960851332435	0.022893807582825748	0.020693909585848907
0.04038654611772082	0.03422102728536281	0.0467266479286622	0.04102663743232646	0.022199952425906163	0.016353722657705894	0.015299896124505217	0.02038447939687321
0.03332546602643335	0.030160274452894584	0.029329526165212127	0.03113795703221827	0.01933484212206038	0.014782343135742225	0.011859812651665438	0.01625770461204914
0.03149366770371318	0.03657175278913155	0.025714817286706108	0.03470981986883118	0.017541425011509442	0.013843678699421453	0.011031495563671572	0.01867571975490627
0.027008898765050905	0.01677534398846388	0.009641777327521866	0.014787498211655377	0.01282923091762207	0.010601375773219108	0.008265638785402664	0.012352634340357898
0.013046750097546415	0.01601306829128379	0.008781178165956373	0.014059772525308054	0.015248278613627864	0.010306407659514709	0.008031862362675574	0.012919117864985763
0.014468700058228628	0.030619076431723714	0.02119298051889761	0.01956908102115345	0.02037393336082873	0.015610000610636951	0.01140500936896842	0.014668149553486224
0.021286473086538055	0.028971034516118984	0.012826072888161623	0.01972383323726187	0.02183280762385105	0.016149464450085877	0.011694089162731963	0.011020505008398218
0.016952816026771983	0.01435401201512942	0.008120347433817569	0.010293728101419496	0.015841760193430983	0.010531529701900764	0.00914243299324962	0.008602864074323107
0.00912534553398889	0.019447807357493983	0.01301684904123791	0.01268611240513249	0.017192920575950725	0.012418049230095755	0.010811975751216193	0.01133486070440454
0.016058439539915162	0.023606527588411554	0.015412765012568936	0.01992579739629291	0.01973704733399289	0.014752270868381143	0.014128743368816324	0.01147142424976388
0.020843641722917968	0.015431014656813125	0.012217768547217638	0.014329031686376646	0.015230315488315679	0.01026498435889293	0.012675381244284384	0.010102723656346953
0.011637213761902122	0.01492738993297398	0.011859617725116895	0.014829806995209817	0.01500127210539654	0.011453365678869135	0.012748689573386951	0.0093797017880843
0.013521067252940647	0.023467348423485048	0.01789912832259721	0.02442330398329901	0.0190620520690127	0.017428327004958263	0.018553696335199682	0.011312408948804005
0.02162162623767315	0.02409126965980723	0.018106670101811675	0.026038935795340078	0.019771521044422372	0.016247852687630585	0.017154838205761365	0.012777236976058887
0.02064354104460495	0.017699548618262437	0.014856096982412546	0.01894692542427592	0.016128358297421742	0.014379008084542108	0.01594074328851047	0.013096614491587145
0.01587221563809798	0.024711114441034666	0.02095325175888918	0.027020417927607936	0.01968096314699314	0.02043368255702632	0.021385072360397925	0.016296376053232562
0.019865796130754045	0.036179988415268365	0.029380692879601836	0.03988440807848132	0.025538295145688013	0.027813575214093667	0.029755028799159398	0.020254227031038484
0.027350453777586343	0.038146243898784356	0.0318892805939564	0.03722270250386734	0.028771908175048752	0.034605363038310084	0.03126081535878698	0.020936919093322716
0.032487027167820426	0.0333828073547625	0.033872101774629654	0.036252410660329075	0.028465748388435907	0.03189610998271476	0.03420122764562734	0.023192466005133007
0.03208929981947282	0.03394680605144866	0.031428607859423606	0.02850818447088397	0.03309942112153304	0.03417087765889669	0.031622962586963836	0.026952002457453696
0.028117204141853973	0.0491420058873669	0.03656033080694489	0.036047384179657	0.040946611487630555	0.04648743980006943	0.03592399858961085	0.036478045545994014
0.03605277775881414	0.04273082811874113	0.035493800873665014	0.02983849523488511	0.03551600617430351	0.037846981727903704	0.03296966470103858	0.03561199344736863
0.02991744386344552	0.03125073328800711	0.0281409734280944	0.02348924716001127	0.029495725547863973	0.029227807824770084	0.02649476583018338	0.02729676402329981
0.024940473108794225	0.03571284321561828	0.031077173528906217	0.027422619178089448	0.03214207370806838	0.04088200620169586	0.028854417688407335	0.0339317604560618
0.029795862411670752	0.042120788302502384	0.03624914713545214	0.03385689383899683	0.037600395640297	0.03857833476770059	0.03336217489646943	0.03753460550403885
0.03290515689625988	0.03566429073785535	0.03158836262786124	0.028455538179664886	0.03370622628168773	0.032163184983024715	0.03063162845460488	0.033612165049111783
0.030538718474913507	0.03392156012097889	0.030674005867952433	0.028709525814864818	0.03260447797748297	0.03263924266523755	0.02917902055005402	0.032511667861052085
0.030269026061195865	0.03510887769374118	0.031204919674990395	0.03323578833883512	0.03700085384130422	0.03883564071390554	0.0363526536889469	0.030900247159108746
0.03108330909862878	0.031284139526715785	0.028371172115360138	0.031127652032429728	0.033832454133607984	0.03550157641955926	0.03228162296373033	0.020413208865332013
0.025511232319651706	0.03170713203346833	0.02441168745500667	0.03394677475754769	0.03339248768933962	0.03839524711884545	0.031883566907127896	0.01910244154892098
0.029064880923905183	0.035752000824235484	0.03593624614366933	0.04410002633589469	0.0395241812474898	0.0574979646765151	0.04562644166886263	0.015306206751612522
0.03572002666420848	0.035836430023578815	0.0353317787675129	0.049663841701049496	0.03652670108742453	0.06141268689129798	0.0509430034893412	0.01776775226115253
0.02967565358294657	0.03685077590536975	0.037340158838777185	0.04422243048612859	0.039929843273035476	0.06141268689129801	0.0543292310914405	0.01772613601561056
0.030107455945926398	0.027108949355011715	0.030486873758953353	0.0385680075389186	0.032933400214445095	0.04532178464737357	0.04166195592221042	0.01581451006080597
0.027448326408793418	0.024201685532635655	0.023926382084359224	0.029606087009409518	0.029650647827895685	0.03865581004919269	0.029979591134398072	0.013667938426816923
0.020360195116188185	0.02326348849139225	0.02678503315189861	0.02780215504458791	0.029101201144169715	0.044213428255017846	0.03102885506405833	0.01710953871878276
0.0196341853180321	0.023243982914617864	0.02686279749515097	0.023570736544299045	0.02404556620678512	0.0402399844713781	0.024500679768750304	0.01800173544095411
0.0195317169539926	0.01835644075817195	0.01926952391659396	0.018062276610705134	0.02091174986532887	0.02710228106281624	0.01886890527414649	0.014999582980820846
0.016663471582247336	0.01582481320180323	0.018208766829327733	0.01592403593166583	0.01948440064243076	0.02430837741988309	0.01586742163814481	0.0115846451745166
0.014723780477680774	0.01470637049903225	0.019178640017122408	0.016734981635394112	0.018638857277033724	0.024250947163450172	0.014798864704454366	0.016830284493925957
0.01394311766730889	0.013228853811432965	0.019162793167995202	0.01624876810988631	0.016508266650352273	0.018433544807448212	0.012400927125995593	0.015893652032207717
0.013316560605052066	0.010755977971988868	0.01538378392561245	0.011719910561385655	0.013297556041303817	0.012039088219507813	0.010037362052286839	0.009310388322072507
0.010392104135317128	0.013339060306964664	0.015491344878056186	0.01286264806501709	0.01593423021787288	0.016447909778234335	0.013157920892268924	0.010391514396314652
0.012765490369373056	0.013273099519595375	0.01640155685117635	0.01413837795604686	0.016027159008391592	0.01528356958305873	0.010654864314467756	0.010001265073440582
0.01342988737309591	0.011505162459595517	0.013722717389262019	0.010187866486801344	0.014413806569184284	0.013994380221290716	0.007541600206038825	0.008198044532891746
0.011019847085541372	0.009551115514161332	0.011105593675207305	0.009392694319247084	0.013075842837094022	0.01110248077629509	0.008811677488075875	0.008438781891439501
0.010016564459576629	0.013338661849497032	0.013379323222998315	0.011914540022351369	0.017006524723953666	0.015089119422573353	0.011151689729521252	0.01097087550371286
0.013270218799809596	0.012737381602165199	0.012363930673465792	0.012826735150585961	0.016864845895049697	0.014110685924976945	0.009324022722166826	0.014262307659265849
0.011751228878131008	0.010197577919415966	0.009480582267996937	0.009420260312250904	0.013678250785957587	0.01002071424874285	0.008474496028479389	0.012029031329133888
0.009375657837124162	0.010848203164305228	0.00995392898532348	0.009724988778644701	0.014284885153154462	0.011712510956241816	0.009478077457904686	0.016305207123109077
0.01011538444910144	0.01157865312453522	0.010605631081069019	0.010641313357375375	0.014854013049106963	0.012244466316746548	0.011484328584139253	0.02518051988817129
0.010408082849872522	0.011089623760757755	0.00816062954686076	0.007934094351369514	0.012651654892979428	0.010761585461826782	0.00969783130932896	0.022636481548131936
0.008487782981365958	0.012024285116524536	0.008428186065345981	0.007373202044240003	0.010919953776454154	0.010329880483812575	0.009480723210862995	0.02278289045500092
0.008652965713044357	0.017712012096125412	0.0103405584471596	0.009318665277477078	0.01504569056012461	0.015069851991179068	0.012115478376746865	0.030458463623741345
0.010066157569732212	0.019547999776935335	0.01181171951140285	0.008309252500135521	0.016362870907353923	0.018178016268632257	0.014245644678751472	0.03254167467910744
0.009823536489947923	0.016079795299381652	0.009296665815700845	0.006803838811741275	0.013608548929571893	0.015115412630235376	0.012400341666354718	0.0286128346225095
0.007807070182735854	0.015852656312021006	0.012994553558392657	0.00803294245798973	0.015507195671938668	0.01590399761140755	0.013119476857204902	0.02941358805787388
0.00880368891203424	0.024295492603626314	0.019714478251445185	0.010659334367179429	0.024055331328112228	0.024411948136656737	0.02125523335984445	0.03707139763224549
0.013393164314825878	0.019341578495309368	0.013768852848111716	0.00979546209883083	0.026425801671210863	0.0196640863725072	0.020978881630680242	0.030771531650410505
0.011272231694305189	0.016799344651274205	0.0165481141095865	0.010352239985655742	0.019784637652968163	0.020095751752880794	0.015849901342393974	0.029560508979114556
0.010170362791320857	0.018600308766154074	0.02953274090877847	0.01690082161363528	0.034167414636944414	0.025164383683499953	0.02330658001606133	0.029123603333548364
0.019718958816882452	0.018637764055645035	0.03423071251866882	0.01939512522282017	0.034564705560034215	0.025857826464161255	0.023894598601419993	0.03485084182906409
0.024310721195458785	0.0170334740830184	0.03265737827347386	0.015801007614869522	0.02612969257563951	0.021319366987383445	0.020009880772014765	0.030495204870243355
0.019938275148719025	0.016276843323317528	0.0347742311041244	0.017165272960996437	0.03008338379935511	0.022736149559430704	0.021011348384053184	0.026032503473004356
0.02667455354131258	0.019848861654556432	0.04208449411748221	0.025905464551133104	0.03831404848287487	0.028645877770604674	0.025026877167064792	0.041289375748820675
0.03226937331203128	0.019853419392116753	0.04073694544220139	0.025216341046404366	0.034761366498763976	0.028164517868012336	0.02234988206967103	0.0902769347090028
0.03806569771475015	0.020852837133347922	0.03868963066897502	0.021884443277479623	0.029943574803034247	0.030344554217886132	0.02192871142312751	0.1376888915693635
0.030384095949320497	0.02113590023185382	0.046881216634194256	0.029101467906828566	0.036831414407058664	0.031292824757056456	0.026311125185246278	0.16372783364604204
0.038168648045473035	0.019575984425336236	0.045232096009294245	0.029665838032147285	0.04524129030747947	0.032122751697513274	0.02911661573999939	0.177616745513475
0.03736957857410944	0.014604204092586283	0.0455625021656284	0.029888642755445765	0.04382801901528148	0.026710736499130406	0.024200636302648248	0.1752418626689782
0.02252580558363687	0.022206906071859073	0.07397080965921224	0.06195543193216898	0.07141433288466008	0.033949870465827404	0.03207635150170836	0.1744729975120966
0.04375994686036979	0.045729242653782934	0.11650249175806479	0.14070078764831104	0.10302696018406034	0.07411665300432917	0.08951056640631586	0.13696315057117345
0.09736533533618323	0.07995318782606253	0.1858569455571735	0.1680343670359366	0.11868173303190198	0.08011264659575475	0.11093060902377527	0.09900466318413166
0.1150622659944878	0.12092804510760805	0.20223354902515553	0.22169750281455852	0.16494148269708742	0.14876116499878073	0.1649227803997291	0.12873132077156507
0.17339791694746043	0.16614261175138834	0.22239370580757362	0.2131253535842279	0.17700217358353246	0.17269811515949307	0.18256932517271116	0.08028373586379185
0.17109931178938792	0.17513041754040062	0.25557612597723484	0.19907133944381342	0.19618919180435837	0.1735944278347386	0.18179429520358675	0.03945197458777892
0.1796824736289326	0.1741326461470394	0.22947161354844234	0.2471446788825896	0.2221613928820521	0.1610037616631273	0.18219861895925316	0.0360418553471189
0.2019102927346081	0.15195967801710705	0.22770753783061512	0.2244909418173933	0.2246345739705881	0.13999325714200622	0.1801986434259938	0.02207209592648146
0.20492044696203376	0.11628213357801995	0.17887930734898955	0.18570042229387795	0.20385609985822012	0.09833531196609879	0.13933709581844567	0.024487008012966962
0.17298357676194795	0.09527983639539257	0.18350557446556928	0.18570042229387798	0.16269830112732353	0.050871636911322626	0.12273326290101574	0.025929100133066416
0.1410149292833888	0.08596287259111798	0.15451236048138584	0.15180875764459867	0.12932203677979168	0.056754467932013684	0.10520053281576568	0.028322967662953558
0.16295658477369476	0.05102986254043463	0.08943657242926242	0.11301981489707645	0.06648722598597273	0.04203584255625947	0.06171587772756173	0.03167957459056283
0.12962190274170388	0.03748320293588611	0.05927552498935604	0.051907704509683336	0.04240208207424163	0.037876140518298296	0.03980316816639303	0.03316777444591048
0.06401789350951748	0.0369977415627664	0.04582541266756682	0.03167440938022328	0.034388226065502105	0.033461031749865075	0.03414403005617904	0.028346144423437487
0.052392482371871864	0.02518875994388925	0.03728194426836121	0.02422921057873094	0.027021379813145084	0.023315024563051387	0.02404065092662997	0.026232436985930266
0.03688519495305512	0.023435682134706377	0.033761595907628374	0.02591246519165535	0.02724333042104116	0.021924172997960976	0.02347288106852056	0.04159393193547317
0.038302961196400115	0.025563438952943926	0.04172242038423236	0.031098348498693692	0.032834572060794244	0.024474892666130968	0.02833980656133303	0.04571229235471471
0.04574976186299424	0.03074624864613375	0.0403516470545948	0.032385231138745536	0.035380049390666614	0.025785112158789057	0.030828966002529493	0.05030692299495538
0.04955386503792445	0.03386564339568528	0.051095452385297536	0.036109231720736164	0.036347743102503285	0.029095543227955843	0.036955364860249404	0.07202787386967995
0.0709044503927384	0.035449046071690526	0.030135803281220157	0.03077154903732753	0.03710627893611057	0.028360352190140492	0.03307385739087824	0.08391618488158711
0.04346944828986647	0.03311959054052794	0.02889602142426212	0.028916622832161773	0.036971442319818595	0.030151867736648998	0.0299805271527343	0.10160336682346419
0.04405568848627852	0.03128769806155298	0.0225338104487574	0.02587928726393184	0.03290445773328983	0.03223052340144527	0.024629356235335177	0.10905630336163488
0.03956717020147315	0.043568675824431	0.03551677697504611	0.045065810928555126	0.052537518364760984	0.043409629662480104	0.04112699364820519	0.10519578313519005
0.05619995513302334	0.05706528385112747	0.04735035564508081	0.05237205656339329	0.05843582000349146	0.05578096423612702	0.05028670459384171	0.1147660392878567
0.06578655771107088	0.06258467610344132	0.054012478313294254	0.06559593764316224	0.06644718804568041	0.06474339372124037	0.06438907261158404	0.10519578313519008
0.07545737515612955	0.08858724593908193	0.08189131521247234	0.09124599149630473	0.09514604480412968	0.08823507687114404	0.08991833714723055	0.08766388746144833
0.0990615966912441	0.09497560487337885	0.09274252802804754	0.09184304123128985	0.10341955788944289	0.09540983745366018	0.09917343024538075	0.08902686774113744
0.10545767049140657	0.12340378736222364	0.11180050887279981	0.1067164681149061	0.12190336796650968	0.12023989212327776	0.10536639970924644	0.08260256358627122
0.12282416788686494	0.11736744370136284	0.11895451186325019	0.11010261667987283	0.1187367820189289	0.12023989212327778	0.12153070986643562	0.0766633021143209
0.12409392777286173	0.1106314583216174	0.11157843564355714	0.1123991337583077	0.11873678201892889	0.10316190818320098	0.10378572954319547	0.06570101910148818
0.1193184228399754	0.11353820192440103	0.11157843564355713	0.11239913375830775	0.12174579688194044	0.11062442508917478	0.11645690202811206	0.057488257281744726
0.12186348231408586	0.09828229374320631	0.09792999073564178	0.10246394928910928	0.10839028459188907	0.09611216807396104	0.10429002152328691	0.051122621112701466
0.1098887112725255	0.08742510679439364	0.08057920375516331	0.08748096548401774	0.0957122334532773	0.08669603986789481	0.0913880059831979	0.043144995578705436
0.09863270506831381	0.08742510679439366	0.08638795091214037	0.09254704303090772	0.09916744896847564	0.08669603986789484	0.09576080200097063	0.04120928700787445
0.09897855281069307	0.0804510047295741	0.08083254223964544	0.09144136946387456	0.09387243438729366	0.07368314257428836	0.08792133106998222	0.03675348805780927
0.0919541957422777	0.06619096439737973	0.06775483168541412	0.07763471067202009	0.08367004365425831	0.06884818541414627	0.08463459595879218	0.03126161616245498
0.08373934247870482	0.055250704226691316	0.055343210018202235	0.06620241842149048	0.06471190699847787	0.05261040614891489	0.06610919492930518	0.02671150325335987
0.06935059114512816	0.05586980969369143	0.052692804037588	0.06573331017336168	0.0634585664423372	0.05359373420046556	0.058995739912288694	0.023262140276720408
0.06832402190665848	0.048688119085952976	0.04675645893437662	0.05585237571135051	0.058038251485712525	0.05283112545077825	0.05402071539018034	0.02612480626332299
0.059019312270285465	0.04153997229912987	0.03937819737641134	0.04602980617238522	0.045399303557663556	0.03943939993154052	0.040462519489265054	0.02097566542968648
0.0517291433682718	0.03824604573098646	0.03045147286066221	0.038298641027648225	0.04617733858353684	0.037845586083285525	0.03956217878531193	0.017254636746826143
0.04683150169649201	0.03809791623330274	0.03447350820584807	0.035161959723019845	0.039616304841624435	0.03437065534614676	0.03561055739638067	0.018515411878379535
0.046179579921116036	0.0320608393116251	0.03295040188328473	0.03504724690909597	0.03571898640695713	0.031016617317117447	0.03349055267950836	0.021753285128467147
0.04019233581897697	0.028542394660980176	0.024413731052915298	0.028336573944656374	0.03205206900334374	0.025511194288067994	0.028611048954013514	0.015520114409713895
0.03114226525578919	0.02334945722094463	0.024789401688074027	0.022642754686328988	0.02556814806056889	0.020887161440893618	0.023339704145766516	0.01543292959033326
0.027191660351660065	0.02445776892395094	0.02729726881063288	0.023764149574181482	0.029325163300281613	0.021647410014356282	0.023177048412266376	0.02051799472603273
0.028001184922638124	0.01911448010849706	0.027963593836746854	0.01750332875156224	0.022609280954377385	0.01903923449020368	0.018603424837897006	0.02129035246132025
0.023292246113531357	0.01589889152218507	0.020681196752009887	0.015568309449123262	0.01907975085910604	0.015394084258235144	0.015495983419971491	0.013179743855238672
0.01776910572464192	0.0157017284009148	0.02129232943875668	0.014337162600636326	0.018337276574986766	0.013721061371051552	0.015832113203432724	0.014911095098818406
0.02067792705894544	0.01796915108212845	0.02463497037720874	0.01256706353332124	0.017869480575430346	0.013621273244123586	0.013977710029320072	0.018697306559227723
0.01856945484074306	0.014739864122053059	0.01726083825371982	0.010889509299745212	0.014846642737963834	0.01177448630635609	0.012359641099800901	0.012666935489460289
0.012759840943435349	0.011747751714169944	0.014296093499512417	0.008750581961882331	0.014097085419396093	0.010497525686879531	0.010777014186326503	0.00976085972969071
0.012726127060275752	0.01509326280030576	0.014162154105382413	0.009160049076192375	0.01393839975776328	0.010112529826806126	0.010923863010799409	0.010502861662504056
0.01320394843182356	0.015513153669540043	0.013257850655568747	0.00908316804798441	0.014010553806419157	0.011354886736975585	0.01117122654400492	0.00940254758399653
0.011954715739103373	0.012039858021569778	0.009422930923782361	0.006539730539208204	0.010653349500150055	0.009603137036984257	0.008637478291615541	0.006205543905866699
0.008582593788205216	0.00976656755224717	0.0075087395898460535	0.005894282769045125	0.009757294503927982	0.008415799437511855	0.008111846456407595	0.005609228539087712
0.008968348928606528	0.0163098509302803	0.008139078650191776	0.007044241226584544	0.010859238649162745	0.010283051038752185	0.009795744715625	0.00702263652768843
0.009201415105373655	0.016413282170910183	0.00852885808714985	0.006323990549642017	0.01096515015758658	0.01406019407673574	0.011193766017087535	0.00795201177647093
0.007909788822736965	0.010367870064540938	0.005897312789127733	0.005088915954953205	0.007947890604329	0.007954691756548764	0.006960097981096333	0.013846050677961179
0.006371164386600686	0.010917014220660859	0.006436604375564011	0.00608166801407295	0.00913916972786814	0.009629251344221053	0.008123861058163892	0.020416045895083675
0.006152251571273187	0.012518430284512331	0.0072624147437560125	0.00655387586834837	0.010649620562047846	0.00988311150658427	0.00920493018162179	0.03326819595026493
0.006931089636280941	0.009934584675135236	0.006220074513176946	0.005603967977454253	0.008678460636163413	0.007753343337918309	0.0075558579414996725	0.08307424365214482
0.005879535380191008	0.006319308569640674	0.006477331975327455	0.0061185987834001775	0.00802487386227684	0.005504385253327549	0.006199134468158222	0.14122173259392135
0.006179496240706652	0.00804155322181515	0.00658910698741448	0.006313765204062543	0.01337603304392523	0.007178994427268036	0.006984063856940115	0.14354623876465147
0.005765525410865075	0.007595437982970556	0.007009974435287075	0.008772886223010416	0.012641243904329493	0.006265526227525207	0.007401613942192281	0.04167205872669042
0.006880199111045039	0.028798053509634516	0.011313036231740563	0.021088029515679084	0.022500755687423147	0.022819386081187852	0.01286575721501748	0.025444949241320944
0.012326123695094164	0.0396646013798698	0.024333617599873417	0.04123693183787224	0.054464750292216584	0.0500215370611917	0.028654073146770705	0.016380192139737335
0.026508944602970614	0.13644296723870053	0.05369744120262393	0.10276293479785076	0.10983510623727284	0.12870395931383707	0.03480201407372187	0.013223128843848762
0.0832049404200948	0.06544543695385358	0.11345832078295488	0.11783990074897271	0.06522555500580227	0.12870395931383707	0.04876040056222936	0.011469195413578553
0.08683146814577702	0.03769531968256229	0.22629946566380627	0.1353803664304812	0.1442081617700015	0.16794560949058335	0.06453937886037796	0.009160658848106764
0.2319491331672924	0.0369541825480606	0.14760040029077218	0.04408494327576177	0.07081726098650865	0.09740142863897591	0.05871105875015784	0.01430930522793463
0.10689438468745298	0.017329824277618193	0.03839202537286795	0.039435624367410826	0.039411710065174556	0.04460800833993232	0.037598164970095924	0.018265923438760365
0.03375431763638564	0.014141389214374063	0.015447691568431869	0.0198801051446936	0.029373001007621476	0.035114865615177404	0.03855851115177959	0.01974037986320223
0.02588438280849754	0.01232927047913273	0.011602888542421516	0.012811192496153187	0.01760475751919199	0.015010005923360315	0.01747839723155865	0.040437069285610173
0.014069150021202856	0.012521495814806789	0.010385865979851795	0.009922874976896675	0.016004457217084184	0.011939202207903727	0.01371169428043807	0.028038925865032562
0.011582121617722896	0.01702032951639692	0.008678725822363417	0.012334031676655052	0.013202082029122852	0.01026716572458467	0.010738404630982938	0.04187841287007374
0.00901784729487037	0.024842964969415196	0.008108169833470381	0.016748763003812773	0.015497785842394375	0.009161215262284432	0.009225338974295642	0.11279782013541985
0.009051827907186087	0.0214818877104851	0.012100382699314523	0.018682719925389907	0.02132164807003613	0.015602940078852148	0.013600511503196728	0.10088126652558649
0.012693210996997915	0.04160096323511031	0.015906170621167195	0.018402299952274083	0.030489727661002275	0.032326209799682	0.027710229049686234	0.062248254509066035
0.020103912136334022	0.03275205693418408	0.016599821893118934	0.05340832535922234	0.022237964555605227	0.04126425382287774	0.047365602838983854	0.049833577392875625
0.027815142264209666	0.038248781246759164	0.026269566251304076	0.03494012588181207	0.04790761141221401	0.06152421462245843	0.05361608351461602	0.03153930614174253
0.04328078513377842	0.04392391855373201	0.021453542622385434	0.05025387290347293	0.05108912543183225	0.05905964105859085	0.04078888114357532	0.019369219066475797
0.026721474478875795	0.04404892509439509	0.028755354122177845	0.0853028025699418	0.08487541562083817	0.081171719255379	0.056130456728794645	0.019987568557637538
0.058021912086755306	0.053373252191414915	0.03416309979629422	0.08377860598381368	0.10431428163105128	0.15737598285258994	0.0648136508040288	0.022815384904514048
0.09262326869471177	0.035002675119128246	0.026139973910230145	0.03825797235815261	0.11182905077110572	0.09847866226366193	0.0562613617528295	0.027335773202472602
0.049149311093636905	0.01996771689844404	0.02246714031489651	0.03321470448688675	0.083314041132558	0.0533318975072679	0.0389999289136959	0.038192371563123884
0.03318741756421804	0.019897346177411204	0.02348715930929846	0.018344785885418675	0.11132710120046438	0.040381790475851775	0.0391073098764579	0.08246306748824879
0.0343316980432018	0.021125473535073623	0.01889084584396272	0.014839677389750273	0.06865448400091587	0.028027309188771683	0.02662486133516539	0.11408391845767929
0.02409299228411952	0.01556702835219661	0.015537282262901238	0.017209442697198322	0.03593984819124349	0.019167129047200093	0.016444779362530366	0.12722124195988657
0.020867214840161533	0.017132561971939457	0.01606883470779511	0.017691389992258534	0.05691101286519764	0.017437829253462087	0.015669216011121524	0.14782374674945947
0.016619234327459192	0.030574078910329087	0.01750977735449163	0.018986091199239566	0.059113284885556616	0.020180607823310635	0.01926398150110833	0.16256877375195009
0.017406246169420714	0.034226251932348954	0.02345339591678747	0.029923987707463278	0.06029646551058614	0.028960723826403877	0.028238422765153363	0.14169877642166198
0.024459627011313375	0.08379327044629192	0.04031569726804172	0.03470549274301493	0.07301026751785689	0.04151005480782625	0.0423262240265382	0.09209988434017032
0.035929073199742916	0.10374383338836433	0.058435644980492765	0.059094635779723466	0.09525178112043055	0.06947469478163003	0.07127388606779334	0.07891871843104264
0.06008586196257006	0.14347040994807345	0.08821897135557111	0.09954653258642256	0.1328415961926903	0.09995356713349336	0.12358572078991073	0.04501570036348781
0.11906070593522636	0.2038931648964799	0.12396543184110556	0.13543243907318198	0.14335211403522083	0.11311805880871946	0.12727470186550946	0.05650247895214186
0.09719483971547006	0.1681936516963935	0.14993238181061513	0.1951011347111811	0.17205911514417255	0.12918884936943512	0.16050546665342727	0.04275086658387752
0.11182267420370567	0.14656280349411632	0.1710482892155609	0.17018547102905524	0.19100688847136704	0.1549352356712067	0.19742363409500527	0.027991852680363298
0.12444101523689921	0.10250928403239992	0.1544180078208497	0.15337837507479501	0.17527746134481265	0.10726069812315299	0.164407659277677	0.02262874816556329
0.06554951427568483	0.06476527352597107	0.15128687803076768	0.1043544927254008	0.15460507941436544	0.07597288908365568	0.14139518680211252	0.018170907760172057
0.051571615078036676	0.07072915358013614	0.11069545586468356	0.08030400873532342	0.10625437415855221	0.07057225251951424	0.08952874339507727	0.01645198751406679
0.046195855382036154	0.05052469994654289	0.07691702907948723	0.07835390125652528	0.07837058486643429	0.043442188445012846	0.06089648119890609	0.0178877331483161
0.030705755253681903	0.047874836338763216	0.07471451497771697	0.04552172359676177	0.07680093079831764	0.05092436988119225	0.05482067899848066	0.01595373496089703
0.03456803588741477	0.0289022481513896	0.052786380732536047	0.02861189451565386	0.06810193455704489	0.044446426089053984	0.043189865560994856	0.01903573367688287
0.030046871855006287	0.020439793343031056	0.031197484702101437	0.020031181825319717	0.047918133582862635	0.035575674453371196	0.034841358918648896	0.018030043312455543
0.027012113688133752	0.016233110724524564	0.022515487222236508	0.016201367030861686	0.0319570608493842	0.02725659254325017	0.02675969402066451	0.015650709893314765
0.021560219543570642	0.014735326064550198	0.01539016053018952	0.013915164612597498	0.02570285956864265	0.019698584447256043	0.01704811776487473	0.017026563786568468
0.016384292524237537	0.012939481231464545	0.013487511799369753	0.01323494100877385	0.018488369562008073	0.015290269421990127	0.016453427195084493	0.01394409921957541
0.01335835949607376	0.016326632651235115	0.015268052017845188	0.013061761995150164	0.018166459488645353	0.020936685201615596	0.01749901212213121	0.01247363773501502
0.014438038891031835	0.015582078620957722	0.011855166641076317	0.013189436728921288	0.018240773735424657	0.019496110717537183	0.015330498193582218	0.010138775593833539
0.012498872586844907	0.013718439261709379	0.011871008122943052	0.012382034107053254	0.02337121720483641	0.03849035832520851	0.01494501346771246	0.012250263498240226
0.013336356315977599	0.016135907356849995	0.01343561548374691	0.0127245034759188	0.023220327198656115	0.03328455148568743	0.01740940068076151	0.014750910843078755
0.014864139350792319	0.012477279834144891	0.010635061363558709	0.011904952021861948	0.017581756233773622	0.02193499425693355	0.015236469292065048	0.013389657259900755
0.011599972527082931	0.01135640496539176	0.011798609126315586	0.009889552677145995	0.0249964336462355	0.023179610378108194	0.011872279450273429	0.007904996170254239
0.010614731012009588	0.010819399196047822	0.010267174102995389	0.010645365267495266	0.021687144199975812	0.01527366389826277	0.008785824807712277	0.00700462597341031
0.00827150657241599	0.01266205855178261	0.011476786374113373	0.009188662692856306	0.020478326890342857	0.010923272321801392	0.011033654745880639	0.0082425014640457
0.008672283664452376	0.015893682663396604	0.010625114580256584	0.0104225833962663	0.018986787115901634	0.010307454637254212	0.008497325138073358	0.010277459280365286
0.007928831768778507	0.016721353002004107	0.011974257245760133	0.009768420582370643	0.02293396980720179	0.012481759819109964	0.007886306739434135	0.0150439853384176
0.007819028155964256	0.009980670395236887	0.009910345804296323	0.008418765556367905	0.029697830404522355	0.01979546735588808	0.010354579946907614	0.01652355317234352
0.008008441411617924	0.011033682158639795	0.007897343960261722	0.007428847609458761	0.024420210767825752	0.017984931561257796	0.010568950677755443	0.02155032302854411
0.008964097985417767	0.017320862399804435	0.007929778465615975	0.00953656704585234	0.01664282721073472	0.008782709860010035	0.007485841868319412	
0.005804716971285007	0.01860600197738216	0.01093488026017548	0.012167180543071135	0.015625597052153307	0.011685415678188442	0.005978229516965193	
0.005912903748999507	0.024139816386532273	0.01692192521844814	0.010261802581786477	0.04505030206073836	0.008059046739118756	0.009820590845845271	
0.009798886016562473		0.011966948112918216	0.01283543976405978			0.009876578416197677	
0.01042707933945232		0.014776522495939165				0.01209634946725514	
0.014999200389502695						0.014361313225460467	
