Node10	Node15	Node92	Node99	Gorilla_gorilla_ENSGGOP00000033442	Mus_musculus_ENSMUSP00000034588	Crocodylus_porosus_ENSCPRP00005000967	Gallus_gallus_ENSGALP00000011510
0.6336194531040135	0.7010501192230523	0.6110428614611407	0.7473656578540102	0.64732449006842	0.7183587827621548	0.7776834617820626	0.6095676321783903
0.815398744529498	0.7076298356796161	0.7928071713937128	0.8366199251673342	0.8205868734666271	0.8996032551196911	0.8784964469053324	0.5660911369611638
0.7470701813750604	0.8074700600273947	0.7206960465586236	0.7871650803177231	0.790423530324531	0.7671721310449618	0.8772218995841237	0.7142119728653459
0.518621426231139	0.5840721510345702	0.5155490468277256	0.5464495990893156	0.5404996992849355	0.5532466560607715	0.6281392898291713	0.536373409783372
0.6485643673473672	0.5942630141446595	0.6016490614067167	0.5282251369026691	0.6057692825042009	0.4768558287569778	0.7066859298065508	0.5754649715160264
0.7482431299756305	0.7632120649453995	0.7593795639676819	0.8337970079451978	0.7886264505386186	0.844059113942098	0.7633813960832135	0.8006034185854833
0.8831390869130094	0.801788332304914	0.8440903208725802	0.7692151497612413	0.8444714525266924	0.7319371240806302	0.7364165187756224	0.8490613292939717
0.8597162474546176	0.7866584771880972	0.8908181856364417	0.8350064847093308	0.8527211965330356	0.7960479088411851	0.856358790805442	0.9215367531868621
0.8929156005137376	0.8507678360867957	0.835838961398933	0.9001412561572106	0.9116413239596445	0.8805779381291169	0.8398309492856803	0.953474127650453
0.9600906049768904	0.8498375295228191	0.873473076422789	0.8735112935904928	0.9129777488982798	0.8909352964553537	0.922885057727741	0.9181784030103692
0.9358170853671012	0.9321952444928879	0.9186672390313582	0.9661798163091057	0.995930571663603	1.0124852835249902	0.9618037643569922	0.9870789158497398
0.9956753968984375	0.9439532522819164	0.9793736097384595	0.9796167047176062	1.0118800126677823	0.9314110913832636	0.9997804778828961	1.001554972417645
1.0445471340120434	1.0369409928946705	1.0477341367656805	1.0343920800693855	1.0786379918753917	1.0464852351113456	1.054781177262812	1.0433894730465318
1.0542681265620961	0.9995427690948981	0.9881966176994219	1.0085814762104979	1.038602839722337	0.9921113703400409	1.0746417080244532	1.0262653980967065
1.0647957965193389	1.0464423664361147	1.019007511162157	1.0633671425460292	1.0908856826772857	1.1116887328819236	1.07639744574244	1.0702034718634883
1.1121143130163018	1.1209483253034522	1.0992313543859966	1.0733816296527696	1.1395884887672432	1.1436575842217391	1.1537382382691808	1.1061895033993348
1.1020527417260664	1.068239892038383	1.0802527462985991	1.0621699075167714	1.1424358840968016	1.1385496183593367	1.161736753464704	1.0591462606861233
1.0616730525939668	1.0167515816273713	0.9544078562640541	1.0171321626687166	1.0603104731761392	1.0585941999681048	1.1352146466149005	0.9982438037713214
1.0804811853028509	1.0974163880802563	1.0749276728653405	1.0835482756929458	1.0940830655602598	1.1557980722090444	1.1308428356737774	1.0956760787355089
1.0820151143299552	1.0940460774345873	1.085365358493624	1.0741132229142203	1.1201607863207828	1.1606202652830713	1.1160519300945793	1.0553638712608215
1.1184765450808538	1.0542330105915985	1.0584340762596536	1.0090243854110388	1.1245673652803625	1.154817148652279	1.1639729382006048	1.0095655809294273
1.0627142714335052	1.1013194956067232	1.0299745988988165	1.0873280407029005	1.0653939611980023	1.0708139764641451	1.150999556075013	1.037970807325385
1.0787690723543952	1.0820917106213859	1.0447472694857338	1.0742428725113906	1.0873499777518643	1.1222760260439286	1.0865245751088195	1.0341368006061715
1.0779702798228223	1.0678797912016236	1.0897258901423124	1.0643340144897893	1.0860304059684434	1.1068490580691306	1.1623138337227044	1.0516906615293913
1.0895946853112244	1.08713420848417	1.0844350852190403	1.119262408139102	1.1227700054051701	0.9911925040305128	1.1244227211685385	1.0598365434870827
1.0618110662253841	1.100092311663231	1.0492783500792242	1.130560168343626	1.0933184138319831	0.9840110019845222	1.0653811211969741	1.0354631082640233
0.9727252815314257	1.0099313176310536	0.9736041581236305	1.0069074157166367	0.972980560219477	0.9896555726610847	1.0735255990551962	0.982724978960863
1.0233994846738421	1.0209149840930112	0.9798953844646876	1.0433116315889361	0.9898782686247667	0.9891934404567484	0.983252566859214	1.0110141323964912
0.974022260167442	1.026670127206254	1.0020576408241286	1.0903754392940468	0.9499042216767112	0.8201711180638517	0.9604805918207756	0.9731293123619922
0.9938603458426017	0.9966879050081645	0.9186304387089632	0.9743617329284648	0.9833674355290885	0.9552157733721093	0.9347981572851981	0.9535431320656513
0.9192131067337257	0.946640360627261	0.8435574427312625	0.9405748332346647	0.9076288126258856	0.8939451380293824	0.8661470080850124	0.9137268554363275
0.9528153829554957	0.9809280005142634	0.9089372577665253	0.9634201892055518	0.9264424021017644	0.8558700627281507	0.9356121102899341	0.9427498400686817
0.8981011165821657	0.8992228650105889	0.8657464596036448	0.9606153474365958	0.8943012728491547	0.8091608726595179	0.8744998857309961	0.8636167094838128
0.7255110812932405	0.8020394228776075	0.7242547987862786	0.8394794211092934	0.7110064516669585	0.6542587837489655	0.7671543005791603	0.7690396966355258
0.7671720072861148	0.7671086083466866	0.7207365852344041	0.8000646199303864	0.7470114681183991	0.6953580011000803	0.7531731021775776	0.7320083137735455
0.7051088360580848	0.7299397914438134	0.7440202886557635	0.7863515511033748	0.7173919932789403	0.6442568500828819	0.7294207336905854	0.6714785921658067
0.838856253173292	0.8484143522093575	0.7424542153063662	0.8914163136797713	0.8498265849003953	0.7027444256610338	0.7142150225248315	0.7873945563926552
0.6482771311914592	0.664067260007308	0.639581970651115	0.7163907515203919	0.6651330407038439	0.5452522533042773	0.6390167017638536	0.62487881194179
0.762535275248339	0.8058437062255954	0.7942858478728777	0.8039190528329913	0.7623452551283145	0.6998359129010905	0.824953687764012	0.7191179337597298
0.9525096210157734	1.018528263037308	0.930678075308763	0.9889764236926786	0.9486180739415618	0.870626964589519	0.9084908033927015	0.9252344189597252
0.8369052042968436	0.8233162014605968	0.7258139918637071	0.9008632719018074	0.9383508335619085	0.6506810884794589	0.7393961389302103	0.8406555698967172
0.6706280788124194	0.6767889923574886	0.6348375612217677	0.6635176019200695	0.7025058724245798	0.563617684240805	0.6752760260989529	0.6239954442576076
0.7468346401998482	0.7439480779642679	0.762337454292852	0.7511502325662565	0.7462556530295616	0.6763449135325826	0.8342744844385267	0.7142705871244484
0.9727381044086794	0.9644901731148731	0.9630885882542806	0.9691686904806464	1.0238583562307442	0.8402561740387658	1.024151156627785	0.9692820772511765
0.7289019390224358	0.7438595077298362	0.6754942669142809	0.6572127766908202	0.8075017781005114	0.5841587301662978	0.8018882768274566	0.6605889580360375
0.6152594960689186	0.6747398214572846	0.7453277518742037	0.6083010690529551	0.6694684533900015	0.5587195690248354	0.8447284704651552	0.6389766006290643
0.7792341816639433	0.871529973589059	0.9018097400400502	0.686590387338384	0.8174802222387378	0.8767364710195628	0.9740096156464122	0.783161571951893
0.5337968148789058	0.638003389317668	0.6169093569169204	0.5279876991202097	0.5666086537978413	0.5604286178277681	0.6562913630973137	0.5982396503738662
0.5123359593706853	0.5824975971781534	0.6548538497278478	0.52122957963214	0.5349364176145265	0.6578993585949259	0.6776507867266264	0.5463143624443703
0.8954986544551948	0.8586635871866379	0.9445037125227311	0.7926244737157117	0.8907948211112894	0.8805037657617459	1.0360145267441572	0.8116887634482023
0.7017010305533022	0.7577742985498397	0.7328710885505377	0.702121405651437	0.6733055100049797	0.7692828482977652	0.8342363701156008	0.7203909078439906
0.8817768606163929	0.8508164407104969	0.8986502440016362	0.9479802176914116	0.907729571615445	0.9836417734648479	1.0346166878721952	0.9346579011334811
0.7819721904408574	0.7793607582491674	0.891952776985538	0.9038451806239628	0.8670545473691047	0.8886181871722163	0.9010056598204796	0.863548148021408
0.7861680683413769	0.7194303424561124	0.849236368164346	0.858125988019942	0.7589840657967473	0.8505292297676471	0.7200513024315083	0.7388784874300544
0.7749106848694459	0.8109440328049956	0.858850863145073	0.8530675981792	0.8231002565766173	0.8579242455087812	0.7393947703800827	0.8046551175781231
1.0601069331634114	0.9619067606170033	1.0650409950383515	1.0574861690638093	1.0739973897024524	1.1010031948526837	0.9579087194688851	1.0366975257779798
0.9772762839812883	0.8871305934411297	0.9837369200884746	0.8723077441744502	1.020876611101864	0.9957508013295399	0.993708312488121	0.8973383406154498
0.8203717473206042	0.7545359592293117	0.8037352725871589	0.7702402987431317	0.7873488518252622	0.8387805924643336	0.7537427019149939	0.7783602630996406
0.8541799242067121	0.911943910025522	0.9035916979654823	0.930758684892211	0.8515698922090317	1.0016482479733018	0.977526365784924	0.9036673425183253
1.0091221167686308	0.9618653037305921	0.9604838694360593	0.9165501446225414	1.0004201910412935	1.0118541196896302	1.0896643667191421	0.9448240584559631
0.7490415813259172	0.713805296941749	0.7411191471018468	0.6434149457190377	0.6839828555369679	0.7750554871071689	0.7898160981337263	0.6709363410275606
0.7544373141419196	0.7199183911725194	0.7240870822110004	0.6628391083519447	0.741861118678758	0.753566576668658	0.775538670839265	0.7659200347221011
0.9761554293582592	0.962755803115467	0.929083813891708	0.9329401084282545	0.9922786284416107	0.9129490930874651	1.0086157496833354	0.936468631461598
0.8650265235727392	0.881834132490406	0.7993833260269666	0.8855358259588858	0.8503398793546602	0.8288274551809292	0.9563049847269904	0.7514448716190941
0.7438490957463683	0.6599804166918742	0.6394576214189741	0.6131009440834193	0.6905310523382636	0.7091535663836414	0.6990345734064337	0.5932788095418126
0.6487979162304697	0.6454016750020407	0.5992759300719692	0.6483182346917161	0.6278025362538594	0.6323615524434437	0.677142103093352	0.6378427295209212
0.5387916447614439	0.6028104216599895	0.5051139350033151	0.5925799389765475	0.5484632174048197	0.6008438999140302	0.5958970680638976	0.6768476597261099
0.6893853167553818	0.5470430374661971	0.6256751213925277	0.5222759005662162	0.6623186426247358	0.7357054112604077	0.6795823945697114	0.5460461921007081
0.5179479003874767	0.4519506347723406	0.423993951046615	0.44394047905192846	0.5004988235701776	0.47134882627896235	0.512774428984337	0.3858078775050341
0.5869228304416498	0.5915534262024835	0.5040851953363493	0.594389466160826	0.6322731504588868	0.6316436299644125	0.5709852260305788	0.5939009583614212
0.8388166745964653	0.8079322868545642	0.7620814787691809	0.8109605898463639	0.8801118263558946	0.8509699780376218	0.8025067236930452	0.7787464062584845
0.5642197163788898	0.6088733379021223	0.491096107871539	0.5629663476802409	0.6533879474073276	0.4934700083114822	0.516555428028694	0.4797360275832735
0.5584098913108279	0.5225922269133819	0.5101361114867891	0.5149319058216769	0.5380604554536308	0.5336214613813002	0.47717295587964514	0.5280006462576502
0.7290044119591325	0.6870784262303621	0.7569384489286657	0.7264438208395593	0.7481656846695266	0.7364791607684673	0.7010150856868042	0.8373015899685783
0.6609030463912842	0.6563154829445981	0.6283164207038965	0.5001474599269442	0.6358600201570344	0.6226899860662667	0.6171423567090878	0.6226137170421032
0.49300319261062386	0.49100681826917003	0.4610256537217854	0.47803145102025185	0.5054704636559837	0.46782239106994444	0.4887130316398073	0.470178333896321
0.7591738026635265	0.6370079775106582	0.5624687652114655	0.705100446438505	0.7910327928420704	0.7592149142807034	0.7035872565164748	0.6959946833424803
0.6424580557842268	0.6263697615243586	0.7242359866409559	0.682468728920995	0.6293241583104889	0.5913563405466371	0.6730503637339799	0.7193798554396275
0.5708780681045045	0.5141142361052031	0.529758762623832	0.5411216769941221	0.5620377985683401	0.544196352079469	0.5243815710534431	0.5302046986638823
0.4748994028131998	0.4741923093575887	0.5082254827812696	0.5125389072826074	0.5481860096654241	0.4696777313418591	0.47930611497773307	0.4363395280070369
0.5575465747380235	0.4942925265248688	0.5107010419032587	0.5198543607115209	0.5796893750900218	0.4927038491216935	0.48241764548931443	0.4758470049305682
0.6664379953553253	0.5995904255963979	0.6048811602686844	0.6288372864183912	0.6468610668339386	0.6755189098696506	0.6076043555407536	0.6040722038800725
0.6494537153343237	0.5927323409505102	0.7625595196787549	0.65469299204423	0.7113033502559175	0.6814199290866901	0.6480513546707232	0.7424673751440911
0.5968401385651954	0.5293270322918711	0.5968507677555784	0.58985470527596	0.6378446945656414	0.5656599247342557	0.5737875468908347	0.5923950132556831
0.6703568067391131	0.602621412266462	0.6846223590063734	0.64350017488446	0.6821144635268355	0.6618041870986965	0.6108807318926243	0.6243949841183667
0.8686332663168964	0.8373002092345807	0.8875290816358395	0.8442176508618634	0.8830043262239959	0.8661757649854267	0.8762844608986112	0.8420413595286561
0.8089375828826452	0.719400957527806	0.8367355827678853	0.8205494776264712	0.9377733458621597	0.8397397743250925	0.7910481785786786	0.8384671782518018
0.6740670636882607	0.6610256897040694	0.663643747978068	0.6637924145329703	0.7068807866678481	0.6717643937072557	0.6534641489884091	0.6752265213249246
0.9254784962054501	0.8642949058603953	0.893550793659407	0.8774767866235693	0.8939611813416712	0.874059630171857	0.8262285454094445	0.890044472284367
1.010176523838049	0.9635221773785634	0.9772666131826003	1.0026341329137658	1.0420884188478883	1.056712279522938	1.0044194602195515	0.9999891640772276
0.8776952620420299	0.8742993321824474	0.8515027545613314	0.8998042679885427	0.9224044255255985	0.892703136705398	0.8626142609264164	0.8591565681318932
0.9347617839153627	0.843257404210096	0.8563340827899985	0.8477603281072243	0.8646664453802273	0.9024041261576563	0.7321629622786632	0.8659323068104685
1.0153342175177331	0.9802133316011213	0.9745652068295159	0.9516966619940235	0.9546547124447409	1.0303643386380394	0.9481177020123257	1.0060089434029762
0.9680803089021497	0.9960565048199143	0.9624055866776163	1.0131767004797991	1.0228722509123969	1.070551770379218	1.025010145658271	0.9362405699988949
0.9278820304767653	0.9091889519552354	0.8744813785880884	0.8916284667900068	0.9779307462167064	0.9359288983035956	0.9260199102464285	0.9030384303792617
0.842434141952072	0.7901075597625137	0.7938646639965772	0.7822277814052169	0.7436892719219145	0.873857496417846	0.7562049010644593	0.8446874814888735
1.0030061178304261	0.974165735114703	0.9386230840121543	0.9311220153342966	0.8951771514737825	1.038741083730511	1.0039915798867336	1.0140052631462888
0.9490520994712224	0.9677185702992809	0.9281979369373571	0.8961495555196298	0.9906942891078643	1.038339175803569	1.0026767983215834	0.8925070904155569
0.8710965857827876	0.8674809398291079	0.8591346703749684	0.8388450925146016	0.8487362730028679	0.9191982169775443	0.9319645318944059	0.8778110059848472
0.8631074485171166	0.8097797984051893	0.7799152008344529	0.7539566619704178	0.668646900773887	0.8843718960353241	0.9383978275616038	0.8835552972174221
1.0298101308378946	1.0181644779628214	1.0160359986727678	1.027593012935855	0.9844948926357029	1.0310214269734723	1.0163213531864872	1.0014685198861943
0.8124240391639832	0.7474581217840949	0.8156298001391091	0.8521493546231361	0.754908675229183	0.7810955915954412	0.8270797004777506	0.8345048852221553
0.7251827247333109	0.7044018211764443	0.6956087975384095	0.7052407079355253	0.660586560536519	0.6836437843257919	0.7286741786658468	0.702374368932657
1.008216877736498	0.9133071399686028	0.8438711107226993	0.9839318677636253	0.990553003925981	1.006135430100694	0.9873069918688145	0.9353599869210725
0.9261454319039484	0.8940325687160743	0.8963063433175411	0.9848554597330094	0.8869883525472869	0.9048287509716016	0.910723517903985	0.9144820384196967
0.6093304183794702	0.606351198373431	0.606000914861543	0.7888017956114066	0.5736798617748714	0.5711299951439563	0.7140001029214939	0.7207020558857525
0.6371635941858671	0.6423984661263455	0.6490361419324429	0.6943716838842725	0.7180945554884074	0.6216044056272365	0.7019548250650356	0.648290527060184
0.9843777206650914	0.9527081822555027	0.9389154891795877	1.0011473906528319	1.0286965625299376	0.9827088204001655	0.949775947333382	0.9349359929266454
0.808237469416954	0.759441474490411	0.7867674073713185	0.8689088288577894	0.7952556060024085	0.6473440882167455	0.8894829431065329	0.7642724969223508
0.6405314503629321	0.5779656714725628	0.6360585241725731	0.6445116052899303	0.6654656630657627	0.6225022656141981	0.6888506236444487	0.5422101040052445
0.8701161051947244	0.7676400571089882	0.7936928135390295	0.7679649158681247	0.849010127218151	0.8591709611112517	0.740749413667588	0.6945374673279757
0.9249961866248337	0.8579631483350186	0.8429022866286254	0.9800510526590008	0.9443138739056953	0.8791554923394974	0.8962701758170767	0.8699700459574671
0.7360346944317027	0.5977471861099536	0.6482670303219326	0.7082251610895707	0.7101648418801275	0.6455803605813059	0.6661535021983362	0.6436719457737042
0.7012749975580319	0.7320274317869611	0.6135976697313824	0.607582826653177	0.689574323317311	0.7592624063714049	0.5738712182415795	0.6564351831012134
0.8584376301272046	0.893352204315224	0.7376511796665468	0.8100212036550517	0.8597419793830448	0.8800035154941744	0.7253319828782823	0.7879849567781937
0.6801589959887003	0.669043027926925	0.693981650240809	0.8438064524340041	0.6915554883292049	0.7661054611933683	0.7366645507527275	0.6917509247737882
0.7450978471629273	0.7179059937494563	0.6111082212416716	0.7536288007322135	0.6966841122421054	0.7478927030863908	0.6766473443012433	0.6764409830922635
0.8376847642489573	0.9946057921674412	0.8092740575552347	1.0077717925382033	0.8849764211652936	0.9743125511356601	0.8860896613755195	0.8828131590583251
0.8284958974951736	0.9137074637056466	0.6935171641305837	0.815574028665663	0.7336143940234282	0.8935202837902486	0.7342482647946081	0.7358137000586412
0.6439570438373847	0.7711023261317156	0.62659240776533	0.7925755023563704	0.6956249699423654	0.7608133263247078	0.6489578832409931	0.6372688957789819
0.6085261696286272	0.6095000684686493	0.5176421757315003	0.5906651484956567	0.5676290799940649	0.6600837034578564	0.5231275767592604	0.5107726013536182
0.4026204517865572	0.5232483284939783	0.40357178336415095	0.4929579724885408	0.3947007177600489	0.5225319145235	0.42176561812790014	0.424007397599556
0.49293035599148083	0.591777571705121	0.49677462932912037	0.5533152079787783	0.5767493721703735	0.5414162490441943	0.5006789342586516	0.5119174592556186
0.3860052967194494	0.4487677147359349	0.368530379270127	0.42133731895543275	0.3964113731610331	0.4216212372955201	0.37579414782252235	0.3853276118017425
0.3458982633031462	0.34318395899607584	0.3763202440440955	0.33041754725749145	0.3780347473229043	0.3899780130837235	0.3844913135988658	0.31230222567008004
0.5366588207463794	0.5007460550104804	0.4841783918008163	0.4242873557461708	0.42326963596983597	0.4969459727644457	0.491759151575716	0.46677729270382146
0.31766876580427156	0.32212584584891546	0.33624706114157193	0.2940441352250515	0.37103643711085127	0.3635144861307097	0.3462158858989068	0.29832511716369103
0.5450194406968437	0.5371851122054259	0.5114516288655216	0.5355137858791097	0.5375539748117898	0.5704479708637549	0.513326162749843	0.487664024064327
0.46967461286289386	0.43002727441567784	0.45096454905618133	0.3859077682190675	0.5260011480449469	0.46177244491520736	0.47447366997555346	0.3810091614373052
0.5094804271043316	0.5853720373143395	0.578219457703285	0.5460731971283513	0.5972888559077477	0.5567772141978824	0.579768002977861	0.44336776571698394
0.6322379383834185	0.62059306940227	0.6040132048876935	0.6137865724618244	0.4680310477189249	0.6441279400081815	0.6115566738609967	0.5339269193485839
0.6266308790644064	0.6252666508826485	0.706203033598839	0.7300910634586801	0.6602455998500228	0.669176995204527	0.7442766112453453	0.605753621013667
0.7304237961310462	0.7579509123531235	0.7799825571599324	0.7693659930767617	0.7172798825576445	0.7854512095590204	0.8070309003913096	0.714089811389684
0.798385610896931	0.7892629767770298	0.7530196808294223	0.7276742103276325	0.766712196491787	0.8238603318025635	0.814737503407749	0.7143433112199168
0.6810363720871027	0.5512603958909903	0.562210574046875	0.5271093879329956	0.5711155250360428	0.6702814724833415	0.7125514554692477	0.5919966411225134
0.5856291604318317	0.6255527904234736	0.6104951115119228	0.5158934308021769	0.5761368387796506	0.6192327038476217	0.6142689289013857	0.5247826878473179
0.48632328965397065	0.4769129057431667	0.5530870676209971	0.4650414325103326	0.5715328000130061	0.5856332726526702	0.5070150399027942	0.5116410758888158
0.6613161861030896	0.6709685251045815	0.7361995014193793	0.6689087734371697	0.6097718030928757	0.7194773403793406	0.6285913411019227	0.6551955787859063
0.6372851323381639	0.6661786820822682	0.6915638779779983	0.6213458132446693	0.608424531890658	0.7021796022066088	0.653061447473873	0.6113989827891669
0.6322624543033913	0.6892529445900728	0.6485603872399137	0.6341404623389931	0.6537849309467135	0.6497276055215105	0.8220977781379102	0.6086287135139193
0.6593258574742332	0.6193948451958952	0.5704208431357827	0.57065606621655	0.6069434000775059	0.6260494748064649	0.774113058807993	0.5054758999902813
0.584502778707827	0.6205055350284919	0.7476863509497863	0.5627861587154209	0.6171620065190521	0.716514594739257	0.6974932995224564	0.5947912410034149
0.4863273183071489	0.5139676168775489	0.5878895659224502	0.48727105373557983	0.4933225857539839	0.5431394516730195	0.6442470681103277	0.45788516655406786
0.39053468638302946	0.3562287338653361	0.49211642191984756	0.3522639189311268	0.3913823375694513	0.4305679343915192	0.4540211553388806	0.34322765835599184
0.4785574184243612	0.556894806644644	0.5477556288125196	0.4935122027631421	0.5028438445400224	0.5407784023932186	0.5625378066682328	0.4503495634799069
0.3402443401383679	0.3730363943704951	0.3848298938434467	0.3087417068686019	0.33932035998845383	0.3423710326440174	0.35624992572929043	0.291632673112558
0.33687274360877156	0.34043964059057497	0.3777006037048746	0.3492929205049273	0.3237405449746202	0.3532915997067998	0.37940504816008275	0.3325373733507103
0.3513943512886432	0.35573719386403835	0.37593619422269836	0.42462416355205873	0.3447049357766553	0.3574663486071167	0.4369544333065885	0.39931222086964846
0.3356412610789862	0.2962643324407914	0.29425000805643414	0.2680927810803513	0.3377774644876534	0.31667877193544125	0.3674328198901371	0.26719310564697657
0.43109145726188314	0.43823412956061025	0.5198701242318439	0.44358577488099515	0.4358162087293117	0.43994616473416737	0.47783375616483215	0.4149843952736396
0.5260486311137507	0.5021764062368598	0.42725769101809263	0.5539552745980018	0.4671885396096603	0.5011662610353468	0.5609567016928276	0.49695020743566587
0.477642811237214	0.4190974518904703	0.4130601370478782	0.46350822140155146	0.44906947876750003	0.4239700035404649	0.4665560069876378	0.4276393290981934
0.3762240405018079	0.39103273102487573	0.49009591964740395	0.4676996976192368	0.38293198354968744	0.41469513759720666	0.39847048919787004	0.39267943799679556
0.5370902575668289	0.5539537893303039	0.6300244660647912	0.5890324142262419	0.5617285301098425	0.5838473432624365	0.5888687409766409	0.56155274751962
0.6311165984575694	0.6299570542633689	0.6139750878102764	0.6395880009013583	0.5968413326589713	0.599724680056433	0.6966456766337581	0.6115781393090347
0.517122297134627	0.5213680069069019	0.5578628691730606	0.5574591161382547	0.5192479810661685	0.5619677945684038	0.5950669955037189	0.5405315702012212
0.5239532229666789	0.5333886099086687	0.5378005773092615	0.5242937696920608	0.531852311766163	0.591055918587266	0.5710696770236764	0.5185207233901935
0.7012441502577769	0.656454516638835	0.6703917595292604	0.6179720391009739	0.6758861172378686	0.7581696625845451	0.6586821662410578	0.6276871436449003
0.6710227569599486	0.6501718325968399	0.7097525672263887	0.6983195967233802	0.6333958380021419	0.6771961308371228	0.7599800838168235	0.6587312075067985
0.4737487192708707	0.47246130527321367	0.4840121894242993	0.49436578182330515	0.4948279057165834	0.5186656265102103	0.531005611534119	0.4771713334267414
0.6429359666115436	0.5363848954544911	0.5312078275331342	0.5122832800181	0.6109241860779199	0.6931414668968332	0.5589704415197839	0.4979415849822307
0.8127711302237791	0.7942477825196523	0.7943011849243563	0.7785636146046179	0.7807162119829714	0.854397962003905	0.8210270391641113	0.7648239553401017
0.6649306528450795	0.7368040853278836	0.7321028338020121	0.7439282826286069	0.7578962958084805	0.7714328763804345	0.7349429946044641	0.702002140847007
0.6185915569334123	0.6562106802216385	0.5930045050899877	0.614641918152276	0.6671533668459506	0.6746951691604108	0.6102192880239269	0.5873572175770583
0.7548107846031172	0.7717320212666694	0.6743631422252299	0.670292008652661	0.753779790792942	0.8197628894755458	0.7679844236008772	0.6732697527003724
0.8879293562212155	0.9096934622553312	0.8521707576390487	0.8675527523968972	0.8853473428469816	0.9196128656859477	0.893630719903422	0.8691912437095498
0.7027318124561277	0.7469043056571897	0.6835792470800598	0.7357381407820744	0.7217660219595762	0.7221487526728424	0.7037625567949052	0.660574678498175
0.6593138390119302	0.6687080883722577	0.6393007749154176	0.630428853473273	0.6669856147951514	0.6396593288760731	0.6207399480256212	0.6361546365547835
0.8531927093223594	0.7976082132432708	0.7751461976215238	0.7838931008363758	0.8222387089492375	0.8388440965542684	0.8219176824341554	0.819223378017136
0.9128658909348549	0.9199746499558143	0.8398261711806458	0.9121322916772864	0.8668720523962189	0.9086020666170408	0.8711093483886745	0.8541406474759916
0.5954827650726571	0.6146849162180213	0.6033901216613337	0.5978202486932818	0.6034390787892505	0.5867221136993663	0.6280227416392211	0.582842232153059
0.7106209118864584	0.6631152445666619	0.6632769051322436	0.626547024663585	0.678059920943762	0.6662457079915158	0.6649036546058131	0.6636020502116456
0.9730946345929374	0.9509846478455866	0.8695780279405653	0.9475601045551046	0.9775547269440915	0.9531196125227147	1.0113956054541677	0.9032710508667506
0.8217595913059833	0.8103454698151928	0.8181354988076425	0.8013963535840433	0.7690115665956678	0.7854239649894021	0.8664013183367716	0.8101966257705866
0.6945103617741594	0.6382457771680766	0.6340582554871153	0.6478011939283959	0.6870274507680468	0.6675687261103914	0.6376274678181492	0.657840802387607
0.840689612256963	0.763514264073723	0.7406931020909601	0.7524285429555837	0.8377182117838938	0.8216988130891364	0.7805154792577834	0.7288649811486232
0.9900306507911674	0.9950259886444122	0.9800648922890014	1.0140827985964482	0.9949604569512897	1.0460529612211256	1.032056251232	0.9796333630248235
0.7375211250199681	0.7481956086703928	0.7026649109039818	0.6767664919686114	0.7090330526055129	0.7279832511055458	0.7344074333919336	0.7036141380862473
0.8100979386564577	0.6522285686210126	0.6937105009841992	0.6901674955508242	0.7192174808701325	0.8203883751394769	0.7183910313445366	0.715252500369002
1.060018040183436	1.0353563683016522	0.9812058531943643	1.0320232628192918	1.0300251699857197	1.0902922587656956	1.0743396395562284	1.0179418598680474
1.0872058814737968	1.0810101339526894	1.0757532983536908	0.9842066844557934	1.0463898265776024	1.0948650203080017	1.1240068635936957	1.0650435822753979
0.851515299829952	0.7996908059524921	0.7380886592751377	0.6601364986310281	0.763318884013905	0.8141979392579808	0.8183107687847608	0.8104446010397303
1.0082969382917604	1.0527800916194618	0.9823217018383941	0.9048216682919404	1.0663704647167576	1.0904678865391468	1.0999053036244366	0.9461963985833354
0.9347816997011219	0.8747867547186872	0.8461180213631639	0.7783615218172742	0.8670926902948143	0.8695131912636102	0.8894316159144802	0.8055607270252145
0.7537353676522309	0.7069940620071041	0.6407124847321632	0.5811705134784536	0.7258580638335315	0.6879073900191235	0.7139890274596711	0.6246170272839471
0.6497273798751955	0.646007688676453	0.5775387991843652	0.47731054735642725	0.6423732828423526	0.5776627010171465	0.6092185704425463	0.4956456810760119
0.7528181828806982	0.6750909491938185	0.710869593242867	0.6269450453659127	0.5996502662583679	0.45790026982780174	0.6431662584699651	0.6277965851703086
0.5447045958938379	0.36798538655591273	0.45852527978053276	0.3781675193329189	0.3760865700041233	0.7311606428063577	0.36115459881103884	0.35579110813360393
0.5877113993082517	0.4852196770873479	0.6690866817671135	0.49637619630244595	0.4424945244625455	0.6680649477702563	0.48860000279695154	0.4701824618786425
0.708457196804983	0.6983644455504638	0.682301569567349	0.6806583526139027	0.6596490047667191	0.6252176295419027	0.7074136334237907	0.6881535126227717
0.7528561482056234	0.7091508373496194	0.7280758087798802	0.6872496033233536	0.7214062650266327	0.8309968842506511	0.7187443665138464	0.6935396666994703
0.7575831784230626	0.6677427142883459	0.7183834025420583	0.7978701051973335	0.8263002542438039	1.0931152799994048	0.7289226977969921	0.8402227760219312
0.9340864455449586	0.9405469008312107	0.8963122257787218	0.8912256945760053	0.9346357861014443	1.1633048955570058	0.8919425477119748	0.920853388142781
1.027537537960332	1.0953513063721743	1.0575501316177298	0.9953398689027015	1.07818291830913	0.9164447194561537	1.105750135237583	0.9817492503591377
1.0387268948783817	1.045695258957921	1.0677352231252226	1.0033351466288116	1.0295442489782012	0.7214352101156523	1.101934116817015	1.0659080600743758
0.9181504894052441	0.9148733745741127	1.0028986720104776	0.8817101127453189	0.9002451860472173	0.5909823832329166	0.931604193572124	0.9079404749057989
0.8112465329238681	0.7503880188549858	0.8467844677720436	0.7827453994498703	0.7281504893519876	0.4995263553639674	0.7830784579723769	0.7860751100970728
0.7829865262553135	0.7267290796055282	0.7466383490035089	0.7612512093095528	0.718596281698178	0.7700505044628095	0.7038800154239374	0.7688767699392969
0.5875256796665761	0.5378864595871757	0.5798520217447067	0.5828766940761271	0.5265720188393389	0.6234193551495183	0.5279018359089132	0.5353704651228894
0.8502097983588327	0.7806293263139588	0.813971679438365	0.6999156526611591	0.7491398577459599	0.45755403491317287	0.7501894787544897	0.7085798510655451
0.6741816153312242	0.6229012216929571	0.6420199295636894	0.5463373636197373	0.5932858975950293	0.42554642086855526	0.5881013791767239	0.5606589152206334
0.5234254640072403	0.5200236498171926	0.5050828770138999	0.46534418871604427	0.46793191574471593	0.552820202748007	0.44806400558150367	0.42499179876698223
0.462819962284275	0.43159987645713066	0.45434951866752427	0.38525498581557927	0.4380079211035096	0.5140109672110451	0.44311866890922275	0.4236544868021088
0.6939136302917175	0.7502766972534217	0.7022188836905527	0.7017993996714141	0.6395612946453672	0.6379613854168438	0.7395696565735206	0.7094799142934695
0.5488143370980271	0.4924368915068032	0.5934183991159655	0.5302429017441794	0.4694643431196146	0.8236411758361585	0.5016934933781135	0.4703690248101853
0.6564062336263911	0.5413016580648081	0.6913096543673221	0.6351423792542165	0.5394419148050451	0.7429760261991503	0.5054696332207078	0.5058312996814219
0.8855318578444148	0.8069432447126541	0.8318524606123511	0.8497590615190057	0.8559877046334627	0.6355717413488313	0.7990373408145791	0.7789522956212133
0.8178155134075492	0.7191669984396278	0.8068133842151655	0.7036696600743194	0.7043740720514481	0.7502510992338274	0.8059827005685486	0.6266930293734859
0.7070536413004439	0.6821397552877297	0.6970594100711847	0.7215209899045754	0.825927226041254	0.7021613998475225	0.6464951302949394	0.5850204165859174
0.7075494736893468	0.7173775818230613	0.6565784042212384	0.6536996307272551	0.8175288330582821	0.5186825752960937	0.6738447042898166	0.7057956295440883
0.712394945521341	0.5467849080851308	0.6307022861444491	0.7148935960151698	0.6540919533610694	0.40419189400926175	0.7103955438358057	0.587771021195597
0.5024466703114109	0.49418530911897746	0.40495781049866814	0.5549416478028207	0.556105741660949	0.5390468740366392	0.4847475355540911	0.48078911516481315
0.38206758981207833	0.34599335023983546	0.3432354510046679	0.3923760271669846	0.39619257553828613	0.2744243736630388	0.3693956788744257	0.3247078040086761
0.5411783521251852	0.4757452641944993	0.5643404016674394	0.5328935559057477	0.5159849089833665	0.3155693601213543	0.49123448667587405	0.4418124238766051
0.2654128098499804	0.262347312572588	0.3651153113633858	0.2735203115314644	0.2921472414182	0.40552048486492587	0.30174266647964904	0.2402396568648553
0.339616927015523	0.2730810777917488	0.26104782533626997	0.24417714410702468	0.3201114124248816	0.46340278422435016	0.26386464696233997	0.2673957139447273
0.409088896837194	0.4237104970170742	0.4729685206802682	0.42680624257028	0.3818834382289201	0.4899962741192193	0.4497912710673638	0.37035051061153007
0.4704058029963326	0.3630418425800403	0.39960183798422977	0.3782890767137289	0.311629510083851	0.6819624520789734	0.37368071463660024	0.3539340894000076
0.4834317711246666	0.4510235016191564	0.5077631429747744	0.5046327501170277	0.4786808260416352	0.48628800183295845	0.524225282597283	0.4974792843436711
0.6767936233222911	0.5861133257432289	0.6521384683486379	0.6487679410521457	0.5324673829419375	0.592099197846773	0.6369283907036821	0.6226955852208531
0.4852048512789452	0.4266577048746129	0.41638640325761855	0.4215659136703057	0.4065149195286052	0.6334875255182695	0.5272097589032423	0.43384552274350324
0.583123006699635	0.53921568908075	0.5450938624433056	0.5638033664125007	0.46727713801283455	0.760777480240024	0.7689744571692382	0.581396276576712
0.5726921259497	0.6043653509438747	0.5433036633760109	0.574964620893252	0.6739837393848912	0.8244909111330855	0.7249149753450905	0.6612174498286673
0.754628298152926	0.6122824873556085	0.653953985968866	0.6420372965389338	0.6570159564929867	0.8801844336865706	0.8050240843571049	0.6302827096046814
0.8214778578001359	0.7792327996154308	0.7725848186547138	0.7911129174947266	0.788391272747442	0.8161253339335369	0.7998422961210325	0.8012831140103476
0.7353038582421599	0.7610516531590551	0.782728984540336	0.7552300459749931	0.8456313927818908	0.9148457155154367	0.8458610038198777	0.7827143971035475
0.680820557750412	0.7767860942910683	0.6956113608952195	0.6901600788090155	0.8632653648165604	0.7898477759512227	0.7548961027010217	0.7462210016306655
0.8183980996347839	0.777802262646557	0.7682558367233331	0.7916686001142741	0.9633425651124643	0.7656214098478268	0.7645279225291021	0.8253089231321677
0.58409478586489	0.6195597003313624	0.5924983313718017	0.5184449732303625	0.7155176613624745	0.9774324885458309	0.5622873118167635	0.7910106333916688
0.6657616099745344	0.6244889594755759	0.6513348496002687	0.6464561674648416	0.791865834239334	0.8084721958251656	0.6093308364980554	0.7048948005322214
0.8827419377094562	0.7741169401100577	0.8667356473917357	0.890866407705712	0.9876291803167873	1.0205397061189232	0.7844165258512512	0.908637365967579
0.8169078093260086	0.8020514597905606	0.7572620793009435	0.7378702240562013	0.8055759774616599	1.023620195158236	0.708385219174237	0.651867160059174
1.0080697468421103	1.0489437519477052	1.008540911834791	1.030665174376964	1.0138527009377512	0.9380441822823109	1.0023667846475754	0.9729403863541951
0.9114756884797538	0.8829638755331981	0.9189332488053198	0.8861505621415957	0.8984031029901681	0.9769753522415369	0.8451205982867285	0.8557607504484135
0.9621775889669467	0.8279002751942346	0.8991949513241235	0.9237614038610403	0.9613219798123962	0.906713281831839	1.079217799311873	0.9282807292253163
0.8523671452650714	0.8167538560219082	0.7964074143962613	0.8680187080083028	0.7409145053510441	0.8817439416740492	1.0128775204862075	0.9107074218984986
0.8677148801322424	0.6898577850954741	0.7219355199615516	0.7586751667188735	0.8003434946200061	1.0870808287398446	0.7942500327687472	0.7133431706772434
0.9740555876474226	0.8408172843430773	0.8211027252190494	0.8311620918943697	0.8269017701741325	0.9206050529339387	0.7600990024750586	0.6427963677785979
1.0019516884821251	1.036827383170851	0.9991617239561712	1.0645675632349652	1.0209599679302108	0.9931819530757193	1.0742279620046093	1.0063839782232658
0.8078546817989826	1.0056944753722383	0.8744234510073086	0.9693175606587433	0.8524082851282677	0.958124957177235	1.0112048887656289	0.854830372750542
0.7767127450548302	0.8133837822966933	0.7820217628791368	0.8765585021244368	0.8181092726451544	0.7425466399403801	0.8240473063494324	0.8231742413150364
0.8179102623485665	0.6097209136871824	0.6322726262402875	0.7935959554422961	0.8880616543636036			
				0.7376321581198957			
