pdb_position,chain,pdb_aa,wcn_sc,wcn_ca
1,A,D,0.6764737973431448,0.7470338743985615
2,A,E,0.774605182527605,0.8748329259129051
3,A,P,0.8068236750007813,0.7801362207213025
4,A,P,0.5503717283407394,0.655888088896841
5,A,Q,0.6225014091764541,0.7175246199109907
6,A,S,0.7970804691431557,0.8567034919283899
7,A,P,0.8644415620815635,0.9611661485165661
8,A,W,0.8787318484740712,1.0498853396312564
9,A,D,0.9599700368699338,1.067854218045814
10,A,R,0.912333894822873,1.1026969064703602
11,A,V,1.0023240291073803,1.1512010390120728
12,A,K,1.011583939087461,1.1832979104506411
13,A,D,1.0878823815538228,1.2262649134650183
14,A,L,1.0147081181285347,1.2040187884319478
15,A,A,1.1187731125175246,1.2747084212051618
16,A,T,1.1962380826220496,1.298555552742272
17,A,V,1.1097189154599094,1.2601726055991398
18,A,Y,1.0600133910321345,1.2498259997807268
19,A,V,1.1564490674439418,1.3162869897265776
20,A,D,1.1551953979372453,1.3126949799447218
21,A,V,1.1080256243151558,1.2520953032114561
22,A,L,1.089612382605884,1.2188892050401208
23,A,K,1.1393907987549432,1.2554179530053984
24,A,D,1.1340303418788407,1.221803621149898
25,A,S,1.1124680726382636,1.1942948755050076
26,A,G,1.0867224348538858,1.1866736541518328
27,A,R,1.056952202875124,1.2002657821261569
28,A,D,1.048840414762283,1.1426345009934387
29,A,Y,0.9366265560561452,1.1218226522021406
30,A,V,0.9906503200281338,1.1051980160173274
31,A,S,0.9435727335581945,1.0592717575023518
32,A,Q,0.9369213067196777,1.0885227757957248
33,A,F,0.8758478240595132,1.0246915947879334
34,A,E,0.8012832241411302,0.9346221344082365
35,A,G,0.7929058456726927,0.8575583117381581
36,A,S,0.7633106367200614,0.8734672875641144
37,A,A,0.8509217975464769,0.9308694933368353
38,A,L,0.5958871300568196,0.7804706969227697
39,A,G,0.7840135655497051,0.8562629193525476
40,A,K,0.9767478510292603,1.0020772412681054
41,A,Q,0.7579201386588844,0.9074352022614978
42,A,L,0.6182983964166556,0.830678403067674
43,A,N,0.74167961756355,0.9097684183579166
44,A,L,0.9432113096069613,0.9838699080952805
45,A,K,0.6361387569998408,0.8508745938617951
46,A,L,0.5854525996669588,0.8113912972417764
47,A,L,0.7735137692846382,0.8369995557103124
48,A,D,0.5443360156381363,0.6642464350942019
49,A,N,0.5616503507900961,0.7069441095578963
50,A,W,0.8898761848711297,0.8335244392694826
51,A,D,0.6723390570121114,0.7718178962645281
52,A,S,0.9613026506281636,0.9122816571292924
53,A,V,0.9328877085886653,0.9420476924111968
54,A,T,0.7300694294486362,0.9060459924396183
55,A,S,0.7751559839364685,0.9027142755752732
56,A,T,1.0623653077828525,1.0948060713844523
57,A,F,0.9865386490022525,1.0526934529688343
58,A,S,0.7623531426848991,0.9343415501729159
59,A,K,0.8998855745619116,1.0479119753615347
60,A,L,0.954155355546486,1.0851104698148029
61,A,R,0.6509132257622049,0.916675060365124
62,A,E,0.7275802219326716,0.9106727403594119
63,A,Q,0.99661613234765,1.0312381286303918
64,A,L,0.8054597318808341,0.8902882530733052
65,A,G,0.6863008798425033,0.7679480214658796
66,A,P,0.6042419988203577,0.69761291752376
67,A,V,0.645732708948572,0.7314803188488886
68,A,T,0.7221544046352906,0.8352332612780522
69,A,Q,0.496656370742532,0.7124880509590481
70,A,E,0.6552192123914848,0.8096059055125155
71,A,F,0.889490838595654,1.0000682825183675
72,A,W,0.6444242017523418,0.8383327080985727
73,A,D,0.6261960245822301,0.7611236353845304
74,A,N,0.8299426613928905,0.9262651773139098
75,A,L,0.656834930905788,0.8718544282954858
76,A,E,0.48208480357152034,0.6854547030010694
77,A,K,0.6490756467345149,0.7754160315161716
78,A,E,0.6565059312977929,0.7863891378179116
79,A,T,0.5031622701919606,0.6634919860407992
80,A,E,0.4300907664343929,0.6037464350908684
81,A,G,0.5469921975189567,0.6425975809482717
82,A,L,0.5875672467878297,0.7863813575634948
83,A,R,0.7027555100354496,0.8884448794458948
84,A,Q,0.5867317969421374,0.8289906654026542
85,A,E,0.6640667669623709,0.8786641977166425
86,A,M,0.9002953638935519,1.0154492742937962
87,A,S,0.8620842543384215,1.047876554395486
88,A,K,0.6983715532703366,1.008644031389081
89,A,D,0.8900227682207613,1.0725910433369863
90,A,L,1.0504841879704307,1.1841614678333414
91,A,E,0.9174860504177612,1.1794898368574975
92,A,E,0.9161933454588203,1.1409630101810548
93,A,V,1.0426949625605026,1.1815785849176486
94,A,K,1.0491174092856967,1.242544814186823
95,A,A,1.0080291064543891,1.2593710891264966
96,A,K,0.879261892267837,1.1150642226127296
97,A,V,1.0466412191833394,1.191259936177558
98,A,Q,1.0577495085125943,1.219895268122697
99,A,P,0.9163834697828265,1.0926473891055464
100,A,Y,0.8026972254873882,1.0685843896706315
101,A,L,1.0795586782201974,1.2135834869747206
102,A,D,0.8709776602047666,1.0292330904353262
103,A,D,0.7082407254316432,0.9100118126414097
104,A,F,1.0101321635505236,1.078585971483542
105,A,Q,0.9324814366610233,1.064842377219359
106,A,K,0.6340168858054799,0.9008192845014895
107,A,K,0.712773723459625,0.9189490011344017
108,A,W,1.026707848996885,1.0651902329552887
109,A,Q,0.7844131673879768,1.016582160944224
110,A,E,0.6633663277765816,0.8702361671144703
111,A,E,0.8622708984387463,0.960303588035845
112,A,M,0.9291203163826534,1.0712168684300987
113,A,E,0.6699839743118039,0.9445882835413479
114,A,L,0.6461450031621123,0.8726441992964009
115,A,Y,0.8805225219512126,1.028394559739674
116,A,R,0.7000821666855968,0.9277825374229874
117,A,Q,0.7683004011220225,0.9589029094722038
118,A,K,0.9273188988734842,0.9502226906989059
119,A,V,0.8075747473495481,0.8511161800460241
120,A,E,0.6873445737345405,0.7504056309851387
121,A,P,0.5577287862854736,0.6310882447243623
122,A,L,0.3803059963877781,0.5502567262711087
123,A,R,0.6076538482293443,0.5922722016189542
124,A,A,0.40481228653224643,0.5043875823754729
125,A,E,0.308587246094996,0.4653867626028747
126,A,L,0.4878388156428849,0.5294577755933214
127,A,Q,0.3750968048912084,0.513731562793371
128,A,E,0.6201720729329924,0.62501013194607
129,A,G,0.5006124568414211,0.5745385297875881
130,A,A,0.49740572121662646,0.600798753016136
131,A,R,0.6642240839231689,0.7495769201177402
132,A,Q,0.623728078101408,0.8123178291272939
133,A,K,0.7982961575545923,0.9629966974275235
134,A,L,0.8153178394343341,0.9587780045661576
135,A,H,0.546841546410391,0.7741202710766294
136,A,E,0.5592192611132302,0.699297615749167
137,A,L,0.5434838045519171,0.7170104849959655
138,A,Q,0.735878288212633,0.8618569422334257
139,A,E,0.6975204061527247,0.8911074516587605
140,A,K,0.6869864800109458,0.874721523663961
141,A,L,0.6706999463098575,0.8169981541375225
142,A,S,0.740344559621315,0.7904956683264035
143,A,P,0.5719729605950862,0.6700874702669192
144,A,L,0.4832848266635337,0.5990292759429914
145,A,G,0.502141279444506,0.5730761606643503
146,A,E,0.3603895644780758,0.4860394193013921
147,A,E,0.33348186589994716,0.4674239001170178
148,A,M,0.33065573635988293,0.4862497190397368
149,A,R,0.29575776246926544,0.5028395047860753
150,A,D,0.40772761122386897,0.5790518692780912
151,A,R,0.459210771832028,0.7091556500871482
152,A,A,0.4532863047848629,0.6421545653550531
153,A,R,0.4551927169561868,0.6279814389241176
154,A,A,0.5553213770695462,0.69537425615243
155,A,H,0.6193510716845461,0.8089910382075102
156,A,V,0.5671686178724136,0.7431174783112219
157,A,D,0.5509102838143869,0.7137917124413393
158,A,A,0.6953349800158566,0.8340250940985656
159,A,L,0.6675921861805618,0.8655903407195015
160,A,R,0.4989837347651052,0.7680572288624629
161,A,T,0.6270137904193198,0.8013524244836046
162,A,H,0.8284047737197971,0.9456617635384676
163,A,L,0.7088200969704942,0.90490417439582
164,A,A,0.6683504809930306,0.8097254245795045
165,A,P,0.7751258434148093,0.8943063159451743
166,A,Y,0.9231021534395649,1.0472052752695231
167,A,S,0.7972390856032662,0.9470282650065913
168,A,D,0.7053174070791796,0.8741754888950837
169,A,E,0.8511108826258138,1.0029298099612707
170,A,L,0.9369065505308393,1.1055447750923055
171,A,R,0.6701547888066495,0.9259875851815813
172,A,Q,0.73670091400473,0.9210735930653516
173,A,R,0.9848388393602552,1.109536224514149
174,A,L,0.8836978767892649,1.0440280205558996
175,A,A,0.6973430385194915,0.867573458851813
176,A,A,0.8191501201338534,0.9647746874487629
177,A,R,1.0671555352603503,1.1538034804924557
178,A,L,0.7904641599039803,1.0038155651645062
179,A,E,0.7951860578151053,1.0474191926724374
180,A,A,1.0840041474407636,1.2531994633897832
181,A,L,1.161096346108389,1.2832993335937086
182,A,K,0.8897906572311443,1.1776400583836681
183,A,E,1.1251537992648346,1.1752499599931996
184,A,N,0.9243945778460404,1.004965236912636
185,A,G,0.769425350027567,0.7912351820452668
186,A,G,0.6440478079307855,0.6914480469949705
187,A,A,0.6145795430565256,0.6646481645743602
188,A,R,0.33374405966645526,0.5448035362518606
189,A,L,0.45288242880458457,0.6170071266362186
190,A,A,0.6683953756390348,0.7616779430943742
191,A,E,0.7416328417987307,0.7931298494735076
192,A,Y,0.8333863194966226,0.8543312818929609
193,A,H,0.9707092948139698,1.0354355351569946
194,A,A,1.074747069816839,1.105159843063556
195,A,K,1.1381838387231673,1.1504982405170414
196,A,A,0.9764254087655617,1.038388151298161
197,A,T,0.8189528104351581,0.9709175312255965
198,A,E,0.8336971386953995,0.917598388131886
199,A,H,0.6471669221456041,0.8020456211713048
200,A,L,0.8046099547253686,0.8458891009790606
201,A,S,0.6217895314186855,0.7330118790402523
202,A,T,0.5183166342765483,0.6539939545632251
203,A,L,0.4366107925340928,0.606095558720022
204,A,S,0.6985988216367032,0.7189119021509314
205,A,E,0.5291673987899398,0.6842597238164024
206,A,K,0.60215414448632,0.7752365906098606
207,A,A,0.8990868079305362,0.9873684892761581
208,A,K,0.776760612136034,1.0386553262036413
209,A,P,0.7362124080595381,0.9770737692652436
210,A,A,0.7732801852409394,0.9102925733546174
211,A,L,0.6617736299114213,0.777113113166513
212,A,E,0.5728009583528849,0.6463024130171682
213,A,D,0.3963482032790831,0.5228803888650112
214,A,L,0.5216784007922064,0.5348202577240944
215,A,R,0.28881944217319433,0.4507517387464658
216,A,Q,0.27432321926625947,0.413406120785224
217,A,G,0.37641910943103085,0.45824581589932223
218,A,L,0.38052975850627824,0.4846778642710228
219,A,L,0.46667248770423697,0.5753511328112044
220,A,P,0.6093278231201217,0.6335683916090878
221,A,V,0.4379425143576427,0.5685785972595316
222,A,L,0.5651571672596974,0.678982758167199
223,A,E,0.6678128317593608,0.8149595218976304
224,A,S,0.7281757179633496,0.8954792375326764
225,A,F,0.813035154692661,1.0402225722261362
226,A,K,0.8836296963241508,1.1290952398670302
227,A,V,0.9293291992152024,1.089568580455706
228,A,S,0.9436136547222765,1.0553757655070604
229,A,F,0.6833683438118179,0.873710288116345
230,A,L,0.7777646169059348,0.9611268220909687
231,A,S,0.9746393365025965,1.062037057737678
232,A,A,0.8223624878780014,0.9359578791148476
233,A,L,1.067508423974549,1.1404094484126188
234,A,E,0.8909838223361651,1.0718455426111364
235,A,E,0.9773464063408235,1.104421744833008
236,A,Y,0.791717567783315,1.0100172821345892
237,A,T,0.8261573009972303,1.0080873420061383
238,A,K,0.912316365551439,1.1186289413189987
239,A,K,1.0708931226221892,1.2108686994552287
240,A,L,0.8661453177615209,1.0417132746966287
241,A,N,0.9254306319730322,1.018679724689702
242,A,T,0.8958704297936373,0.9723637322160432
243,A,Q,0.7111315566176584,0.7977843673680423
