Position,Sequence,Rosetta Energy,Shape Compl.,Area of Interface,Contact Area,SASA,C-Score,
1,-,0,-,-,-,-,-
2,-,0,-,-,-,-,-
3,-,0,-,-,-,-,-
4,-,0,-,-,-,-,-
5,-,0,-,-,-,-,-
6,-,0,-,-,-,-,-
7,-,0,-,-,-,-,-
8,WDRVKD,-12.700,0.7790,100,0,249,-34.335,156943
9,DRVKDL,-16.900,0.6940,75,0,244,-34.760,156944
10,RVKDLA,-16.700,0.8610,73,0,236,-36.915,156945
11,VKDLAT,-19.100,0.6920,70,0,199,-36.430,1187969
12,KDLATV,-21.100,0.8410,0,0,0,0.000,292868
13,DLATVY,-22.400,0.8730,57,0,204,-41.145,2613118
14,LATVYV,-24.000,0.7770,55,0,200,-41.155,156949
15,ATVYVD,-21.100,0.7710,53,0,181,-37.965,156950
16,TVYVDV,-25.200,0.7710,49,0,194,-41.615,156951
17,VYVDVL,-23.600,0.7900,62,0,199,-41.600,156952
18,YVDVLK,-22.300,0.7000,87,0,222,-41.500,156953
19,VDVLKD,-18.400,0.8240,65,0,204,-37.260,156954
20,DVLKDS,-20.900,0.8690,81,0,226,-42.035,156955
21,VLKDSG,-19.500,0.9010,76,0,1665,-40.615,660340
22,LKDSGR,-14.400,0.9000,60,0,216,-33.850,156957
23,KDSGRD,-12.700,0.7250,88,0,219,-32.375,156958
24,DSGRDY,-16.000,0.6700,70,0,203,-33.050,156959
25,SGRDYV,-16.900,0.7140,78,0,208,-35.410,156960
26,GRDYVS,-16.300,0.8860,57,0,197,-35.240,156961
27,RDYVSQ,-17.200,0.8020,73,0,211,-36.480,156962
28,DYVSQF,-22.900,0.8980,56,0,216,-41.920,156963
29,YVSQFE,-24.200,0.7600,90,0,233,-44.550,156964
30,VSQFEG,-17.700,0.7710,84,0,203,-37.665,156965
31,SQFEGS,-19.600,0.7970,58,0,202,-37.305,156966
32,QFEGSA,-19.900,0.7790,103,0,228,-41.885,156967
33,FEGSAL,-19.300,0.9010,29,0,213,-35.665,2636295
34,EGSALG,-20.000,0.8460,93,0,208,-41.990,156969
35,GSALGK,-21.900,0.6510,54,0,186,-37.015,156970
36,SALGKQ,-21.000,0.8460,83,0,214,-41.940,156971
37,ALGKQL,-22.500,0.8340,64,0,199,-41.410,156972
38,LGKQLN,-19.200,0.8670,71,0,217,-39.305,156973
39,GKQLNL,-24.100,0.8700,59,0,198,-43.000,156974
40,KQLNLK,-20.700,0.9280,60,0,220,-40.570,156975
41,QLNLKL,-23.200,0.6500,76,0,230,-40.500,156976
42,LNLKLL,-21.600,0.8920,56,0,203,-40.580,156977
43,NLKLLD,-18.000,0.7940,101,0,236,-39.960,1384036
44,LKLLDN,-19.400,0.8850,66,0,222,-39.225,1366293
45,KLLDNW,-20.700,0.7580,62,0,225,-38.270,1366294
46,LLDNWD,-16.000,0.9420,53,0,218,-35.430,1366295
47,LDNWDS,-15.900,0.9130,60,0,213,-35.595,1366296
48,DNWDSV,-18.100,0.8440,71,0,209,-37.810,1366297
49,NWDSVT,-17.600,0.7490,59,0,205,-34.735,1366298
50,WDSVTS,-21.300,0.6800,92,0,213,-40.700,1366299
51,DSVTST,-23.800,0.9450,54,0,197,-43.325,1366300
52,SVTSTF,-26.400,0.7050,63,0,189,-43.225,1366301
53,VTSTFS,-22.600,0.9400,55,0,204,-42.200,1366302
54,TSTFSK,-20.600,0.8420,64,0,205,-39.580,1366303
55,STFSKL,-23.400,0.8080,63,0,204,-41.770,1366304
56,TFSKLR,-17.500,0.8720,81,0,215,-38.630,1366305
57,FSKLRE,-13.600,0.7390,100,0,265,-34.635,1366306
58,SKLREQ,-18.300,0.8460,76,0,216,-38.590,1366307
59,KLREQL,-16.500,0.9030,45,0,225,-34.495,1366308
60,LREQLG,-14.800,0.8860,0,0,0,0.000,708841
61,-,0,-,-,-,-,-
62,-,0,-,-,-,-,-
63,-,0,-,-,-,-,-
64,-,0,-,-,-,-,-
65,-,0,-,-,-,-,-
66,-,0,-,-,-,-,-
67,VTQEFW,-23.200,0.7740,89,0,218,-43.710,1366309
68,TQEFWD,-17.400,0.7200,85,0,221,-36.700,1366310
69,QEFWDN,-15.000,0.7630,76,0,214,-34.045,1366311
70,EFWDNL,-17.800,0.8930,89,0,226,-40.045,1366312
71,FWDNLE,-15.500,0.7060,90,0,226,-35.040,1366313
72,WDNLEK,-18.300,0.8750,46,0,229,-36.025,1366314
73,DNLEKE,-18.400,0.8790,50,0,202,-36.585,1366315
74,NLEKET,-18.800,0.7140,99,0,233,-39.360,1366316
75,LEKETE,-19.700,0.6650,71,0,217,-36.775,1366317
76,EKETEG,-15.900,0.8670,93,0,224,-38.205,1366318
77,KETEGL,-19.400,0.8190,74,0,211,-39.035,1366319
78,ETEGLR,-12.000,0.8630,95,0,247,-34.445,1366320
79,TEGLRQ,-14.600,0.7490,79,0,228,-33.735,1366321
80,EGLRQE,-14.300,0.7710,86,0,222,-34.415,1366322
81,GLRQEM,-19.200,0.7840,59,0,204,-36.860,1366323
82,LRQEMS,-16.700,0.8510,77,0,220,-37.165,1366324
83,RQEMSK,-17.600,0.7560,101,0,236,-38.990,1366325
84,QEMSKD,-18.300,0.7880,104,0,244,-40.520,1366326
85,EMSKDL,-22.300,0.7530,95,0,231,-43.045,1366327
86,MSKDLE,-18.900,0.8610,71,0,207,-38.915,1366328
87,SKDLEE,-19.800,0.8410,76,0,204,-40.015,1366329
88,KDLEEV,-18.600,0.6640,98,0,226,-38.360,1366330
89,DLEEVK,-18.600,0.7900,76,0,196,-38.000,1366331
90,LEEVKA,-20.900,0.6860,0,0,0,0.000,345600
91,EEVKAK,-20.600,0.8970,67,0,212,-40.755,1360647
92,EVKAKV,-19.300,0.9080,97,0,240,-42.620,1151101
93,VKAKVQ,-20.700,0.8050,55,0,219,-38.225,1366332
94,-,0,-,-,-,-,-
95,-,0,-,-,-,-,-
96,-,0,-,-,-,-,-
97,-,0,-,-,-,-,-
98,-,0,-,-,-,-,-
99,-,0,-,-,-,-,-
100,YLDDFQ,-19.100,0.8240,88,0,227,-40.260,1366333
101,LDDFQK,-15.500,0.7600,87,0,231,-35.550,1366334
102,DDFQKK,-18.800,0.7790,62,0,203,-36.635,1366335
103,DFQKKW,-18.800,0.8010,90,0,231,-39.815,1366336
104,FQKKWQ,-18.800,0.9400,60,0,225,-38.900,1366337
105,QKKWQE,-16.200,0.6780,77,0,244,-34.020,1366338
106,KKWQEE,-20.400,0.8440,73,0,220,-40.310,1366339
107,KWQEEM,-18.600,0.8390,71,0,224,-38.285,1366340
108,WQEEME,-16.700,0.8130,129,0,258,-41.795,1366341
109,QEEMEL,-16.900,0.7700,84,0,213,-36.800,1366342
110,EEMELY,-18.500,0.8590,98,0,226,-41.185,1366343
111,EMELYR,-16.500,0.8110,85,0,237,-37.165,1366344
112,MELYRQ,-14.900,0.7830,92,0,245,-35.795,1366345
113,ELYRQK,-18.200,0.7750,56,0,217,-35.425,1366346
114,LYRQKV,-16.400,0.6950,102,0,269,-37.025,1366347
115,YRQKVE,-16.900,0.5970,68,0,245,-32.655,1366348
116,-,0,-,-,-,-,-
117,-,0,-,-,-,-,-
118,-,0,-,-,-,-,-
119,-,0,-,-,-,-,-
120,-,0,-,-,-,-,-
121,-,0,-,-,-,-,-
122,LRAELQ,-17.900,0.7910,86,0,211,-38.315,1366349
123,RAELQE,-16.500,0.8310,70,0,222,-35.965,1366350
124,AELQEG,-21.000,0.9040,77,0,209,-42.260,419825
125,ELQEGA,-19.900,0.8190,71,0,199,-39.285,1366351
126,LQEGAR,-14.700,0.7740,95,0,250,-35.760,1366352
127,QEGARQ,-14.400,0.8060,86,0,241,-35.040,1366353
128,EGARQK,-15.200,0.8550,97,0,218,-37.675,1366354
129,GARQKL,-16.200,0.7620,74,0,217,-35.030,1366355
130,ARQKLH,-17.700,0.6970,78,0,216,-35.955,1366356
131,RQKLHE,-16.400,0.8120,66,0,212,-35.180,1366357
132,QKLHEL,-20.400,0.8170,81,0,0,-40.755,241414
133,KLHELQ,-21.100,0.9620,35,0,210,-39.030,1366358
134,LHELQE,-18.300,0.1970,30,0,228,-24.255,1366359
135,HELQEK,-19.200,0.9020,64,0,214,-39.130,1366360
136,ELQEKL,-22.000,0.0000,0,0,216,0.000,814256
137,LQEKLS,-19.100,0.8860,61,0,220,-38.490,1366361
138,-,0,-,-,-,-,-
139,-,0,-,-,-,-,-
140,-,0,-,-,-,-,-
141,-,0,-,-,-,-,-
142,-,0,-,-,-,-,-
143,-,0,-,-,-,-,-
144,LGEEMR,-14.500,0.7590,52,0,221,-31.035,1366362
145,GEEMRD,-13.900,0.9000,60,0,191,-33.350,1366363
146,EEMRDR,-13.200,0.8550,91,0,223,-35.125,1366364
147,EMRDRA,-10.500,0.6750,0,0,0,0.000,487616
148,MRDRAR,-5.300,0.8960,60,0,259,-24.740,1366365
149,RDRARA,-4.500,0.6950,104,0,269,-25.325,1366366
150,DRARAH,-13.800,0.6580,87,0,213,-32.320,1366367
151,RARAHV,-13.900,0.9080,59,0,210,-33.420,1366368
152,ARAHVD,-16.900,0.8370,65,0,191,-35.955,1366369
153,RAHVDA,-19.700,0.7920,83,0,211,-39.880,1366370
154,AHVDAL,-20.300,0.8580,62,0,194,-39.320,1366371
155,HVDALR,-15.300,0.7320,85,0,226,-34.780,1366372
156,VDALRT,-14.400,0.8370,66,0,216,-33.505,1366373
157,DALRTH,-18.900,0.6960,75,0,209,-36.790,1366374
158,ALRTHL,-19.400,0.9080,52,0,192,-38.220,1366375
159,LRTHLA,-16.400,0.9160,23,0,206,-32.440,1366376
160,-,0,-,-,-,-,-
161,-,0,-,-,-,-,-
162,-,0,-,-,-,-,-
163,-,0,-,-,-,-,-
164,-,0,-,-,-,-,-
165,-,0,-,-,-,-,-
166,YSDELR,-15.100,0.7000,87,0,227,-34.300,1366377
167,SDELRQ,-17.000,0.8390,51,0,210,-34.685,1366378
168,DELRQR,-13.000,0.9030,0,0,0,0.000,458329
169,ELRQRL,-13.000,0.6750,0,0,0,0.000,912357
170,LRQRLA,-11.800,0.9340,0,0,0,0.000,1013849
171,RQRLAA,-13.500,0.8840,0,0,0,0.000,953172
172,QRLAAR,-14.200,0.8420,76,0,250,-34.380,1366379
173,RLAARL,-12.800,0.8460,62,0,230,-31.640,1366380
174,LAARLE,-17.000,0.7890,0,0,0,0.000,588098
175,AARLEA,-20.000,0.0000,0,0,205,0.000,681312
176,ARLEAL,-20.200,0.8890,0,0,0,0.000,306779
177,RLEALK,-17.100,0.8480,79,0,230,-37.720,1366381
178,LEALKE,-18.900,0.9470,25,0,224,-35.605,157083
179,EALKEN,-17.700,0.8310,80,0,210,-38.115,401585
180,ALKENG,-22.100,0.7440,70,0,213,-40.260,1366382
181,LKENGG,-18.600,0.8450,78,0,216,-39.075,1366383
182,KENGGA,-20.200,0.8430,65,0,215,-39.295,1366384
183,ENGGAR,-13.500,0.8150,58,0,223,-31.475,1366385
184,NGGARL,-15.000,0.8030,75,0,223,-34.495,1366386
185,GGARLA,-17.800,0.9160,56,0,183,-37.140,1366387
186,GARLAE,-17.500,0.9180,62,0,210,-37.420,1366388
187,ARLAEY,-19.500,0.9040,77,0,199,-40.760,1366389
188,RLAEYH,-20.000,0.7420,97,0,235,-40.830,1366390
189,LAEYHA,-19.400,0.8560,65,0,205,-38.740,1366391
190,AEYHAK,-21.700,0.8900,25,0,198,-37.550,1366392
191,EYHAKA,-22.200,0.9230,57,0,230,-41.695,1366393
192,YHAKAT,-19.800,0.5850,93,0,237,-37.875,1366394
193,HAKATE,-20.100,0.8230,85,0,233,-40.895,1366395
194,AKATEH,-22.900,0.7890,84,0,214,-43.085,1366396
195,KATEHL,-22.100,0.8250,102,0,230,-44.675,1366397
196,ATEHLS,-20.600,0.7980,92,0,215,-41.770,1366398
197,TEHLST,-22.100,0.9190,62,0,190,-42.085,1366399
198,EHLSTL,-20.900,0.8000,80,0,220,-40.850,1366400
199,HLSTLS,-24.300,0.7080,81,0,206,-43.020,1366401
200,LSTLSE,-23.300,0.8060,52,0,206,-40.590,1366402
201,STLSEK,-23.900,0.8460,76,0,212,-44.190,1366403
202,TLSEKA,-23.000,0.8280,85,0,226,-43.870,1366404
203,LSEKAK,-19.800,0.7740,95,0,227,-40.860,1366405
204,-,0,-,-,-,-,-
205,-,0,-,-,-,-,-
206,-,0,-,-,-,-,-
207,-,0,-,-,-,-,-
208,-,0,-,-,-,-,-
209,-,0,-,-,-,-,-
210,ALEDLR,-14.200,0.8100,93,0,221,-35.600,1366406
211,LEDLRQ,-14.900,0.7760,59,0,217,-32.440,1366407
212,EDLRQG,-13.100,0.7260,84,0,225,-32.390,1366408
213,DLRQGL,-16.800,0.8480,46,0,208,-34.120,1095368
214,LRQGLL,-16.000,0.9340,0,0,0,0.000,765960
215,-,0,-,-,-,-,-
216,-,0,-,-,-,-,-
217,-,0,-,-,-,-,-
218,-,0,-,-,-,-,-
219,-,0,-,-,-,-,-
220,-,0,-,-,-,-,-
221,VLESFK,-21.000,0.7520,0,0,0,0.000,1063442
222,LESFKV,-17.600,0.9470,25,0,222,-34.305,1366409
223,ESFKVS,-19.700,0.7460,73,0,211,-38.140,1366410
224,SFKVSF,-24.100,0.8540,62,0,202,-43.060,1366411
225,FKVSFL,-22.800,0.8000,89,0,228,-43.650,1366412
226,KVSFLS,-23.300,0.7260,91,0,215,-43.240,1366413
227,VSFLSA,-22.900,0.7930,41,0,197,-38.845,1366414
228,SFLSAL,-23.700,0.8910,68,0,212,-43.815,1366415
229,FLSALE,-23.300,0.7200,88,0,216,-42.900,1366416
230,LSALEE,-18.800,0.8020,90,0,212,-39.830,1366417
231,SALEEY,-24.600,0.8460,76,0,207,-44.890,1366418
232,ALEEYT,-20.200,0.8330,83,0,225,-40.945,1366419
233,LEEYTK,-19.800,0.9030,43,0,218,-37.645,1366420
234,EEYTKK,-22.000,0.8230,57,0,225,-39.995,1366421
235,EYTKKL,-22.000,0.6970,65,0,230,-38.905,1366422
236,YTKKLN,-20.000,0.8670,71,0,241,-40.105,1366423
237,TKKLNT,-22.400,0.6790,72,0,231,-39.735,1366424
238,KKLNTQ,-20.700,0.8400,75,0,232,-40.800,1366425
239,-,0,-,-,-,-,-
240,-,0,-,-,-,-,-
241,-,0,-,-,-,-,-
242,-,0,-,-,-,-,-
243,-,0,-,-,-,-,-
