alpha,beta,beta-alpha,Prob[alpha>beta],Prob[alpha<beta],BayesFactor[alpha<beta],Omega,Residue,Selection_type
48.02286528891319,0.1813251935920789,-47.84154009532111,0.9999999220729952,3.873705361327141e-08,1.16343571333611e-07,0.0037758095544944627,M,Purifiyng
1.179192891802678,0.5576043588186924,-0.6215885329839851,0.9974931534758782,0.0009102091481149955,0.002736229144340752,0.47286950480702183,K,Purifiyng
2.814810904396109,0.5863913406404898,-2.228419563755619,0.9999999999854141,3.012176063051919e-14,9.046824019824949e-14,0.20832352884688518,A,Purifiyng
1.517571111698807,1.1443477878839,-0.3732233238149067,0.432708571308202,0.007701998085359364,0.02331186819406909,0.7540653476217588,A,Neutral
1.200699368919206,0.7693337689749715,-0.4313655999442341,0.9624342959844757,0.006238292476193021,0.01885381597147612,0.640738047249477,V,Purifiyng
2.803219321722259,0.5153310157603537,-2.287888305961905,0.9999999595069319,5.068007443665602e-10,1.522134514633464e-09,0.1838354251367465,L,Purifiyng
1.157601764359339,0.8331923658885007,-0.3244093984708388,0.8733215562305139,0.0403279126292674,0.1262114248578241,0.7197573393036604,T,Neutral
2.715443176508919,0.5249971903014289,-2.19044598620749,0.9999983298231733,6.211483257948598e-08,1.865568222141234e-07,0.19333757187155948,L,Purifiyng
1.528453150289737,0.6374138982778291,-0.891039252011908,0.999831101527147,1.192400055502099e-05,3.581318577813533e-05,0.4170320157716313,A,Purifiyng
1.207364213112704,0.6239054874570774,-0.5834587256556264,0.9965859405126282,0.000998565013506084,0.003002106004330714,0.5167500251217382,V,Purifiyng
1.209319420823957,0.5916820222451569,-0.6176373985788004,0.998615090087727,0.000416607894044235,0.001251769174277818,0.4892686018736229,L,Purifiyng
1.125894603897833,0.5202994515031534,-0.6055951523946792,0.9897911478067257,0.004655211004656169,0.01404693630666574,0.46212092117848613,F,Purifiyng
1.538808638464717,0.6207899371052318,-0.9180187013594848,0.9998313000417907,7.113169254471788e-06,2.136397304420627e-05,0.4034224409635492,L,Purifiyng
1.215342318049327,0.5811199348043691,-0.6342223832449579,0.9998023401110709,4.131255482987706e-05,0.0001240839999488541,0.4781532957209042,T,Purifiyng
0.7592852751367503,0.08011436072550873,-0.6791709144112416,0.9999997122822073,1.01522948033916e-08,3.049158598088533e-08,0.10551285972334946,G,Purifiyng
0.9107921325193657,0.2565879826707442,-0.6542041498486215,0.9998142294737176,2.686053509416364e-05,8.067558347915115e-05,0.28171958618152476,S,Purifiyng
2.232747007059452,0.2204048587060003,-2.012342148353451,0.9999344418215107,1.48899127196037e-05,4.47212988290669e-05,0.09871465867343183,Q,Purifiyng
0.9018233915995703,0.07974450003986099,-0.8220788915597093,0.9999999996616562,9.024880724312778e-12,2.71054898533317e-11,0.08842585009734293,A,Purifiyng
1.205494560955641,0.6136666208172907,-0.5918279401383502,0.9977932967009248,0.0006559831409647015,0.001971484880475759,0.5090579756169237,R,Purifiyng
1.164668960056414,0.9772094429675099,-0.1874595170889045,0.6415006443144826,0.07822065971286056,0.2548650556743223,0.8390448071357341,H,Neutral
0.8932271211305985,0.490352842545607,-0.4028742785849915,0.9167374861362186,0.04573621869614956,0.1439486527809635,0.5489677047926455,F,Purifiyng
2.692747717119516,0.3356705428299181,-2.357077174289598,0.999773185086671,8.627512846482269e-05,0.000259142637445388,0.12465725648780471,W,Purifiyng
1.022460072366667,0.3666819081606428,-0.6557781642060245,0.9985238383425931,0.0004249221926607119,0.001276761516371048,0.35862711715665513,Q,Purifiyng
1.234520301314226,0.801138341059316,-0.4333819602549096,0.952791520094285,0.005278261435058249,0.01593694513871901,0.6489470770196755,Q,Purifiyng
0.8048066914579117,0.2951841340593835,-0.5096225573985282,0.9792280168125381,0.008916019672162708,0.02701944046457989,0.36677644109128343,D,Purifiyng
2.852498846104162,1.097584005384927,-1.754914840719235,0.9995838415362985,4.308611259894631e-06,1.294061667356783e-05,0.3847798244980771,E,Purifiyng
2.270181978167459,0.1923126051913945,-2.077869372976064,0.9999999996445864,3.6226168541427e-11,1.088023292325799e-10,0.0847124182294115,P,Purifiyng
2.634842833451672,0.2945146039821458,-2.340328229469526,0.9999999981791373,1.931924680440969e-10,5.802377497540317e-10,0.111776915208384,P,Purifiyng
3.445987679227495,0.7005818604299232,-2.745405818797572,0.9990953472899332,0.0001860191591653994,0.0005587972511239192,0.20330364634007522,Q,Purifiyng
2.717820566730683,0.8218060546519319,-1.896014512078751,0.998166462569822,5.329949069684222e-06,1.600815067429455e-05,0.30237686207537157,S,Purifiyng
1.724519485192809,0.8076966449092113,-0.9168228402835974,0.9741954086968866,0.000764578599292833,0.002298106264436129,0.46836040522842065,P,Purifiyng
1.212280233860575,0.568360581999543,-0.6439196518610317,0.9970034669651364,0.001159982074126167,0.003487957090790183,0.4688359721824108,W,Purifiyng
2.77876745746934,0.6824051710758755,-2.096362286393464,0.9999837373174831,1.429875026152975e-06,4.294518632979612e-06,0.24557836577564893,D,Purifiyng
1.331024784991034,0.6190779304997793,-0.7119468544912548,0.9997401380969532,3.230113395535575e-05,9.70169431820855e-05,0.46511375105907554,R,Purifiyng
1.842719550974032,1.167096168298412,-0.6756233826756206,0.5141050056949895,0.01509308865725151,0.04602552250718565,0.6333552860398663,V,Neutral
2.813802383998814,0.5609524248768829,-2.252849959121931,0.9999997211633922,5.258004240363088e-08,1.579198578153532e-07,0.19935743464673933,K,Purifiyng
1.162317526904847,0.5803406398068768,-0.5819768870979704,0.9940756321363722,0.002163626555723111,0.006512365422419523,0.49929612724009653,D,Purifiyng
2.040688419347215,0.8782648183965355,-1.162423600950679,0.9360310613311208,0.0006267628506703595,0.001883611449412695,0.4303767346695087,L,Purifiyng
2.796485983016602,1.220469606938095,-1.576016376078508,0.9891262128204723,2.6548982964924e-05,7.973981220581015e-05,0.4364297244292139,A,Purifiyng
2.813902208253253,1.225587709905221,-1.588314498348032,0.9994340492458226,9.305488204788133e-07,2.794829743796854e-06,0.43554737130186627,T,Purifiyng
1.271660813570835,0.9484533407620811,-0.3232074728087538,0.7584244583057138,0.01059501094965604,0.03216200413112815,0.7458383010944685,V,Neutral
2.787922251273697,0.09517344791841,-2.692748803355287,0.999999999999832,8.845900193433897e-15,2.656793649234668e-14,0.03413776975843886,Y,Purifiyng
1.17103473426925,0.6322316289957713,-0.5388031052734784,0.9833071515407791,0.007058334388595024,0.02134982324316038,0.5398914400180427,V,Purifiyng
2.811415753438925,0.9782148024004096,-1.833200951038515,0.9994663529435384,1.451876279800743e-06,4.360597786186371e-06,0.3479438433123443,D,Purifiyng
2.814791798866369,0.746265167272877,-2.068526631593492,0.999999938924602,4.260345561356795e-11,1.279559884684397e-10,0.2651226877857994,V,Purifiyng
1.257104181963264,1.146848538113107,-0.1102556438501574,0.2908655544221729,0.017073450359775,0.05216942136529866,0.9122939487179441,L,Neutral
1.350664414629032,0.4190089438498469,-0.931655470779185,0.9995449539634449,0.0001362534051184138,0.0004092817051496186,0.31022431576012915,K,Purifiyng
2.807226861615805,0.9586560330130839,-1.848570828602721,0.9988232532090514,1.426787801128442e-05,4.285301407085465e-05,0.3414957466106937,D,Purifiyng
2.814780078291899,0.9728612977662122,-1.841918780525687,0.9999892780331407,7.876664256983052e-09,2.36569159524e-08,0.3456260420730903,S,Purifiyng
0.8609143896550818,0.5390135845671035,-0.3219008050879784,0.8953243022835823,0.05251225868340861,0.1664573163158301,0.626094291190852,G,Neutral
1.118521403751073,0.9799065606386433,-0.1386148431124293,0.5632142163670925,0.1528052860862421,0.5417150862591366,0.8760731420538124,R,Neutral
1.152681151622022,0.9079455321541218,-0.2447356194679003,0.7483958415670419,0.07822054693020854,0.2548646570130039,0.787681425064065,D,Neutral
1.20160652544548,0.5897404084689953,-0.6118661169764849,0.9983821035016547,0.0005059673701912076,0.001520400816006669,0.49079328047952864,Y,Purifiyng
2.168483549064544,0.6483038954430016,-1.520179653621543,0.9996426847585006,3.977515124545026e-05,0.0001194661597989895,0.29896648084910377,V,Purifiyng
1.195843607311373,1.218116320365576,0.02227271305420397,0.02818591210526241,0.09155258863368843,0.3026820217429343,1.01862510525459,S,Neutral
2.800606837419653,0.7206730062082655,-2.079933831211387,0.9999655236483538,5.072554143846661e-06,1.523507806086453e-05,0.2573274465302169,Q,Purifiyng
2.768290479229678,0.4161596121855518,-2.352130867044126,0.9999999965021528,3.659980816667101e-10,1.099245252712487e-09,0.15033090468936447,F,Purifiyng
0.9771869754402739,0.3634778510771293,-0.6137091243631445,0.9974666303883193,0.0007618172851691107,0.002289800210209164,0.37196346268672226,E,Purifiyng
1.098401454597597,1.148813674764829,0.05041222016723235,0.1569872425302822,0.2661273070426802,1.089141987081038,1.0458959881710104,G,Neutral
2.751512289620631,0.3915642936491477,-2.359947995971483,0.999999999915198,4.860987341007571e-12,1.459957722137531e-11,0.14230875694294473,S,Purifiyng
2.498509053829534,0.8235515769976035,-1.67495747683193,0.9908285148473883,0.000232696355900733,0.0006990471060066428,0.329617207404281,A,Purifiyng
1.190573518701643,0.5849043238412563,-0.6056691948603867,0.9955420902417226,0.001758261515193982,0.005290095779526763,0.49127946712531656,L,Purifiyng
1.036999357682931,0.3703832867910623,-0.6666160708918687,0.9989243051136445,0.0003261981387242161,0.0009800290681227636,0.3571682894950348,G,Purifiyng
1.513188449294737,0.6419243628152806,-0.8712640864794563,0.9989990559138779,0.0002105248422340014,0.0006324272571401278,0.42421970846689133,K,Purifiyng
3.14713804970019,0.7240185355647549,-2.423119514135435,0.999996587920094,1.849034948918816e-07,5.553426005740189e-07,0.23005617298349146,Q,Purifiyng
2.788623074133024,0.4367912162648064,-2.351831857868218,0.9999999913632535,6.423207377611124e-10,1.929157712200132e-09,0.15663329344020568,L,Purifiyng
2.691411619187504,0.2513785943530411,-2.440033024834463,0.9999996320229073,5.488996083584731e-08,1.648575093220466e-07,0.0934002783375545,N,Purifiyng
1.036366285638242,0.9122559525636464,-0.1241103330745958,0.5549838872165155,0.2315767698306769,0.905128616562946,0.8802447215868637,L,Neutral
2.814028541704489,1.151941255495256,-1.662087286209233,0.9995965938509324,1.801413701602696e-06,5.410408210538481e-06,0.40935663530886296,K,Purifiyng
1.191125878359834,0.5864641681939061,-0.6046617101659276,0.9966494532398512,0.001215451593699447,0.003654951697413107,0.4923612011531982,L,Purifiyng
1.220383828178061,1.219633065950047,-0.000750762228013846,0.02812481845851718,0.02386249173966684,0.07342104805497678,0.9993848146700413,L,Neutral
2.651262052047991,0.9130576037595207,-1.73820444828847,0.9801100292843438,0.002274837840405918,0.006847866864399522,0.34438602666764734,D,Purifiyng
1.287527455231682,0.5600153613216159,-0.7275120939100659,0.9983175284056873,0.0006200566836695191,0.001863444890034533,0.43495411227626585,N,Purifiyng
2.330504813753953,0.6006822809026987,-1.729822532851254,0.9997577080295349,6.593921258199016e-05,0.0001980560822969403,0.2577477108640363,W,Purifiyng
1.421990799846731,0.5498117866520014,-0.8721790131947296,0.9971556860284426,0.001182070013744692,0.003554452051268898,0.38664932762663634,D,Purifiyng
2.800182576021194,1.161480637563516,-1.638701938457678,0.9940151777357166,3.205533610392117e-05,9.627866196094494e-05,0.41478746689934587,S,Purifiyng
2.742693515076852,0.7410218086205331,-2.001671706456319,0.9997789762919679,4.077046674527466e-06,1.224512558120955e-05,0.2701803189262907,V,Purifiyng
2.81089342834886,1.197530010612591,-1.613363417736268,0.9978882717562674,1.363462294979261e-05,4.095103130611784e-05,0.426031808440361,T,Purifiyng
2.809073325315222,1.226401965891575,-1.582671359423647,0.9964048664544016,6.885241618910334e-06,2.067940148187432e-05,0.43658595695573504,S,Purifiyng
2.815511535719865,0.841959189491593,-1.973552346228272,0.9999985041722598,1.428536773638639e-09,4.290493166699113e-09,0.29904306155731036,T,Purifiyng
2.804081807936488,1.214966938867015,-1.589114869069473,0.9938322872563242,2.226033851803975e-05,6.68585912592966e-05,0.4332851257863636,F,Purifiyng
1.245989033470136,1.214621142905723,-0.0313678905644128,0.06639004791598298,0.0576049676131335,0.1835873436766026,0.9748249063821597,S,Neutral
2.673218826516747,1.109899490793995,-1.563319335722752,0.9421136505035052,0.0007552254356350317,0.002269972061458614,0.41519215702973866,K,Purifiyng
2.531051553088792,0.7918139820901553,-1.739237570998637,0.9942159542459365,5.359928798624106e-05,0.0001609896990464294,0.31283992660041154,L,Purifiyng
3.154761394914976,0.7580741985204893,-2.396687196394486,0.9999999996566028,8.999647731539556e-14,2.70297046266172e-13,0.24029525647879313,R,Purifiyng
2.233311846042849,0.9400757338064877,-1.293236112236361,0.9182345339877002,0.001376539638287108,0.004140022930298842,0.4209334829223178,E,Purifiyng
2.815553796287058,1.186937425652898,-1.62861637063416,0.9989424591120287,7.558613612554566e-06,2.270184830769573e-05,0.4215644635233546,Q,Purifiyng
2.814572946750262,0.8044768190872216,-2.01009612766304,0.999990157148067,1.773571463042716e-08,5.326776676210102e-08,0.2858255352791903,L,Purifiyng
1.23976089990059,0.8869531738205789,-0.3528077260800115,0.8778524363661618,0.006597808158469346,0.01994758659960211,0.7154227673188428,G,Neutral
2.802731094683746,0.1759327852886332,-2.626798309395113,1.0,2.356945419511395e-18,7.078892464555087e-18,0.06277191044918459,P,Purifiyng
2.807062329681673,1.209946921260902,-1.597115408420771,0.9957443678830807,1.706897226110171e-05,5.126613479707519e-05,0.4310367135303735,V,Purifiyng
1.18764336088438,0.749978228956336,-0.4376651319280439,0.9617549426388269,0.01275349364904286,0.03879889474752606,0.631484377934689,T,Purifiyng
2.711469542594936,0.6358634195608786,-2.075606123034057,0.9999250985469144,2.238702341836013e-05,6.723909596654226e-05,0.23450878188819455,Q,Purifiyng
2.795210581790583,1.002608693977982,-1.7926018878126,0.9959561975572063,5.507170602578753e-05,0.0001654124666074831,0.3586880718431315,E,Purifiyng
2.800245649705412,0.7460878392969513,-2.05415781040846,0.999964370255954,1.449480750979807e-06,4.353402990762094e-06,0.26643656758307627,F,Purifiyng
2.817479515208344,0.6406316334358109,-2.176847881772533,0.9999999534112216,1.041823260260573e-09,3.129030809575999e-09,0.22737756564964345,W,Purifiyng
2.723377441330768,1.226837283964941,-1.496540157365826,0.9425477621114938,0.0004204673271303622,0.001263370374396226,0.45048375056138074,D,Purifiyng
1.178888306949547,0.8947218688919334,-0.2841664380576134,0.7466323889057356,0.1102046727239399,0.371985214335937,0.7589538920842184,N,Neutral
2.805531413681774,0.5722707016168169,-2.233260712064957,0.9999997264444603,1.121042877824668e-08,3.366960475005136e-08,0.2039794310717807,L,Purifiyng
2.813188083134154,1.22316457672884,-1.590023506405314,0.9990064511397464,1.520506105825441e-06,4.566722458537116e-06,0.4347965868553376,E,Purifiyng
2.811368900228423,0.7459578151444998,-2.065411085083924,0.9999835125504072,6.161162702189635e-07,1.850455879708463e-06,0.26533615530992427,K,Purifiyng
0.993557330583288,0.9775570134429591,-0.0160003171403289,0.4053969347924183,0.3481978175633195,1.604449395259348,0.9838959296581954,E,Neutral
2.81481170052907,0.4374219682495833,-2.377389732279487,0.9999999999999678,1.174289861386055e-16,3.526883389897267e-16,0.15540008170612826,T,Purifiyng
2.613673675012322,1.21654863609458,-1.397125038917741,0.8830321986890912,0.001381702134793377,0.004155570921141617,0.4654554421713892,E,Neutral
2.800352078414443,1.513491978615977,-1.286860099798466,0.8157555960334537,0.00539010368746456,0.01627646666070955,0.5404648902122746,G,Neutral
1.148715095093393,0.7735175144101527,-0.3751975806832406,0.8946835828114308,0.04214817379997817,0.1321588406204787,0.6733762947088843,L,Neutral
2.812720467280255,0.4307314369191907,-2.381989030361064,0.999999999787924,1.512088338769106e-11,4.541433441184677e-11,0.15313695119361936,R,Purifiyng
2.831441566652253,1.224855829084355,-1.606585737567897,0.9997583791846392,9.794121575530132e-07,2.941587053659589e-06,0.43259089062980727,Q,Purifiyng
2.798553014617166,1.192588518478165,-1.605964496139001,0.9901766781670094,0.0001782347365673155,0.0005354088570848637,0.42614469415056183,E,Purifiyng
2.79275600885618,0.7794132242831838,-2.013342784572996,0.9997334220697917,1.362259980958472e-05,4.091491980525871e-05,0.2790838948377755,M,Purifiyng
2.352521030713665,1.223798131896671,-1.128722898816994,0.7161441821303652,0.007251952614517838,0.02193975156887312,0.5202070952476958,S,Neutral
2.587094847955305,1.094459016744957,-1.492635831210347,0.9260861836762585,0.001886115891714869,0.005675499201801577,0.42304557083013644,K,Purifiyng
3.81186429597287,0.2634071500958348,-3.548457145877035,1.0,5.264333590701201e-18,1.581099463637316e-17,0.06910192222060928,D,Purifiyng
1.282472215070901,0.5682082793005385,-0.7142639357703622,0.9997448661016489,6.514704286153591e-05,0.0001956765535301926,0.4430569899474394,L,Purifiyng
4.45815039168275,0.7240198519817143,-3.734130539701036,0.9999981806104441,1.45790450221794e-07,4.378697365651996e-07,0.16240364015813955,E,Purifiyng
2.80599750693352,1.225815900044572,-1.580181606888948,0.9944244602523683,4.801108432866277e-05,0.0001442042816693327,0.4368556625640702,E,Purifiyng
1.125950952447425,0.629173423372075,-0.4967775290753503,0.9567139972707457,0.02264031724132928,0.06957350413359771,0.5587929225553487,V,Purifiyng
2.719825914334129,0.5230490408483572,-2.196776873485772,0.9999964520076549,8.025008766015322e-07,2.410247568743321e-06,0.19230974971293732,K,Purifiyng
2.813109977089581,1.242304188900509,-1.570805788189072,0.9892172332305649,0.0002397856073556208,0.0007203491555794196,0.44161237883269183,A,Purifiyng
4.556189237979599,0.6114827324611312,-3.944706505518467,0.9999999319835234,1.287493239205694e-08,3.866880510288038e-08,0.13420924823840014,K,Purifiyng
1.18828874983387,0.6169571961717667,-0.5713315536621036,0.9897429891302063,0.004507443471627294,0.01359903405249161,0.5191980453050836,V,Purifiyng
2.53308632314683,0.6634075767189183,-1.869678746427911,0.9992651823877742,0.0002785744939318195,0.0008369088105523239,0.26189694786823253,Q,Purifiyng
0.6813801054797294,0.1479068304583408,-0.5334732750213886,0.9998020411274794,1.82507258156917e-05,5.481556014154093e-05,0.21706948774826085,P,Purifiyng
2.833112550141918,0.9815338809437649,-1.851578669198153,0.999561585817674,5.376014537463573e-06,1.614650601388041e-05,0.34645071933149896,Y,Purifiyng
1.184958501428266,0.651725513547306,-0.5332329878809595,0.9860210994364361,0.005362732258659308,0.01619336766902389,0.5499985972181826,L,Purifiyng
2.853493711649609,0.9190621494408014,-1.934431562208808,0.9999962928100864,8.285126716719607e-09,2.488369950499213e-08,0.3220831171586813,D,Purifiyng
2.916600729668589,1.224207549557407,-1.692393180111181,0.999631023511216,3.3917399528192e-06,1.018684761646546e-05,0.4197377917053846,D,Purifiyng
0.9070616487099288,0.2274981144878437,-0.679563534222085,0.9997411755393676,4.216656646369694e-05,0.0001266491680559463,0.25080777564722706,F,Purifiyng
4.773265947680418,0.7435563057862932,-4.029709641894125,0.9999999797044877,6.865944082012835e-11,2.062130052957696e-10,0.15577516818387763,Q,Purifiyng
2.796804188797093,1.203642714116087,-1.593161474681007,0.9894225590723666,0.0001552201175794683,0.0004662632795115352,0.4303635981873205,K,Purifiyng
2.799115100620441,0.4915884870624808,-2.30752661355796,0.9999998353685692,3.236195130335859e-08,9.719647249227763e-08,0.17562281985243022,K,Purifiyng
2.726574290982859,0.5670836759906838,-2.159490614992176,0.9999353895180189,2.416153428514794e-05,7.256894206422754e-05,0.20798394449258337,W,Purifiyng
2.76268504797553,1.222241723075989,-1.54044332489954,0.967420007288149,0.0007975571033079169,0.002397309407617041,0.44241080754812656,Q,Purifiyng
2.919141252359896,0.7448701063436807,-2.174271146016216,0.9999984768742181,3.703592482152925e-08,1.112343699928078e-07,0.2551675448187072,E,Purifiyng
2.744223863717465,0.5010859870326476,-2.243137876684817,0.9999790214874884,7.073847669513578e-06,2.124587220988261e-05,0.18259661453196865,E,Purifiyng
1.678481949424477,1.221944459572178,-0.4565374898522996,0.3053910658936032,0.02621211599957064,0.0808450630339778,0.7280057196868648,M,Neutral
4.271413024746564,1.121879613500915,-3.149533411245649,0.9999325360243467,3.930222412337384e-07,1.180410565426187e-06,0.26264835711303747,E,Purifiyng
2.758190624585015,1.225883732292407,-1.532306892292608,0.9647547256895312,0.0003078897288723885,0.0009250063754326813,0.4444521424174038,L,Purifiyng
1.014219926749121,0.2249868266557438,-0.7892331000933768,0.9987298865378793,0.0003311557678768442,0.000994928693825141,0.22183238637096594,Y,Purifiyng
2.750274083527794,0.4453122370419061,-2.304961846485888,0.9999999577446091,5.364013806758619e-09,1.611037608498507e-08,0.16191558496260897,R,Purifiyng
2.214064750124079,1.164051657590423,-1.050013092533657,0.7202863224500773,0.01757362393609969,0.0537250841212092,0.5257532136425496,Q,Neutral
3.898753898862496,0.7261479402496585,-3.172605958612837,0.9999973389415953,9.112153936038327e-08,2.736761028804821e-07,0.18625128928028004,K,Purifiyng
1.077440334288733,0.5121820306844256,-0.5652583036043073,0.9894083727222343,0.004437687934947557,0.01338764231461468,0.4753692751093637,V,Purifiyng
2.858762624792671,1.217939419925216,-1.640823204867455,0.9999501527865845,1.21479089638301e-07,3.648525373507699e-07,0.42603726848903584,E,Purifiyng
1.812197311252562,0.1367843678843006,-1.675412943368261,0.9999999999999537,1.405840694980418e-15,4.222327347794431e-15,0.07547984263907632,P,Purifiyng
1.123447580354817,0.6104221605670875,-0.5130254197877296,0.9668726141750289,0.0165296455574991,0.05047985020086068,0.5433472564641589,L,Purifiyng
1.238177873579003,1.200150391569722,-0.03802748200928119,0.1099261105328834,0.04224325288195498,0.1324701177533109,0.9692875451736502,R,Neutral
2.770751421196578,1.228956515320384,-1.541794905876194,0.9712670277826884,0.0007881929147723434,0.002369140182911494,0.4435462906988771,A,Purifiyng
2.399651545551062,0.6954673660103023,-1.70418417954076,0.9929657604842448,0.003916473023717316,0.01180905570083145,0.28982014797093947,E,Purifiyng
2.638507909542715,0.6765683992464573,-1.961939510296257,0.9998336017317168,1.746025142084609e-05,5.244135027505786e-05,0.256420834214484,L,Purifiyng
2.814502194718267,1.224165057190724,-1.590337137527543,0.9997978833327409,4.703303889358279e-07,1.412599453705896e-06,0.43494905048857624,Q,Purifiyng
2.818086045395769,1.160624054075448,-1.657461991320321,0.997712728866433,2.424484076923557e-05,7.281915837585876e-05,0.4118483379780731,E,Purifiyng
2.802962392374079,1.002269901669972,-1.800692490704106,0.9972865393686292,2.047857628692422e-05,6.150698565734177e-05,0.3575752226989604,G,Purifiyng
1.128488112634467,0.6145203312589513,-0.5139677813755155,0.9657784444677285,0.01749261476677976,0.05347301820172162,0.5445518870591799,A,Purifiyng
2.813725688833033,1.09569613800727,-1.718029550825763,0.9994187723715999,2.135050163835387e-06,6.41246193478863e-06,0.3894111435083425,R,Purifiyng
2.804440960943883,0.9123457694286782,-1.892095191515205,0.9981302504329728,5.466936278100101e-05,0.0001642039290129085,0.32532179572844794,Q,Purifiyng
2.476442211490618,0.6342969152808422,-1.842145296209776,0.9989393601520338,0.0004829225206053076,0.001451119003168587,0.25613233062242413,K,Purifiyng
1.330169524420356,0.7208729019519504,-0.6092966224684055,0.9744804380108892,0.009082978399440424,0.02753003618442863,0.5419406238961031,L,Purifiyng
2.805553914469978,1.030877358491791,-1.774676555978187,0.9970781542536489,5.845025696494457e-05,0.0001755608195791265,0.367441649641776,H,Purifiyng
2.749978943568474,1.181813776149891,-1.568165167418583,0.9684504390040248,0.0003540870142562141,0.00106384803198172,0.42975375462923576,E,Purifiyng
1.032379407578893,0.6267330472466529,-0.4056463603322401,0.8898926940274938,0.06643778634421411,0.2137409217758111,0.6070762770408696,L,Neutral
3.580749696855273,0.8576473070459885,-2.723102389809284,0.9999970931647213,1.187778932242201e-08,3.567396751436017e-08,0.23951612920590382,Q,Purifiyng
1.339739126383866,1.222903310817166,-0.1168358155667,0.09993481707556885,0.07075546029937468,0.2286892405421398,0.9127921150723908,E,Neutral
2.727861680670485,0.4727525047333252,-2.25510917593716,0.9998924047405664,4.396623003687242e-05,0.0001320547757428424,0.17330515989253775,K,Purifiyng
1.158467215642555,0.6366547468463843,-0.5218124687961707,0.9748273905308232,0.01168229369653337,0.03550155154695458,0.5495664773674735,L,Purifiyng
2.478257530012349,1.226211923151867,-1.252045606860482,0.7901956765939788,0.005454557593552106,0.01647216521788314,0.49478793398269505,S,Neutral
2.81336691537024,0.2370227085399857,-2.576344206830254,0.9999999999999993,3.403581051471285e-17,1.022237683499572e-16,0.08424877226111598,P,Purifiyng
1.570960200154498,1.159855544979103,-0.4111046551753952,0.4030948545315315,0.006945714965254396,0.02100679303717281,0.7383099488230419,L,Neutral
1.89551404700771,0.88782216269643,-1.00769188431128,0.9253537579779904,0.001694436387910688,0.005097738660943319,0.4683806823262327,G,Purifiyng
2.904633793358392,0.8008029089571744,-2.103830884401217,0.9999866376247574,1.93242697652648e-07,5.803887223118221e-07,0.2756984067279859,E,Purifiyng
2.903515599070622,0.8487804351605128,-2.054735163910109,0.9995627731013842,1.89049793893951e-05,5.678063016048972e-05,0.2923285259539148,E,Purifiyng
2.784520812502917,1.069087638942611,-1.715433173560306,0.9918831554335826,3.042926849297151e-05,9.139459593990934e-05,0.38393953966594424,M,Purifiyng
2.81478136970976,0.3385899145709156,-2.476191455138844,0.9999999999999237,2.727449154404956e-15,8.191670077186993e-15,0.1202899515445594,R,Purifiyng
2.764694337945985,0.8346928418500591,-1.930001496095926,0.9874942615341998,0.002506590298767963,0.007547256478970734,0.30191143751181904,D,Purifiyng
2.81781515219715,0.6165888007867794,-2.20122635141037,0.9999999979393533,1.716779587427657e-11,5.15620683633464e-11,0.21881804429435456,R,Purifiyng
2.482376523688525,1.209726122660286,-1.272650401028239,0.8115786679724969,0.002465633213441441,0.007423631300805994,0.48732579893350453,A,Neutral
1.258840280421465,0.6415744250563163,-0.6172658553651488,0.9983244449823414,0.0003711000057234588,0.001114982233130512,0.5096551445283548,R,Purifiyng
1.1572611270006,2.779487706837624,1.622226579837024,6.465479616780358e-05,0.9781338544760958,134.3512916284625,2.401780930844472,A,Diversifiyng
3.610126566458923,0.302602855201218,-3.307523711257705,0.9999999999999917,7.630046177810035e-16,2.291621857051905e-15,0.08382056685010716,H,Purifiyng
1.263050751222774,0.6212492650387114,-0.6418014861840624,0.9971466640123413,0.0009239108971503155,0.002777456806804939,0.4918640556899814,V,Purifiyng
3.619991497305682,0.5263191071466815,-3.093672390159,0.9999999986495721,2.155767495497925e-10,6.474671053547948e-10,0.1453923600479213,D,Purifiyng
2.812509579112838,1.193036494400401,-1.619473084712437,0.998601357463336,8.888471103757969e-06,2.669603202060804e-05,0.4241893088153412,A,Purifiyng
0.7668550033356232,0.3221410193252914,-0.4447139840103318,0.9858869632122262,0.00488990437266675,0.01475859527631587,0.42008074267503026,L,Purifiyng
1.14098877025479,0.1816500400727161,-0.9593387301820742,0.9999997975993897,2.234275290323643e-08,6.710462931750777e-08,0.1592040559979854,R,Purifiyng
1.800087760928477,1.22421175518318,-0.5758760057452967,0.3717797025159352,0.01003510823271385,0.03044514573997317,0.680084483520813,T,Neutral
1.739274976124229,1.040256212546138,-0.6990187635780913,0.6920282942068839,0.04619227281357285,0.1454535363254775,0.5980976135609261,H,Neutral
1.350048160466689,0.5683443891207758,-0.7817037713459127,0.9999401206643836,8.020080487430497e-06,2.408784785069488e-05,0.42098082554648175,L,Purifiyng
2.815349739864984,1.187655070861428,-1.627694669003556,0.999992045714878,7.009709607497927e-09,2.105308865291916e-08,0.4218499229578434,A,Purifiyng
0.8591995093998601,0.1975979915921779,-0.6616015178076823,0.9999805916855031,1.860708407027847e-06,5.588495652485089e-06,0.22997917181097735,P,Purifiyng
2.195928648209605,0.6465207264938969,-1.549407921715708,0.9993722284420036,0.0001997131208784261,0.0005999418124488662,0.2944179115387111,Y,Purifiyng
2.740013987382443,0.7349755526432894,-2.005038434739153,0.9998664343115952,1.353259409386971e-05,4.064458767134451e-05,0.26823788346621447,S,Purifiyng
9.482037757657523,0.7721729823977135,-8.70986477525981,0.9999999977807784,9.39480900877307e-12,2.821653914775399e-11,0.08143534144589548,D,Purifiyng
2.703107230139095,1.221897907782425,-1.481209322356671,0.9327321650372125,0.0005597918255601646,0.001682230583632946,0.45203456753713367,E,Purifiyng
1.292586504902856,0.668371086172384,-0.6242154187304724,0.9936061374220896,0.001706587587034456,0.005134358230111749,0.5170803529490781,L,Purifiyng
2.813085263499423,0.4777626261596797,-2.335322637339743,0.9999999997929615,6.832060828046578e-12,2.051953495104578e-11,0.16983581420683722,R,Purifiyng
2.415193721643243,1.225754149452535,-1.189439572190707,0.7516407474163909,0.007472958679924986,0.02261340820582839,0.5075179429576191,Q,Neutral
2.365328141242015,0.7413603092065556,-1.623967832035459,0.9949958742814312,0.001161414586715073,0.003492269530058485,0.31342810169978075,R,Purifiyng
1.209679502759903,1.100550800621195,-0.1091287021387086,0.3821129209646087,0.03348237366895373,0.1040452479983879,0.909787094937354,L,Neutral
1.234382584832669,1.191722797658749,-0.04265978717391961,0.1376345778358937,0.02961803150795659,0.09167042869423062,0.9654403847736535,A,Neutral
2.81296582244583,1.224943212801328,-1.588022609644503,0.9948932324592312,5.962050536398965e-05,0.0001790759797933934,0.4354632406220489,A,Purifiyng
2.775778817568186,0.6352360416328415,-2.140542775935344,0.9999923647726199,4.041365304194303e-07,1.21379144901906e-06,0.22884966107975468,R,Purifiyng
1.3841635169089,0.6930541320326808,-0.6911093848762195,0.9936473524075926,0.0004450276812404897,0.001337199270478958,0.500702499066297,L,Purifiyng
2.767504196931508,0.7286242995407082,-2.0388798973908,0.9998086800001279,3.581758354622914e-05,0.0001075790308915813,0.26327848042600116,E,Purifiyng
2.815717154004774,1.226513342718275,-1.589203811286499,0.9990006123882575,6.070093946297339e-06,1.823114051373974e-05,0.4355953654555871,A,Purifiyng
1.205860769831036,0.571377720797636,-0.6344830490333999,0.999156331011905,0.0002529054919470638,0.0007597730754701704,0.4738339077717048,L,Purifiyng
2.81481298117269,0.6085018923950481,-2.206311088777642,0.9999998604977838,1.359402808057309e-08,4.082855014548044e-08,0.2161784447013378,K,Purifiyng
2.803525598617588,1.225494868353985,-1.578030730263604,0.9927250624477737,6.795575190255096e-05,0.0002041134039502643,0.43712633441202525,E,Purifiyng
2.725498495705822,1.217427117531085,-1.508071378174737,0.9477017194796916,0.001271230080609037,0.00382289517542878,0.4466805318180181,N,Purifiyng
1.187448305884008,0.7829786622866235,-0.4044696435973847,0.9334864814539646,0.01559299542218066,0.04757410706053853,0.6593791564709228,G,Purifiyng
1.663689673047094,1.239314759331183,-0.4243749137159107,0.2805275676343337,0.02192868650405792,0.0673376392944652,0.7449194278289554,G,Neutral
1.220633503693118,0.6042672105630067,-0.6163662931301115,0.9995337235061782,0.0001082011613222883,0.0003250084894793778,0.4950439331173125,A,Purifiyng
2.78485874811139,1.226229228396029,-1.558629519715361,0.9812937034268797,0.0002342261341748524,0.0007036438157758937,0.4403200805885117,R,Purifiyng
2.814790040829724,0.7186761511901159,-2.096113889639609,0.9999999463621303,2.087970756152394e-11,6.271049100199888e-11,0.25532140613168774,L,Purifiyng
2.814759240374231,0.9179039002829046,-1.896855340091326,0.9999923796123029,8.27403821206346e-09,2.485039608917962e-08,0.32610387670700614,A,Purifiyng
2.726907958196314,0.7802395371521084,-1.946668421044206,0.998662957828212,0.000163811718447067,0.0004920756831354993,0.2861260992718617,E,Purifiyng
2.55635354881828,0.5049258004877658,-2.051427748330514,0.9999370807078973,2.061490503059265e-05,6.19164546959634e-05,0.19751798444357463,Y,Purifiyng
2.841359246813765,0.7695733325058051,-2.07178591430796,0.9999735882054268,1.056757635692591e-06,3.173888333393599e-06,0.27084689603005563,H,Purifiyng
1.146722088504047,0.781483099872219,-0.3652389886318285,0.8898451874293796,0.05255151465805539,0.1665886549054741,0.6814930205902814,A,Neutral
2.791195903470032,0.5808882124270202,-2.210307691043012,0.9998746200147272,5.422858225584649e-05,0.0001628799366423346,0.20811445434727685,K,Purifiyng
1.21764825819127,1.033875338026436,-0.1837729201648339,0.561752145460091,0.02650637012843753,0.08177733124175797,0.8490755282335676,A,Neutral
2.801897962493024,1.421033569735674,-1.380864392757349,0.8767758327334477,0.007784043404048497,0.02356214538500684,0.5071682083923184,T,Neutral
3.012065794242194,1.04596760613782,-1.966098188104374,0.9987151854188138,2.377507338230004e-05,7.140818276280834e-05,0.3472592159631012,E,Purifiyng
2.532793924931981,1.202992317423178,-1.329801607508803,0.8484886067065159,0.002242469993238389,0.006750212048605515,0.4749665204031492,H,Neutral
0.8826041849781572,0.4039867645897448,-0.4786174203884124,0.9499065362926316,0.02841910563169527,0.08785110524651588,0.4577213336006816,L,Purifiyng
2.849911215871149,1.221483032682269,-1.62842818318888,0.999329682301405,4.978994273694552e-06,1.495407583165927e-05,0.4286038897913145,S,Purifiyng
2.81551648906417,1.60593914709173,-1.20957734197244,0.76077778821463,0.0008068909128659687,0.002425387772118559,0.570388826820729,T,Neutral
2.707791773114502,0.7309029309224543,-1.976888842192047,0.9995878497793158,4.483787166433936e-06,1.346674778275902e-05,0.26992582597360126,L,Purifiyng
2.907832382803898,1.189441415817349,-1.718390966986549,0.9999997797806449,1.130485019950759e-10,3.395319137931282e-10,0.409047448144319,S,Purifiyng
2.778659396563799,0.9152556212952138,-1.863403775268585,0.9941437175583374,0.000407851614813831,0.001225448711321605,0.3293874817572299,E,Purifiyng
1.934798068414274,0.9868554621203206,-0.9479426062939534,0.8013927829213252,0.0267547765045985,0.0825647815071558,0.5100560509289374,K,Neutral
1.281229783784398,1.225652220859151,-0.05557756292524707,0.04690323967029879,0.0412455723991084,0.1292069104585996,0.9566217054671595,A,Neutral
2.809288253923379,1.219675123421607,-1.589613130501772,0.9967317305656194,9.31740211611615e-06,2.798431462840064e-05,0.43415805470237534,K,Purifiyng
2.686851802703536,0.460069755934689,-2.226782046768848,0.999999843806403,2.242565841883889e-08,6.735362925237414e-08,0.17123004531614375,P,Purifiyng
2.799664476310912,1.202049221971709,-1.597615254339203,0.9916659566727131,6.035200046794177e-05,0.0001812732290088016,0.42935474309251387,A,Purifiyng
1.565499495153517,1.206760656263826,-0.3587388388896908,0.2815956523184871,0.01134918981598674,0.03447765523452149,0.7708470427487988,L,Neutral
2.790091557382635,1.177812815183476,-1.612278742199159,0.9875903352920724,0.0001403977666166353,0.0004217323996258247,0.4221412777895983,E,Purifiyng
2.641831488403818,0.8213960105642818,-1.820435477839536,0.9945931386803653,0.0006914495724775325,0.002078149076229797,0.31091915368930867,D,Purifiyng
2.129526687098365,0.6364302779821055,-1.493096409116259,0.9997187487663056,2.785360814305054e-05,8.365836021752046e-05,0.2988599681975754,L,Purifiyng
2.790730637927785,0.804500800116112,-1.986229837811673,0.998901799019102,1.621790079671956e-05,4.870992629403373e-05,0.28827604828013137,R,Purifiyng
2.841819741999883,1.222122682549095,-1.619697059450788,0.9998181781492788,8.495149755833163e-07,2.551450796471586e-06,0.4300493322947523,Q,Purifiyng
2.240464265300156,0.7409358284904776,-1.499528436809679,0.9894734698774261,0.001484356124704138,0.004464769315932949,0.3307063808005945,G,Purifiyng
2.814107118173238,0.9130078852427557,-1.901099232930483,0.9998969323318714,1.717200281005292e-07,5.157471240580511e-07,0.3244396346346011,L,Purifiyng
2.760097590913659,2.813654836783305,0.05355724586964605,0.0007299692497786207,0.03433129203493623,0.1067770157993739,1.019404113117579,L,Neutral
1.214130823274705,0.4515286180279773,-0.7626022052467276,0.9999981596717364,2.556033299571377e-07,7.676838563405105e-07,0.3718945350634723,P,Purifiyng
2.814415969205973,1.22503013639975,-1.589385832806223,0.9997514432555491,5.342930615282035e-07,1.60470629341349e-06,0.43526975038638865,V,Purifiyng
2.814422349718984,1.228451087036541,-1.585971262682443,0.9986551813437313,6.135622284616462e-06,1.842795191140544e-05,0.43648427079865965,L,Purifiyng
2.940449803789533,0.6967041168010757,-2.243745686988457,0.9999831826246962,3.840190946609257e-06,1.153374317566473e-05,0.2369379391898449,E,Purifiyng
2.540673076868286,1.227463636030439,-1.313209440837847,0.8284817796293316,0.006048974861677975,0.01827816456660316,0.4831253761871045,S,Neutral
2.584587560060871,1.226498318822273,-1.358089241238597,0.8558014030954749,0.001591742407134755,0.004788289633114848,0.47454314869231473,F,Neutral
2.877036459009417,0.5074294066861423,-2.369607052323275,0.9999998916107508,2.709624492835306e-08,8.138135387037927e-08,0.17637225454586478,K,Purifiyng
1.458676369382998,2.814775940933229,1.35609957155023,1.752543712325661e-05,0.8478674272842281,16.73869249157931,1.9296781657769944,V,Neutral
2.745271299744333,1.205837508607486,-1.539433791136847,0.9608156390486836,0.0006549787983876196,0.00196846446147399,0.43924165481196176,S,Purifiyng
2.810400757427991,1.226119592628907,-1.584281164799084,0.9972151299337558,1.37159402152631e-05,4.119526773064786e-05,0.43627927063007954,F,Purifiyng
2.60366827522476,2.814668636773679,0.2110003615489191,9.208000498258475e-05,0.1318610649096245,0.4561872404982977,1.0810396483901945,L,Neutral
1.901449091566629,2.810609312471932,0.9091602209053025,0.002466755022105928,0.5707595053956926,3.993633951277533,1.4781407111753035,S,Neutral
2.813331318895607,1.225524842150113,-1.587806476745494,0.9990754299867244,2.877047377605434e-06,8.641000944657256e-06,0.43561340746428734,A,Purifiyng
2.814213078248831,1.226167938509042,-1.588045139739789,0.9994277063036491,2.079113364208812e-06,6.244459631986018e-06,0.4357054368008395,L,Purifiyng
7.177171867256819,1.207941620185938,-5.969230247070881,0.9999999997563636,1.022923919434953e-14,3.072268184556621e-14,0.1683032874963916,E,Purifiyng
1.296692906615892,1.222044152621912,-0.07464875399398063,0.07456936592445483,0.06587167427512686,0.2117912190597676,0.9424314318269864,E,Neutral
1.215767604180736,0.9934069593383054,-0.2223606448424303,0.6471623896863155,0.02727956165674451,0.08422967711000821,0.8171026731771885,Y,Neutral
1.107179905421704,2.80996299996104,1.702783094539336,0.0003366116972092621,0.9950070426660215,598.527472296807,2.537946169543944,T,Diversifiyng
2.707499483372804,0.8330335713834818,-1.874465911989323,0.9947580037778943,0.0004232079358796125,0.00127160851708964,0.30767635469527393,K,Purifiyng
1.9290688176489,1.224986438911492,-0.704082378737408,0.4510307433475209,0.01554859813479336,0.04743651187171088,0.6350143798418111,K,Neutral
1.927687110156929,1.225960234413888,-0.701726875743041,0.4480652930412026,0.01319239461348618,0.04015197710408813,0.6359747014722141,L,Neutral
4.537699219905008,4.076717277901281,-0.4609819420037269,0.1368725127208044,0.4337076369151093,2.300234717990189,0.8984106438827876,N,Neutral
3.639097085111088,3.199967962216291,-0.4391291228947978,0.1590927970624926,0.1431108465521945,0.501607122595738,0.8793301985013153,T,Neutral
15.49026259297663,0.9933173529315783,-14.49694524004505,0.9823592240409791,0.002719905478620167,0.008191292807198906,0.06412527527983637,Q,Purifiyng
