MLE,Lower,Upper,LogL global,LogL local,Residue
0.1005421279824872,0.04317729971740006,0.1946990754136315,-119.8132063012781,-74.11215315553245,M
0.4953459047543852,0.313393705820766,0.7410239989385513,-134.1945537402841,-127.7917415460479,K
0.705224564969477,0.4611762822056536,1.025666934072884,-149.0765461606975,-147.4204637431333,A
1.140349696734826,0.8139158883700175,1.552630431609446,-202.4202923762347,-202.1133191648781,A
0.8219105512360992,0.5603670529599935,1.160612578469417,-166.1741198828293,-165.5809781150221,V
0.710062357952987,0.4219998397208463,1.114826156754851,-95.9301733961079,-94.8593304859494,L
0.8474826455475033,0.5898092580523203,1.174751374938041,-190.0767539493037,-189.6075001652841,T
0.7262709517742755,0.4342191906005648,1.137370540439432,-109.5345738205516,-108.5938652945274,L
0.6052026583140572,0.394392441142301,0.8846464084842022,-156.03679462342,-152.5451766188593,A
0.9426220013300897,0.6164402512724545,1.375635089597947,-139.7847035030773,-139.7423263444201,V
0.9107553778968691,0.5663648269567202,1.387850349571406,-128.5665633807528,-128.4802498671127,L
0.7202561061193947,0.4483894322362101,1.088729730075535,-128.4617689156843,-127.2840018012727,F
0.7604594411249562,0.4766932983613729,1.146294027769276,-136.1190048478717,-135.2972644997574,L
0.5961685315070527,0.389736611451527,0.8678214125244055,-151.3932946609401,-147.5778997499874,T
0.1319266001213477,0.03278270082386758,0.3426152509682607,-39.50131044861177,-25.95913605101083,G
0.2797075660017728,0.1602711299413411,0.4486902488832581,-121.8287724818748,-103.2537207922514,S
0.1487937818495404,0.07132936344154053,0.2694686173421244,-93.1606539844498,-60.47375872383064,Q
0.06606738205562249,0.01640738267376439,0.1718848821808796,-59.33822704495731,-26.36503849396263,A
0.5793675955974166,0.3720642068493109,0.8554167423524297,-158.2065269963642,-154.2442676363448,R
1.01866204957838,0.7227780331978653,1.392350048831748,-222.6735645428641,-222.6674911223655,H
0.7676783397746119,0.4879299264882153,1.140997305993447,-119.0833576005434,-118.266465700189,F
0.378249269396057,0.1969101213881218,0.6478637746548531,-86.49978107425336,-79.14989920895646,W
0.205001315059548,0.1061188377593045,0.3528263859015322,-92.53485632378461,-68.52355738773704,Q
0.729884578327359,0.5075328297912602,1.01360318126505,-178.7957845136839,-177.0371088019623,Q
0.312224416483154,0.1419203295702023,0.5871989761222886,-48.58771811018306,-40.72616524702985,D
1.269198700421008,0.8322854615553911,1.86765846727752,-129.7202653920297,-129.0820415201173,E
0.3754730278555573,0.1715232686538607,0.7013068120721486,-56.26730714796452,-50.88889116841033,P
0.5130303997252084,0.29297898803584,0.8278685059703978,-96.2676062858465,-92.30736009143469,P
0.39955950482625,0.198869993683341,0.7086724958800824,-62.18519224188979,-56.66473855764293,Q
0.5895704799771563,0.403826114942007,0.82801612564293,-159.2227740021694,-154.2799716096057,S
0.9261699024685682,0.6406316573167717,1.294988453489394,-202.1254560148051,-202.0317431201008,P
1.029169030826032,0.6443653895537935,1.54932289462661,-102.3967802894958,-102.3882916614401,W
0.7040277666080241,0.4653089332565724,1.019086235055436,-135.5091820174311,-133.789116771585,D
0.5889394429272076,0.3893472525953091,0.8507143444013705,-140.3422450047676,-136.1553610058188,R
1.177390593745127,0.8397960992465735,1.603861489968825,-192.5387627330111,-192.0680320983607,V
0.5637174245614247,0.3640486074823391,0.8308253897718431,-132.1440003948515,-127.711121503728,K
0.6493887321651932,0.4289710194234722,0.9386025604789505,-121.7123200950396,-119.0221499554391,D
1.034194962327925,0.7275631928849574,1.425741938438737,-179.609533050557,-179.5903778587731,L
1.728277523939097,1.287592651935374,2.273738697457947,-229.0232979064133,-222.8156646837629,A
1.26465069630915,0.9326054196797335,1.680778451655722,-241.0395491252889,-239.8782433426462,T
0.9470421080324941,0.6608300013911175,1.314165341738992,-179.9960998207404,-179.9473253614507,V
0.0791630098071169,0.01315566377075203,0.2451469883898096,-37.28828451966438,-19.42241089835853,Y
0.8492383524509223,0.5521369198345107,1.246143335568673,-125.1961032800951,-124.8697745855893,V
1.083257735650899,0.7717171558445921,1.476943753542672,-185.4937511101547,-185.3796693186002,D
0.6850995198241432,0.4758679561825646,0.9537506921766897,-175.2905144664023,-172.7458835522974,V
1.279029925405256,0.9352668255834817,1.711756172493294,-206.2454588713098,-205.036750904174,L
0.3881758135150092,0.2306927762352304,0.6075308863512968,-100.4768791937407,-90.36565654915793,K
1.246060144595345,0.9035806984825213,1.676959250291257,-183.8529395301839,-182.928718363351,D
0.951646262395831,0.6866988445031255,1.284428514484536,-205.5764551858666,-205.5274266025615,S
0.7372306186872664,0.4657917565311488,1.101749263379242,-113.5842697584037,-112.5114621166277,G
0.9197792510203856,0.6513838477702286,1.260475171966797,-182.2000987627979,-182.0729808678511,R
1.12499323386918,0.80255758678105,1.539700158045825,-182.8025110855287,-182.5555429592481,D
0.6761720752860398,0.4327154371603394,1.002550455098798,-124.7674267280749,-122.872944512832,Y
0.7076410648800766,0.4698532981316484,1.01960023796049,-118.1807601808542,-116.4687462756334,V
1.541609843915378,1.157695809492665,2.015670824894936,-256.3808823474801,-252.1506285888389,S
0.467696277929985,0.305438881722392,0.6823521418209679,-145.9134549576,-137.1496193234261,Q
0.6516515479318911,0.3981079809588972,1.001111888472096,-92.03118499558823,-90.12099273310963,F
0.3652977568901118,0.2090173602723671,0.5882227393264255,-94.51453229194621,-84.2603063709607,E
1.175085375234398,0.8590056045372182,1.571114461308193,-227.5181625365755,-226.9888692338937,G
0.2799388511678577,0.1607110927697173,0.4481301154052739,-111.0187722060158,-92.26529200462457,S
1.063125572015492,0.7578833292301285,1.451842381114256,-184.5762503031044,-184.5075816961306,A
0.9700367984447869,0.6333051264763526,1.418756213387366,-114.0912514485105,-114.0807508477673,L
0.6383909583894242,0.3204918653718839,1.121159781474048,-54.00455790489502,-52.83231487097187,G
0.547532360996862,0.3562934487202769,0.8029612253053791,-142.4783956997191,-137.4190370505159,K
0.5896069027666538,0.396543514283864,0.8417703780031914,-147.6755273595695,-143.2313290675884,Q
0.5847421636913525,0.3260721345749918,0.9614000127789767,-84.70075716495818,-82.43634281592963,L
0.2466855446487074,0.1317842097015767,0.4154266322806653,-92.21442210664368,-73.03876570141499,N
1.275345658443681,0.8641246930632144,1.818713502822022,-167.5948964982595,-166.8172501682892,L
1.04937665504849,0.7494282919281423,1.431082049051675,-213.3229363796794,-213.281159122837,K
0.7699203475094792,0.4870715171303032,1.156267919329716,-112.8143229220849,-112.0520826931933,L
1.454642606571017,1.059233222256249,1.955492250917982,-223.3811470351907,-220.7374982533651,L
0.8994426677377885,0.631649842591382,1.242705429139775,-164.4116839789865,-164.2162381901955,D
0.4855140608409658,0.3120904084381312,0.7156792597898782,-137.6200497680212,-130.1878649599038,N
0.9375927633703109,0.5907761704099157,1.411101673100105,-108.3489580196929,-108.3056850283819,W
0.541085272444768,0.3365070243799896,0.8173173577248091,-110.946413910058,-106.3937056967137,D
1.134804463165895,0.8372712049682783,1.50500330684803,-223.2445966471,-222.895757561021,S
1.052629904604045,0.7142483209997997,1.494420263445873,-143.2580199962881,-143.2214193985711,V
1.175064415005654,0.8720562881210477,1.551858142004466,-258.5754736388184,-257.99307674669,T
1.439199274745877,1.083893660503692,1.878088682578441,-271.2985054991277,-268.1913911729397,S
0.9387375626522046,0.6603477045286547,1.291113038152235,-193.3257826438905,-193.2558656620436,T
1.526570300213464,1.134891744794947,2.015653743165046,-242.2779968631226,-238.4831987909973,F
1.398018050762972,1.036102520879562,1.85562944274375,-244.7122543716494,-242.3282416331171,S
1.110982546295799,0.8044111189313704,1.497697788238973,-195.6011318935532,-195.3835878500912,K
1.16496714669561,0.786419127683677,1.666393264604256,-153.1426157863106,-152.8345823099706,L
0.6857233383812223,0.4704136820657199,0.9632827529187319,-169.5601447216146,-167.1675902214386,R
1.015885888213765,0.7129990347219102,1.406059425121899,-178.0438389901087,-178.0397099329874,E
0.8966438740606447,0.6436324406407399,1.217768445789976,-202.4791514416897,-202.2470508524545,Q
1.103292084858873,0.7651428807958762,1.536625403905939,-161.3315921516054,-161.1821052689832,L
1.038942969676089,0.7274242957698223,1.437374895637551,-179.6433433436887,-179.619473586263,G
0.3993515426709137,0.182454804217781,0.7440122313847892,-63.22194045937314,-58.55154026808029,P
1.270260278748219,0.9154503632070716,1.716232668966035,-196.0803818811501,-195.0306092907807,V
0.8339420136930765,0.5719675796191735,1.171596267530405,-166.5008297921159,-165.9771483945067,T
0.6131065188664082,0.4092454636470597,0.8805541639367908,-135.5470432958425,-131.908211916392,Q
0.9989224238145872,0.7021532716322657,1.379015041845934,-180.1115717137743,-180.1115511012546,E
1.185938731242635,0.8318383342920617,1.642622079864934,-169.3318729965733,-168.866473019076,F
0.8647808417694455,0.5566476643734295,1.277583447457366,-133.6286486822139,-133.3809730390115,W
1.895073976173714,1.424599764704521,2.476725044174321,-272.816780366858,-263.9738423667071,D
0.9131675629226225,0.6597442501787784,1.232201138854502,-197.4134871934491,-197.2461892564505,N
0.8717341173238642,0.5734089224135899,1.266024513414435,-122.6415629534365,-122.3990058315263,L
1.476115271801391,1.080477630985448,1.979468099086905,-218.4179214079994,-215.479276629534,E
0.8410633572225038,0.578536855542619,1.181439333965531,-149.9388591331848,-149.4622907157836,K
1.076148448061808,0.7551102399404673,1.486903568946099,-178.1271879909118,-178.0379197531865,E
0.426046429017377,0.2577911905838721,0.6566250824223105,-119.6924790246402,-111.0474493840381,T
1.306048979298075,0.9405428968518841,1.768003704481609,-209.5451461468226,-208.2550246699388,E
2.587678216749423,1.935871657306042,3.405786392553944,-317.6272703531598,-299.6135485191529,G
1.142203175998629,0.7332510123671081,1.694952711948605,-127.0005206507469,-126.8122177241382,L
0.4266462289383764,0.2544047789496868,0.6652262677553757,-103.1449991964768,-95.03075692476538,R
1.313665656204183,0.9636340485170004,1.757468357457573,-241.4687176594308,-239.9670473521069,Q
0.9084347540598685,0.6329822354551884,1.263581736711695,-186.961241669008,-186.8070468402567,E
0.8559938136331198,0.6102423623821357,1.165045455602284,-151.1695654309306,-150.7039276208805,M
1.272704129730433,0.9578372880383839,1.659089139662959,-281.60046849689,-280.2024342903682,S
1.05001759981937,0.7412608431511497,1.443542066236404,-192.4768784959661,-192.4363216184883,K
0.3286270461385107,0.1767668422758555,0.549511159848749,-75.30835272976547,-64.12264874736994,D
0.722557867827871,0.4615472221232096,1.074046489200828,-111.3193834400202,-110.0565228998526,L
0.8163643865303253,0.5539588571637335,1.161778927464104,-142.9272962713746,-142.3175937048971,E
1.791357554885854,1.333219786826114,2.364059694552824,-238.8380122248222,-231.858752620985,E
0.7893558140479419,0.515649371548751,1.151598662763062,-121.5969265595932,-120.8739095744108,V
0.5584479183616574,0.360762461407827,0.823249938937335,-133.0175872333735,-128.4228229947576,K
1.721962687292943,1.313390264421154,2.227154782767464,-287.2460358174055,-279.9676940458941,A
0.6305390888615725,0.4179486002605554,0.9107904730937105,-141.2899406186105,-138.1870037336774,K
0.6241296603439577,0.4093775080193929,0.908228295285735,-131.6673251822168,-128.5471697397236,V
0.5182782156785637,0.3356251265343709,0.7611364921114264,-137.6228985862869,-131.5067710833329,Q
0.3861041664850554,0.176179666108352,0.720187818800666,-59.57706329412431,-54.51937189316415,P
1.283474926567159,0.9013336835935154,1.766621678918928,-189.6189867264275,-188.6318467795917,Y
0.709438735623454,0.4433040796790808,1.071323967256531,-130.1948468940084,-128.8909845680099,L
1.156085612913065,0.8224230187063992,1.579560119202579,-175.2731735293079,-174.9063746031883,D
1.417773830107115,1.043286758214036,1.89117896777484,-227.3943886237629,-224.9295389254326,D
0.3926977159317658,0.2095249791211371,0.6629563990465647,-70.17009113980532,-63.09917480053808,F
0.7679772287924806,0.5408621765862875,1.056478924969575,-181.31558169633,-180.0201367710362,Q
1.10301019422424,0.7945931410166885,1.498893184388949,-214.6149680857414,-214.4334231215275,K
0.4277219168978859,0.2584403407985197,0.6609592505403512,-112.4651760838015,-104.0740556689014,K
0.9194186116141672,0.6037557949766748,1.343126080846681,-116.2854602162401,-116.198093920148,W
0.9848522135289302,0.7057491309552768,1.344454113717521,-220.6351570302516,-220.6307650296344,Q
0.7375276582049254,0.4942032219211606,1.05654796020526,-143.4725111351346,-142.1163497186434,E
0.5106758126167935,0.321176352190848,0.7659096356724202,-116.9298531511361,-111.1656102255556,E
1.633449118172215,1.226198538267635,2.143547179107554,-257.8089779301877,-252.4336630229219,M
1.305715881596436,0.9438591883759758,1.766671068481578,-201.6200819652736,-200.302668139789,E
1.669707433554587,1.225045912079136,2.235311539074407,-262.4837384131017,-257.4558918436407,L
0.3764056502576234,0.1802942494493329,0.6818419884630293,-59.69806365527668,-53.72700139683038,Y
0.3844033459753368,0.2281104729068487,0.6026336519029282,-116.2908441642192,-106.0081991998998,R
0.9198116604765131,0.6590151945342577,1.250085018244187,-190.7486129459096,-190.6139849845187,Q
0.6928286273611559,0.4665127808737077,0.9880679616326963,-154.3792928036616,-152.3195689270213,K
0.5994114711021211,0.365932020132921,0.9208501310091395,-110.1874576043778,-107.3860918675466,V
1.472481728748156,1.085937503812064,1.962057836394357,-239.474875831072,-236.4350155258897,E
0.2408680809346422,0.08657398986818023,0.5166519023438,-45.9096687075997,-37.23432887808099,P
0.7739657602320344,0.5107142897165978,1.120114428147012,-121.2552889175801,-120.3642762748541,L
1.81885647778681,1.356654908936023,2.394632587892268,-245.6626105901832,-238.2427762939295,R
1.772384336752075,1.342158997038828,2.313578934951075,-300.9045370521031,-293.209031528425,A
0.7628432137675634,0.5152874399221924,1.086066926866764,-140.7761992691105,-139.6732859970536,E
1.10936841114463,0.7201378515847299,1.626031456674395,-138.4070492347006,-138.2851392691602,L
1.381949894834255,1.016905438881797,1.843529367025916,-248.9800466743733,-246.8520395380197,Q
1.32739776162156,0.9605363368614384,1.79762548124244,-211.7065897236651,-210.2212840886645,E
1.263610963920518,0.900963842845727,1.734408447452737,-207.2792865766223,-206.3387066344004,G
0.6932309994462462,0.4669313255932637,0.9867069790240303,-146.887112211193,-144.8095596034786,A
1.155911157749315,0.8334875627374899,1.564994739124258,-205.6248904300499,-205.2304518265934,R
0.7521858313146107,0.5213708114559241,1.049300237420102,-164.4870499106647,-163.09975847895,Q
0.6045574337700469,0.3953831815009171,0.8803606968908559,-138.4538560672875,-134.8688068822904,K
0.7820957759735349,0.5283762335317772,1.112573553545618,-150.0524834599255,-149.1456177888516,L
0.89480073464374,0.629579831333791,1.234986079916283,-168.4485672138984,-168.233918420227,H
1.111358435252579,0.7841849662428522,1.532880742829452,-190.1871961410215,-189.9993905756511,E
1.093831019784521,0.7261480646435626,1.580255969329628,-127.5784816916379,-127.4778964690212,L
0.8511155413011168,0.6065784849504183,1.159774308921959,-200.736883643976,-200.2363074862397,Q
1.620631176312604,1.205539489598408,2.143149674791883,-255.2632689696573,-250.3513583458254,E
0.500196959060801,0.3176776537977876,0.7450662898907771,-119.0287168602432,-112.6580895721518,K
0.8732742863569005,0.5761698337078716,1.265200399452263,-113.9872240969739,-113.7467824953355,L
1.726938301481886,1.303975997883177,2.251233897270585,-274.4389432767923,-267.6014469919189,S
0.3944357717348909,0.1801163046411638,0.7355982723429162,-60.46822553289882,-55.66872236777168,P
1.366002273106027,0.9591976148075343,1.886893198694609,-174.5717135549948,-173.0601612313986,L
1.152633244591559,0.8190543988271338,1.574216242318939,-181.0557947196833,-180.7053244097174,G
0.9732654265059646,0.678073844498978,1.359609895186167,-177.8420444795535,-177.8309921851431,E
1.056620777343902,0.7463478243768001,1.455564393320666,-169.6492374417575,-169.5974202046772,E
1.514570018630219,1.08589799300211,2.05824487702187,-202.1822555379208,-199.2549385626056,M
0.3291755687666335,0.1886659107348871,0.5280730779716792,-93.32997021055543,-80.0885519503623,R
0.8289215741697821,0.5631937723650922,1.173297716145161,-158.3577678677624,-157.8232896520946,D
0.6683636568792136,0.4465091438610316,0.95896990157038,-151.213359556052,-148.7912351746882,R
1.25407650791639,0.9046557734714926,1.689951322793219,-202.3874993429461,-201.4392459002235,A
0.6178197955004487,0.4044147047503771,0.899792864625004,-138.9547583246952,-135.6975291693216,R
2.185740723681045,1.682618551054648,2.809200296060668,-321.9975024209568,-306.5627164621353,A
0.308606282111881,0.1776966081530695,0.4919523869364084,-106.4033479788525,-90.49463118398988,H
0.6550649864455201,0.4267200918612325,0.9580720798653908,-138.1786239759555,-135.7700828803505,V
0.6682660502748448,0.4344846735282808,0.9779282925750293,-117.218386605179,-115.0509074958102,D
1.175031854578123,0.8456266459535573,1.594978857238107,-208.1447746989601,-207.6639515820509,A
0.326683939187875,0.1689283921215232,0.5639138435289378,-77.1481151299397,-67.27276272003645,L
0.1919717614953894,0.09194860993581751,0.3480230851002257,-69.35352254311505,-47.4336293548222,R
1.329193991909628,0.9835373991625627,1.760445842786172,-227.5952717107021,-225.8735050345064,T
0.9356131701492646,0.6636763203611034,1.2813697169127,-197.9887875644704,-197.9084691747585,H
0.8460961775103751,0.5271532141635532,1.285392810005716,-110.4820892901783,-110.1962712514733,L
1.192011936824419,0.8750988378464853,1.588423702310729,-230.3350804461766,-229.6935296089327,A
0.4852727758229761,0.2428432830544881,0.8528980671186277,-61.73749392407404,-58.39185013388417,P
0.7939675311414512,0.5340726686282861,1.129345747964356,-142.5987050625129,-141.8072492250897,Y
0.7869470869675289,0.5481693291162295,1.090516393537661,-162.8109449123736,-161.8017382866115,S
1.11090545747515,0.7940090796742276,1.515449621328208,-162.4561887733099,-162.2533812619245,D
1.5832041395075,1.177601471466645,2.093924788929302,-245.9175493937385,-241.4569282302908,E
0.8312100514410501,0.5572866112944471,1.191839347690465,-129.9786381364641,-129.5006893820488,L
0.4920987376641093,0.3088580457169238,0.7394369015517009,-132.620998363836,-126.1932722518586,R
1.293864031241968,0.9582334836061998,1.716153698022214,-238.6474322996037,-237.2198048159319,Q
0.722319224078219,0.4847008831478449,1.03338249438979,-159.2124262457102,-157.643377723396,R
1.708695030258846,1.211184800144139,2.34452869978906,-166.094334828427,-161.6782667043311,L
1.137687574179559,0.824362536467045,1.531051613262331,-218.6488302026104,-218.3247207484674,A
1.438377618409478,1.064315769065264,1.912357205653906,-255.7953743824731,-253.0361145144155,A
0.6475525180596702,0.4264413548843328,0.938504894320064,-151.8431845241085,-149.1572228095447,R
1.099905839596594,0.7182330246843011,1.616708732440591,-123.5027008415465,-123.398920661025,L
0.7434518967342422,0.5070629757919375,1.049939187064933,-150.0695266444228,-148.6712248462239,E
1.651809320944125,1.220252679405696,2.199620172171184,-252.0623678197482,-247.0057964947472,A
0.8251913888345407,0.5096824713428199,1.259885132612884,-109.4093716398751,-109.0392982602476,L
0.6563989701611898,0.4379131670235886,0.9433350986897455,-125.8852185387694,-123.2512933014756,K
1.594952346232461,1.173499383936101,2.130644506376157,-240.1144446998533,-235.8173703785835,E
1.225513060749572,0.9121408126234882,1.614159223189344,-255.7455343101709,-254.8127345632791,N
1.303530610081251,0.8777121485196404,1.860941056579202,-134.019609480879,-133.1247512187658,G
2.425810816894372,1.808804167569861,3.195554475042126,-238.3681038297076,-223.1721932234283,G
1.274037864116639,0.867250777191002,1.801247599423401,-158.7438624220142,-157.9516098548575,A
1.610350115133046,1.198732086177155,2.115916976799103,-246.9369869539961,-242.1777491739257,R
0.8429297861150452,0.5544177037974397,1.224301426106478,-146.464519335195,-146.085040196972,L
0.8670587285651188,0.6062351186951918,1.202281141040444,-179.103928345259,-178.7578834459834,A
0.8853200731681342,0.6140133281183058,1.237160812620236,-164.2170488713305,-163.9761528975999,E
0.707227769150333,0.4077518356587226,1.126908220733532,-79.07327978099701,-78.0553111508473,Y
0.8423391346691091,0.5980056647197268,1.150608833777909,-174.4699146887291,-173.9112661738456,H
0.9866899825701075,0.6935117569581465,1.361826425694018,-175.412530718451,-175.4094768151132,A
0.5503417909993827,0.3607730230221572,0.8001863737769123,-128.3420501417224,-123.1043924882159,K
1.212394011503206,0.8679850414465974,1.648161490913128,-181.3360337208302,-180.6734883045011,A
1.672971686302668,1.253245614233243,2.207275966330844,-275.5328876354031,-269.6837841744729,T
0.9516242407703218,0.6748467845377155,1.306571375452844,-183.3701985725956,-183.3260805442081,E
1.203734618925659,0.887954754335631,1.593966612425465,-241.37584563405,-240.6389295202787,H
0.3265550696279966,0.08254454437924037,0.837275182749707,-27.59450721912347,-24.6928669178564,L
1.433526478772031,0.9390058295763473,2.103637099240335,-138.6245002144424,-137.2113020284685,S
2.439070340344431,1.706871292438972,3.390499322394014,-181.1511632945672,-170.6386511404015,T
1.06923143079153,0.7239888835748853,1.524298419493301,-161.879711980884,-161.8180885514385,L
1.320102275689365,0.9693343690994064,1.75956746184963,-248.1489797260851,-246.5833805905314,S
0.9663490750962814,0.6762312596324082,1.339318042466245,-165.9050915907012,-165.8855047674813,E
1.020483045058745,0.7246133129027517,1.395990088536347,-176.2392216599953,-176.2320338676983,K
1.770765881321771,1.331658626063446,2.312805478531014,-259.0828245953812,-251.8576672925199,A
1.63437785040607,1.216622462640781,2.153688445672477,-242.8030024045592,-237.7274105882437,K
0.77510811378931,0.4739867654209776,1.187372857531277,-89.96735503817274,-89.31912227770553,P
1.578537207113169,1.13696840773886,2.136889772114858,-190.023932256354,-186.4275452108332,A
1.958132881390084,1.401149231534385,2.683146587209889,-214.6359203597812,-207.445174793205,L
1.108865324740248,0.7868409343430027,1.523687830034089,-184.5153102029976,-184.332020607048,E
0.8833771079743954,0.6049509351196857,1.244068599315033,-159.3429180358356,-159.1054632221455,D
1.121694492106449,0.7417219553164235,1.62508213254701,-132.2223174312447,-132.061333251322,L
0.9154172128302045,0.646876145224554,1.257342226680887,-176.6684596200684,-176.5293144370642,R
1.263870447627752,0.911969253353355,1.710233542242944,-220.3127855396767,-219.3008223639349,Q
0.9860671472313669,0.6768702909736479,1.385832763254509,-150.0344786662786,-150.031417998206,G
1.143895766435512,0.7941094486152716,1.593766000045182,-165.5057830632523,-165.2289353824575,L
2.475922027517963,1.881895382532396,3.225195360561844,-328.5608542833234,-309.9362473566816,L
0.8067163749516105,0.4768384575344479,1.261053027023659,-100.8584974626179,-100.4493241486786,P
1.567411551943329,1.120819625640922,2.131189168993027,-214.828828006028,-211.4864880392819,V
2.269456552772299,1.69329487921875,2.996802240949435,-276.9642386656984,-263.5471796190389,L
0.6831265719559372,0.4517122472802298,0.9897716332381775,-147.3481291578817,-145.3137279703888,E
2.078301302032965,1.612320018042301,2.648100987001358,-343.7764466013408,-329.4481626645547,S
2.198045528495492,1.630412857743928,2.910882400182485,-275.1565530337835,-263.0580301045128,F
0.4913474215192712,0.3074052376827552,0.741692126971648,-123.9203756001378,-117.6495682048061,K
2.31511154998727,1.771110211797724,3.001112505894412,-336.3673662388163,-319.5211463638606,V
1.226031781996788,0.8874452032893352,1.654147400589416,-226.9044618322508,-226.1186531069869,S
2.654144136176262,1.996982191883676,3.464592499077755,-268.2763730013896,-249.2071217554127,F
2.219429783646389,1.669780487387605,2.924070645672799,-305.1225485441082,-291.3571587652703,L
1.983421376988774,1.508977167151425,2.58422775016882,-327.2464180461542,-315.9995013922053,S
1.626754449689825,1.216996905221957,2.134643539722099,-286.7816223204289,-281.6237385119607,A
2.18117483515531,1.637701163805192,2.847252530672882,-258.655743983942,-246.1350252739283,L
1.999771290231458,1.476806047338455,2.6539829339763,-235.1804728242385,-226.0217268652326,E
1.455803615498185,1.064496667935666,1.947152383175987,-214.495826867725,-211.7755329680972,E
1.204044046221977,0.8577751641673828,1.638107218372866,-170.1043571756748,-169.5014886216465,Y
1.846081885651514,1.385607063388405,2.429421830684463,-273.7464029949257,-265.5436634667485,T
0.8820136403293869,0.5976067632841592,1.255833860546271,-149.8767887279537,-149.6487862064961,K
1.465616053310092,1.079669789478169,1.95033476892278,-244.5172771354186,-241.5667883254304,K
2.473760237618786,1.790496699404733,3.369610288426133,-259.0168981026536,-245.4660576817059,L
4.948555595865268,2.738230685601146,8.30116123742256,-108.2657588226087,-95.21718286969967,N
4.024816112543138,2.06310502978469,7.907529271642229,-92.42560582956021,-83.83662064980666,T
0.9145002669451741,0.4358703731540338,1.764308791315427,-45.90698520479832,-45.87331320438797,Q
