alpha,beta,alpha=beta,LRT,p-value,Total branch length,Omega,Residue,Selection_type
9999.999999887294,0.03217000771317667,0.03871984501375454,10.72357504916346,0.001057790975568129,123778.8556037532,3.217000771353925e-06,M,Purifiyng
0.5931192845990555,0.2055393840033072,0.3109162788824408,12.05304534211035,0.000517078379832947,16.01855294107165,0.3465397085212807,K,Purifiyng
1.576526360501819,0.3536295773333217,0.6348157143379237,25.93560796104913,3.529973409133191e-07,34.44270980644916,0.22430933360401217,A,Purifiyng
0.8931643060913765,0.4617466205172204,0.5740339320267747,5.460539171914775,0.01945064405674513,30.54850504302544,0.5169783626238873,A,Purifiyng
0.6327408377089664,0.3529720823900938,0.4450950785206232,4.628529235818633,0.0314445078441985,22.73301191519346,0.557846216577609,V,Purifiyng
1.002371156131998,0.2364332421244221,0.471288507963961,23.69385343269028,1.129426791202093e-06,22.38838834707458,0.23587394816585008,L,Purifiyng
0.5700563548866353,0.3616714651970661,0.4219401009014756,2.658215072469716,0.1030162779137737,22.32437307427503,0.634448615644308,T,Neutral
1.136829505677809,0.2484117046894956,0.5224013707089098,25.09740377524861,5.450619342539653e-07,24.5583641042552,0.21851271756127205,L,Purifiyng
0.9094923578324755,0.2505385840925312,0.4131538246290741,22.3775714653143,2.239743822407547e-06,21.83423032925231,0.275470796356795,A,Purifiyng
0.6949006778141855,0.3442882987475198,0.4516718357356133,5.045832846181554,0.02468523803141953,23.13581539571009,0.4954496516401176,V,Purifiyng
0.7247383264600962,0.1536728926673265,0.321997345291511,19.35144731828626,1.087367995700195e-05,15.45809960095219,0.21203914165534019,L,Purifiyng
0.4094979605469571,0.1483673044635889,0.1959999389021369,4.559285759982174,0.03274072475030831,11.33215200640444,0.3623151242692835,F,Purifiyng
0.8573795420552145,0.2323257352282548,0.4144924909183809,20.35155860930479,6.444057826793248e-06,20.42031551661918,0.2709718669882763,L,Purifiyng
0.6467074836757147,0.1734134762050165,0.3230498010101719,20.12580168293357,7.251184151346735e-06,15.32562377351927,0.26814824411707755,T,Purifiyng
0.458182791022969,0.01545282503566882,0.121228500426351,39.56756476166024,3.169031703720293e-10,6.323629910156938,0.03372633223776875,G,Purifiyng
0.5056108354233545,0.1340829066816539,0.2014159533128671,13.08041605046662,0.000298399169306629,11.91878157691317,0.2651899391542599,S,Purifiyng
0.6415286362734034,0.09818632290450911,0.1490407189625396,9.972706898203256,0.001588777415160836,12.08572438901384,0.15305056914507642,Q,Purifiyng
0.519500373552566,0.0244306691756756,0.1610874800498998,44.18244773146233,2.991518144312977e-11,7.461613153848946,0.04702724082488763,A,Purifiyng
0.5905921390622811,0.2735532261669369,0.3619251033927439,5.989694573994825,0.01438969369212739,18.8585516205255,0.46318467191465484,R,Purifiyng
0.6212706184996267,0.4613185676192267,0.4920231181381096,0.8279730644179608,0.362859294165301,27.16500229578899,0.742540454807463,H,Neutral
0.4488615164119991,0.2584593870920358,0.2931285128546007,1.708757917473406,0.1911466037527246,16.46704244538999,0.5758109743023775,F,Neutral
1.453847970993386,0.05739166789460914,0.08359477477117198,6.603063918667743,0.01018034360149589,20.41821866153257,0.039475701063429985,W,Purifiyng
0.6404827941727411,0.1135634378645446,0.171043817062371,9.655019231499892,0.001888349165179881,12.72194101573372,0.1773091157136003,Q,Purifiyng
0.5903009866056954,0.4272317439935489,0.4736643361582745,1.314804864487314,0.2515265477883749,25.34265524141417,0.723752380036132,Q,Neutral
0.392325497776416,0.1001927122026307,0.1604549279464728,9.865054238750787,0.001684477108445215,9.085852231533316,0.25538159709346736,D,Purifiyng
1.329123579286092,0.2748645474843702,0.5058708818574768,33.34184872095125,7.730114548465394e-09,28.05526784087128,0.20680134772118583,E,Purifiyng
0.8114130707958102,0.1495153985644447,0.2638849205830037,3.189955949243085,0.07409200822077389,16.35542471588197,0.18426545485372128,P,Purifiyng
0.8459234789479803,0.07409276463183873,0.2537930550544045,49.67844753093328,1.81121784237348e-12,13.59853657484176,0.08758802241070676,P,Purifiyng
1.910396826467287,0.1847348405274766,0.3381864292829124,21.35080099412741,3.824609259406309e-06,31.44519805242096,0.09669972121398933,Q,Purifiyng
0.8646158395391955,0.4346516819428014,0.5501153769830796,7.624228676228881,0.00575892945300216,29.05129667480109,0.5027107555356062,S,Purifiyng
0.9087557074417436,0.3744457123283797,0.5034522580134521,9.899521208711349,0.001653217787621064,27.05598777522502,0.4120422125132939,P,Purifiyng
0.7692654630206963,0.2942967439044309,0.3892448712610667,6.448295631732947,0.01110588319814565,21.94583569803391,0.3825685124986732,W,Purifiyng
1.16127367836733,0.3032061611352114,0.4402935365867128,17.75323785542963,2.514891092453286e-05,27.1741361226979,0.26109793650149565,D,Purifiyng
0.8232983037133357,0.3371621071131771,0.4737483326656986,10.15946332027306,0.001435624067597674,24.42424907037669,0.4095260558566311,R,Purifiyng
1.028828434715615,0.531058725195748,0.6278139277734616,3.289884454775802,0.069707927515134,35.1538083099567,0.5161781180188137,V,Purifiyng
1.231123790175575,0.2093220152777647,0.3440578156393123,24.04616205299925,9.405354365332741e-07,24.07530098545308,0.1700251566480675,K,Purifiyng
0.6571376085248405,0.2758974812612197,0.3697012836812208,8.682192190417197,0.003213342413028064,19.78120009239005,0.419847346555863,D,Purifiyng
1.116465988171227,0.4425288842271464,0.6178937455427851,13.13069069867652,0.0002904976601647569,32.50117953628045,0.3963657549049115,L,Purifiyng
1.259932147712279,0.5706191926873195,0.7443301996682654,9.595054253987087,0.001951021596626523,39.684440825068,0.4528967641022741,A,Purifiyng
1.258690879474149,0.6581994191984291,0.7855814226163028,6.143901612681816,0.01318660449099229,43.36637217921199,0.5229238011746054,T,Purifiyng
0.7673954073262786,0.4590903674108012,0.541597993211215,2.969949953758487,0.08482447859783959,28.87963244505443,0.5982448722365192,V,Purifiyng
1.854944160959919,0.04938927216180038,0.2439541209670007,68.25871227576346,1.110223024625157e-16,25.04505700130823,0.02662574604738604,Y,Purifiyng
0.5942243718316438,0.3304628995502692,0.4113997648697134,3.540354901650517,0.05989264478647249,21.30601486120908,0.5561247825154776,V,Purifiyng
1.262883075031402,0.4649927129683795,0.6175946668593097,14.19781879816048,0.0001645611575377126,35.26182880171001,0.368199338610043,D,Purifiyng
1.187646836388729,0.3236083411825664,0.5209014852167468,23.86103390152664,1.03546647445274e-06,28.36187691363707,0.2724785948713175,V,Purifiyng
0.7714379284180037,0.5532813161743195,0.6124059430277498,1.422391895764918,0.2330101097379579,32.90604412247653,0.7172078216441077,L,Neutral
0.6783757659416304,0.1592021835425939,0.2413668814980797,13.98023958585196,0.0001847420743132933,15.11766051679152,0.2346814133633013,K,Purifiyng
1.712514074433832,0.4383714079037323,0.568792323362113,15.30123533363655,9.165655246723414e-05,39.70340115814117,0.2559812000661429,D,Purifiyng
1.516178232754953,0.4927852407523801,0.6567236816681497,18.50629246687731,1.693442823991198e-05,39.57034496541114,0.32501801576254713,S,Purifiyng
0.4132661662816207,0.2382477095368226,0.2859848585739473,2.844149400917104,0.09170711524124608,15.17319394032441,0.5764994305739232,G,Purifiyng
0.4566289991184253,0.4541803632568782,0.4546446677726316,0.0003079737396092241,0.985998498434592,24.82576239455971,0.9946375813488095,R,Neutral
0.5923910522680209,0.4046715919542188,0.4485535812435182,1.225388107793606,0.2683058197983132,24.416123952353,0.6831156385716805,D,Neutral
0.7464910425401927,0.270188137668455,0.385653189848755,11.54407223670853,0.0006796560771402671,20.6461683270426,0.3619442461748059,Y,Purifiyng
0.8394780603104488,0.3203116026820901,0.4538991305506296,9.750681799581514,0.001792562189020908,23.91315549513496,0.38156042167872156,V,Purifiyng
0.6136997612175286,0.6711309447862083,0.6574807756318821,0.0934887952154213,0.7597878622790358,35.92875208251918,1.0935818900348617,S,Neutral
1.643273135874687,0.3812592223716595,0.5147595350619952,16.22983768117859,5.610348600870729e-05,36.43530050288358,0.23201208250064986,Q,Purifiyng
1.052689555920139,0.2000096535783285,0.4045974298544333,31.7238297735629,1.777280467241127e-08,21.47355510877816,0.18999870612709108,F,Purifiyng
0.5337119570874026,0.1375869701923473,0.2207736444319381,11.16357510875326,0.0008341901368792426,12.41453811862802,0.2577925571373616,E,Purifiyng
0.5391791183560387,0.5523223350844684,0.5491806715206021,0.006300201340309286,0.9367353013722369,29.99071825392716,1.0243763459692272,G,Neutral
0.9734433870036618,0.193181907530818,0.4091547019605779,38.47994844765867,5.531913815914891e-10,20.20442506207379,0.19845212378035426,S,Purifiyng
0.9431585092084004,0.3859367336760631,0.4947678213897801,9.044791727852953,0.002634442390673453,27.96692313436089,0.40919604701439055,A,Purifiyng
0.5197537242500938,0.2962164914553024,0.3488011541137939,2.513880471406992,0.1128477496817175,18.93848608706449,0.5699170157610447,L,Neutral
0.5224168438099491,0.1147402326811529,0.2408674822164369,14.21332611890085,0.0001632105851784305,11.31022991378889,0.2196334862489511,G,Purifiyng
0.7057845749463256,0.2551344507069317,0.3587179153051829,10.51208338733124,0.001185964684411123,19.50680592760129,0.36149054508074857,K,Purifiyng
2.14217658204855,0.3375793009479456,0.477264172315437,20.78225030044217,5.145767351666386e-06,40.76660664801449,0.15758705597701972,Q,Purifiyng
1.018641157950346,0.2087028493587889,0.4402700243083575,27.50291688380486,1.568577580046693e-07,21.41910536790114,0.20488358214263536,L,Purifiyng
1.179179387047054,0.1213722838176664,0.1964905301268048,23.56135320861534,1.209933957579956e-06,19.7194516434861,0.10292944835273242,N,Purifiyng
0.4735786132557368,0.4697462714469072,0.4710684178144603,0.0005492387208505534,0.9813026145497282,25.69269238883145,0.9919076966282679,L,Neutral
1.529494802848379,0.4594710723183166,0.6158309648698939,15.96579081217772,6.449750359494022e-05,38.32877992428261,0.3004070830856328,K,Purifiyng
0.6317114752567913,0.3050358547543393,0.4001563420996515,5.01875122535273,0.02507424600138108,20.69659022074981,0.48287211282704967,L,Purifiyng
0.6254018288061132,0.6317595526596405,0.6294955049864551,0.001738489039667002,0.9667416868248957,34.41149078187675,1.0101658222932672,L,Neutral
1.179994099143027,0.471343260712249,0.5404815303743301,4.903510238860918,0.02680216137201408,34.50394514957929,0.3994454387988575,D,Purifiyng
0.7544238181884388,0.240634808788109,0.3071120764505264,9.729665805055845,0.001813174527391381,19.49673199828925,0.3189650207040568,N,Purifiyng
1.020442750007011,0.2668555199857269,0.4231608687321835,15.22926631328153,9.521633435360943e-05,23.89638388992645,0.2615095457181634,W,Purifiyng
0.8102242994785627,0.228852206708917,0.2960378642125309,10.00390712752159,0.001562084622147242,19.69000090271748,0.28245537298276513,D,Purifiyng
1.036849801989315,0.5513269682995249,0.6326449021388785,4.501804064438943,0.03385911357551208,36.10874093234099,0.5317327227547721,S,Purifiyng
1.099160394610436,0.396269995643029,0.5527575362499656,12.82388939435486,0.0003422215835854336,30.3341054367626,0.3605206279138859,V,Purifiyng
1.622158107998713,0.5242542231385482,0.6352304236189313,11.72003380392096,0.000618308314360827,42.21063499734674,0.32318318452036127,T,Purifiyng
0.9777888891193702,0.7906727785589641,0.8379245531370997,0.689655857804155,0.4062814609408838,45.48194601434551,0.8086334252284977,S,Neutral
1.499599060957523,0.4201999638248677,0.6103831295439429,21.93933588121729,2.814062629585834e-06,36.30086493142708,0.2802082068233371,T,Purifiyng
1.21654231084281,0.5823403488390605,0.712846180950154,7.117560443040702,0.007633250571264183,39.64219376421033,0.4786848296592497,F,Purifiyng
0.7847669813360866,0.6539601521217644,0.6772259852989817,0.3236206312190006,0.5694398595201706,37.32129545077733,0.8333176187004961,S,Neutral
1.156992111640593,0.5547235933918473,0.6638040789311777,5.918719243247892,0.01498084451638126,37.73922463492989,0.47945321995779183,K,Purifiyng
1.019621242231871,0.4096940599828853,0.5757875196171035,10.04214069912143,0.001529992998269947,29.91630133451724,0.40181004770565304,L,Purifiyng
1.977578839927827,0.3892055016840317,0.6485567888705425,32.65038103747634,1.103177871275562e-08,40.90871375758287,0.19680909495281412,R,Purifiyng
0.9755575115516399,0.4218037008379834,0.5518184220709107,8.799891760682158,0.003012484169671925,29.8821132931814,0.43237194716188265,E,Purifiyng
1.583947529048666,0.5590637188280866,0.6998463616574804,9.585480871107734,0.00196122066505855,43.2071951091242,0.35295595881504077,Q,Purifiyng
1.482000016582058,0.3662925203350409,0.6567679226164835,28.04653409369325,1.184330302717029e-07,33.80726642451417,0.2471609421299621,L,Purifiyng
0.7527173071274447,0.4584396557239241,0.5278852240841703,3.007091239297779,0.08290093337878601,28.67048008535456,0.6090462533317363,G,Purifiyng
1.127792417760578,0.08999156276080332,0.3186411133756471,64.270112930913,1.110223024625157e-15,17.75862498865003,0.07979443853639018,P,Purifiyng
1.396755960187838,0.6266380452468321,0.7655932247999018,8.001074035243846,0.00467496118480204,43.74290912876413,0.4486381752489968,V,Purifiyng
0.6743907645048012,0.3599979950783729,0.4313818814775086,3.999462669972331,0.04551477181240815,23.54515090774913,0.5338121665155305,T,Purifiyng
1.010403948782516,0.2906381704125003,0.3811602408640992,10.08907247285839,0.001491511621776742,24.77613683159868,0.2876455211430083,Q,Purifiyng
1.495374019957289,0.4637286623765801,0.5962810166535715,12.76820653351695,0.0003525607051509949,38.08618025325708,0.3101088130378413,E,Purifiyng
1.321715106741256,0.3894817051824043,0.5388991828229082,16.01754072531753,6.275833969793254e-05,32.80225683132068,0.2946790145591116,F,Purifiyng
1.406104633996698,0.2889158989513398,0.4600414567759027,26.06659876320987,3.298409401164548e-07,29.60131330809027,0.20547254590160055,W,Purifiyng
1.176814454568117,0.7661534133416447,0.8506555859528804,2.474422484344927,0.1157119379073681,46.91032272244493,0.6510401111811784,D,Neutral
0.713866093812032,0.4425105786667506,0.4830641794956005,1.596844040523592,0.2063510302750838,27.51712600466583,0.6198789696030416,N,Neutral
1.241528084637298,0.3044755873387431,0.520391239927961,20.58664100377189,5.699242777046365e-06,28.2210953014875,0.24524260957632146,L,Purifiyng
1.221705692614232,0.710429357898441,0.8562127807234928,4.873851615484682,0.02726657797787924,45.11352302422485,0.581506137029,E,Purifiyng
1.404897537277345,0.3230903546420608,0.4729316189094735,21.48828548867573,3.559967718169688e-06,31.02908435175688,0.2299743191722021,K,Purifiyng
0.4299400895084618,0.489855815974319,0.4775367236597617,0.1100081180484267,0.7401348937341024,26.00149217326058,1.1393583150953825,E,Neutral
1.267330808639604,0.1885917174815794,0.4424598049770987,50.97436797398291,9.358069874565444e-13,23.64831010726537,0.1488101734731914,T,Purifiyng
0.9969924992136195,0.6282976964294267,0.706798716798521,2.374271643305633,0.1233491169020581,38.86480104677637,0.6301930023796549,E,Neutral
1.439314544035475,0.8700031531080779,0.967477916123247,2.746277152938319,0.09748116184461675,54.54361397411608,0.6044565843605029,G,Purifiyng
0.5615001288289775,0.4222816373015604,0.4643845295791034,0.7899620803153766,0.3741115918744882,24.77719123994808,0.7520597335965697,L,Neutral
1.214198806392034,0.1904409019099794,0.4177465161102059,41.61151574159908,1.113354963777624e-10,23.06872083148011,0.15684490950528152,R,Purifiyng
1.406327223285489,0.6843318131655359,0.7930812664294091,4.690001123103912,0.0303386275615507,46.29698561268998,0.48660923420566843,Q,Purifiyng
1.388583158798529,0.5610496815885299,0.6644136912494788,5.432510437936912,0.01976524584641592,40.87286342319607,0.40404471135454206,E,Purifiyng
1.507774646866817,0.362365792676213,0.4982857750293997,16.56885475489713,4.691519828003976e-05,33.9605272268095,0.2403315332494917,M,Purifiyng
1.063234439061746,0.5826576025916065,0.6540002754019936,2.880758111219848,0.08964380830112029,37.75798050804152,0.5480048248867617,S,Purifiyng
1.020642150480861,0.4858104687343247,0.570622751817123,5.524380737207252,0.01875323978460786,33.14227568433611,0.4759851124171602,K,Purifiyng
2.458827380853384,0.1273578161328994,0.3314664226978709,76.60252888993546,0.0,35.81130010186342,0.05179615987873756,D,Purifiyng
0.967643778743409,0.2826964459781953,0.4605129646961846,16.28894409102509,5.438031425097911e-05,23.91159352721314,0.29214929314722354,L,Purifiyng
1.686349923800289,0.3237229361049345,0.4364253096868804,15.32610396431153,9.045786935368838e-05,34.53953668033569,0.19196664436963698,E,Purifiyng
1.515663384945628,0.7267821384773742,0.8327096164936748,5.088402761439625,0.02408636591590596,49.44240837168133,0.47951421515895915,E,Purifiyng
0.6136816257276073,0.3332559980282777,0.4100684436481435,3.253672821337432,0.07126360562805456,21.66476560101648,0.5430437934868183,V,Purifiyng
0.9311317636821876,0.2204893044592304,0.3395405292234054,17.23956535183015,3.295022401372805e-05,20.83351413326954,0.23679710333078857,K,Purifiyng
1.464570682911828,0.8797224945149157,0.9790095035394999,2.960309402560711,0.0853316108182599,55.26654081419033,0.6006691959488567,A,Purifiyng
2.417833382745768,0.2560919198386653,0.3791518940988957,26.69654125684821,2.380472438057168e-07,40.73853824363988,0.10591793531605526,K,Purifiyng
0.593242417115375,0.3214329656217754,0.3846128429999588,3.204413261484035,0.07343984580207863,20.91265189204033,0.5418239767559684,V,Purifiyng
0.9747245343151425,0.3431788742973408,0.4229308466327497,7.091852750310125,0.007743515313423655,26.55256949414592,0.35207780477021017,Q,Purifiyng
0.4121926358573834,0.05699017387645019,0.1475014871165603,21.12363295786804,4.305849995112077e-06,7.507920085134822,0.13826101904491206,P,Purifiyng
1.690778899900164,0.4721490113733075,0.5922855590239627,14.08014861446657,0.0001751829677165695,40.86032723932231,0.2792494106717245,Y,Purifiyng
0.63675774268752,0.2883776568140274,0.3935060798966701,7.076983736156762,0.007808033122545965,20.05580753248862,0.4528844134613762,L,Purifiyng
2.297993420533284,0.4415029804997001,0.6518939730475267,29.26431187092066,6.314808109753045e-08,47.08252076562237,0.1921254328035642,D,Purifiyng
1.48451735368287,0.6414527221242435,0.7400140458269404,5.713131564204105,0.01683847564913366,45.45461555234223,0.43209513215382317,D,Purifiyng
0.5324847229372287,0.1195041155051941,0.1954360371027777,12.9999486865226,0.0003114995128854492,11.63596014829907,0.22442731285509893,F,Purifiyng
2.649156172070437,0.3537235688185753,0.5710439235832513,39.56172250533336,3.178527441249912e-10,47.72342114361464,0.13352310918767923,Q,Purifiyng
1.072572427467783,0.50081044172083,0.5787979511189457,4.287294460469411,0.03839822260826209,34.41829599324516,0.46692459072734543,K,Purifiyng
1.358815204289373,0.1975738768679494,0.348478693652615,29.04289049380395,7.079342834170887e-08,25.15987278741804,0.14540157943793075,K,Purifiyng
1.871212852858215,0.2944448863869744,0.4351586651316127,18.25515766170173,1.932021029971143e-05,35.59171872615673,0.15735510042976655,W,Purifiyng
0.7948537303461748,0.655812332021583,0.6742454785892583,0.2330257530472863,0.6292892979291891,37.52433851476493,0.8250729750440543,Q,Neutral
1.446458396147539,0.3533289887505486,0.4795736080602876,15.6022557643571,7.816128828408431e-05,32.82007141581838,0.244271794952137,E,Purifiyng
1.366859968840268,0.2129561770561354,0.2919895240402737,16.41498426479137,5.088141328002393e-05,25.90882956846027,0.1557995565828306,E,Purifiyng
0.8839326536443074,0.6666666666666655,0.7068401804587461,0.6504704397084424,0.4199445353478336,39.08516279509097,0.7542052710894995,M,Neutral
2.701936409786954,0.5104975124215245,0.6669158333368775,17.52573184767425,2.834454797284724e-05,54.99510595023533,0.1889376487812224,E,Purifiyng
1.071392212951611,0.7514410718984311,0.818318562465694,1.331866519131154,0.2484734334520463,44.98433494318524,0.7013688010931713,L,Neutral
0.4976840881354346,0.1109320910879014,0.152257030171214,6.64558739028439,0.009940170087682332,10.84332917310357,0.2228965999365314,Y,Purifiyng
1.272812687145079,0.2004263234999605,0.4219525811454003,41.98054313250509,9.218614760442279e-11,24.21577431997065,0.15746725777028284,R,Purifiyng
0.8741604710315095,0.6054731936251936,0.6405317577067007,0.8224731136257333,0.3644580764917837,36.38085548379342,0.6926339198462441,Q,Neutral
2.396115400599986,0.3124115480657972,0.4617781991409389,21.38107226554069,3.764695008956487e-06,42.84731346357766,0.13038251329112507,K,Purifiyng
0.6231495329027197,0.2457923892855404,0.3581043807196571,7.994314908957335,0.004692445201052275,18.08958467211546,0.39443564715615576,V,Purifiyng
1.277922870266399,0.6352791699330572,0.7183084969259265,3.983511103715387,0.04594769178708913,42.6368174497302,0.4971185544246699,E,Purifiyng
0.9345059858165822,0.07278789077270055,0.2674597430906907,57.20090038148476,3.930189507173054e-14,14.63990199394452,0.07788916483942866,P,Purifiyng
0.4257965481907068,0.3088288840373543,0.3413595700182641,0.7996647058649842,0.3711936359121257,18.30795368097997,0.7252968239165605,L,Neutral
0.6823048905595646,0.6226877214649811,0.6357895555513563,0.09069118797742703,0.7633002854630243,34.73284532180789,0.912623857868451,R,Neutral
1.293957215841725,0.8537540393004596,0.9208819881581012,1.585959730294576,0.2079043267586215,52.05844315352692,0.6598008255976908,A,Neutral
1.113682161144779,0.2825907352863225,0.3482143433176696,8.019257941493777,0.004628253000314997,25.71475738568921,0.2537445109077092,E,Purifiyng
1.21793579468812,0.304930031125097,0.4657409672642766,17.22091972324159,3.327519421747471e-05,27.94826068404629,0.2503662610582697,L,Purifiyng
1.936404429102834,0.6223812218598381,0.8582681002725121,17.06782040818564,3.606831279323597e-05,50.24283635561387,0.3214107613605268,Q,Purifiyng
1.950667733368447,0.5508364279498982,0.7101352650618268,12.40304653816293,0.0004286339703504227,47.39904190551935,0.28238352361460567,E,Purifiyng
1.027136538641927,0.485660996652594,0.5706976419151971,5.38693624022676,0.02028806188968213,33.21635146766862,0.4728300263709162,G,Purifiyng
0.5301227456139217,0.3053793915264105,0.3500684577643001,2.553052673631839,0.1100813759335355,19.45365312985814,0.5760541196412133,A,Neutral
1.462671379223129,0.4315019386739858,0.6230138338140309,15.75895025409,7.194674349886299e-05,36.32090861055935,0.2950094907190774,R,Purifiyng
1.286547177550907,0.4633535435727355,0.5766629129756066,7.953516002958224,0.004799404563042065,35.48553780425687,0.36015278075910373,Q,Purifiyng
1.112325687066982,0.3098915370351446,0.3791846786977969,9.0806747150732,0.002583247235125263,26.85050062249939,0.2785978429144049,K,Purifiyng
0.6194323385639181,0.3315364675171115,0.3908132405742156,2.689007601429864,0.1010427273374546,21.66335461610556,0.5352262819951252,L,Neutral
1.204692495103838,0.4523736451062247,0.544953250215873,7.174809674993242,0.007393429090772341,34.00883255468537,0.3755096399660334,H,Purifiyng
1.136095435965169,0.5537446171306025,0.6513305025126168,5.028870037078036,0.02492815716299701,37.43924225459292,0.48741029987517664,E,Purifiyng
0.4945401814820938,0.3151169975707352,0.3655943065481415,1.619279706234636,0.2031922515752205,19.42430479063749,0.6371918994051343,L,Neutral
2.298739604855399,0.3856449601423005,0.5755710909969343,28.48618533179388,9.43694303812137e-08,44.73364916364712,0.16776365593029371,Q,Purifiyng
0.6092814739303006,0.7930495595800514,0.755977472910241,0.5326130703410854,0.4655103376149499,41.02099186914089,1.3016144319378617,E,Neutral
0.8657080940286457,0.1818200940058872,0.228960957437438,7.141808228516027,0.007530718607245745,18.39125312828348,0.21002471301818612,K,Purifiyng
0.5805803408447978,0.352562596142578,0.4103123759953407,2.213759985535773,0.1367849282503586,22.07009542638012,0.607258929280256,L,Neutral
1.047757637319285,0.6848372419140711,0.7374155957860132,1.547826228982103,0.2134566355104883,41.88003823896623,0.6536218086333829,S,Neutral
1.215681031372905,0.09956656930540833,0.339087130210916,66.44951958970506,3.33066907387547e-16,19.25070767256129,0.08190188605062368,P,Purifiyng
0.9534162429110673,0.582298771234884,0.6926926568328808,3.1151100949902,0.07756923660062842,36.38352989807946,0.610749791147831,L,Purifiyng
0.7978108902269474,0.3901819052624209,0.4838519530089582,5.958815864588018,0.01464387312297821,26.3470612611485,0.4890656545831666,G,Purifiyng
1.703105892923742,0.3707589707715467,0.5268621614734503,19.05731624104197,1.268505146123644e-05,36.73261574161388,0.21769578292930475,E,Purifiyng
2.200583936428947,0.4520902405331416,0.5690541112495416,13.78897823608554,0.0002045326225527111,46.32376335951361,0.2054410345586647,E,Purifiyng
1.156131343568482,0.4579889498360496,0.6223876254340118,11.04706758119107,0.000888275849351583,33.64481103046142,0.39613920371921935,M,Purifiyng
1.42851006904034,0.1347495967684363,0.4208757581242539,62.02258855732146,3.441691376337985e-15,23.37034239060212,0.0943287693162428,R,Purifiyng
1.499125193860334,0.3917319399143361,0.4925299910976305,8.97529199508017,0.002736548463812327,35.09319062394027,0.26130702193430805,D,Purifiyng
1.831311262921611,0.2677670868711359,0.4752277355831167,35.99338875812344,1.979881480984602e-09,33.97159422133502,0.14621604327598,R,Purifiyng
0.9003956167509367,0.5898744719996222,0.6551878477145748,1.856908747359398,0.1729819995505442,36.04707038487385,0.655128102609134,A,Neutral
0.8905627301109158,0.3320852053688521,0.4632674531778272,11.03930125858267,0.0008920047570305512,25.04250432379874,0.37289367064293416,R,Purifiyng
0.6662278273893514,0.9636138249421597,0.8785840008968336,1.994142286567921,0.1579084400324344,48.92641739444339,1.4463728252212624,A,Neutral
2.287825813963219,0.1442108273432105,0.312508608628896,57.34392912927763,3.663735981263017e-14,34.40615387969393,0.06303400655025959,H,Purifiyng
1.023086901138568,0.3313817506935592,0.4793810647998479,12.5370166155555,0.0003989687945881171,26.65315823697263,0.3239038153306163,V,Purifiyng
3.532806735714213,0.2377977536994786,0.4135007479461872,46.70640141179058,8.245959470798425e-12,53.76709106785658,0.06731128292286954,D,Purifiyng
1.490638560379551,0.5210434411690726,0.6506192279183451,10.79790723739302,0.001016149037826097,40.44717226189473,0.34954378279091547,A,Purifiyng
0.4677354090773985,0.1103084667983369,0.2086224956046478,12.69048307577788,0.0003675213108936815,10.44630493395795,0.23583518514435073,L,Purifiyng
0.807467088652624,0.06334310777982745,0.2052489469080281,41.42952540014031,1.2219769640609e-10,12.66872442781505,0.07844667438461748,R,Purifiyng
0.8505996433459521,0.7294102349030885,0.7583019828471677,0.2999119373358781,0.5839376334453419,41.3213637868586,0.8575247363540524,T,Neutral
0.9074804735950471,0.4798996296006419,0.5280713363307203,2.519168159966398,0.1124698997545244,31.49205619981256,0.5288263974424553,H,Neutral
0.837322129223314,0.2062580865654615,0.3950445400782775,19.41550533933162,1.051498937676421e-05,19.07157545848116,0.24633062875906916,L,Purifiyng
1.728365045542895,0.5685705337015138,0.7535841623158372,15.98846017996232,6.372976376112227e-05,45.39609962032118,0.32896437888960006,A,Purifiyng
0.4906285604210895,0.09853874176271624,0.1982987795004092,19.05821588970849,1.267907277591185e-05,10.23279876186472,0.2008418378215566,P,Purifiyng
1.113378092440956,0.2959212230165177,0.3980333059642335,13.08776286196604,0.0002972311135597261,26.27375488132964,0.26578682033139683,Y,Purifiyng
0.9651846115735687,0.3569983878234685,0.4498414689741346,9.555054127069297,0.001993996331138836,27.0178926608971,0.3698757559358966,S,Purifiyng
2.444087587478982,0.3597387354908516,0.4774221260315717,19.97719593287303,7.837126955956286e-06,45.43907038992068,0.14718733376569107,D,Purifiyng
0.8865648999272299,0.5897355922426027,0.6508791794064586,1.851060558624908,0.1736600955508794,35.87001427165857,0.6651916766510932,E,Neutral
0.8369537144068654,0.368765636744781,0.4681899088326257,5.851878138570044,0.01556043585612688,25.92745004394239,0.44060457633086536,L,Purifiyng
0.9775917404218764,0.1896954033593244,0.3741150048674798,32.9947083706632,9.241004628179894e-09,20.10858573932957,0.1940435823214525,R,Purifiyng
0.824874016708298,0.7402578294107572,0.755946287419445,0.089131947238684,0.7652836189410159,41.46088153546521,0.897419259688642,Q,Neutral
0.6595955540165872,0.2807198813066515,0.3368990068796223,4.338541440327162,0.03725882889995413,20.01520684151295,0.4255939561708933,R,Purifiyng
0.6645427274141057,0.5324238135098949,0.5753000952971561,0.5930620902514079,0.4412374643084829,30.70239968962341,0.8011882329698844,L,Neutral
0.7898638654852154,0.4869236010093215,0.5534341111991377,3.048031360130722,0.08083507187218741,30.33275192629959,0.6164652192440822,A,Purifiyng
1.861563716678352,0.7460204574633248,0.8399758969125984,5.270807289834011,0.0216859534429078,54.53604288444556,0.4007493543086847,A,Purifiyng
1.423920551940322,0.2796401008935634,0.5017095631158274,31.35914250689245,2.144464972264615e-08,29.43024627828338,0.19638743222893199,R,Purifiyng
1.047846703499046,0.416412193572992,0.5905394723873949,10.08818520955776,0.001492229959375146,30.54928241951521,0.39739800887141036,L,Purifiyng
1.608347135840825,0.3574391835117113,0.4952698290153497,16.38389401466975,5.172286998733622e-05,34.99740610984416,0.22224007215012465,E,Purifiyng
1.765473893612805,0.773063983827219,0.8791776381296569,5.689646383090349,0.01706529304467985,54.4883392714131,0.43787902309064874,A,Purifiyng
0.621043578134415,0.3309101779842379,0.4178502207420096,3.913131792956165,0.04791023751851109,21.65685863574127,0.5328292403864413,L,Purifiyng
1.479147567947134,0.2654565680980732,0.4260139053707805,25.22008308224508,5.114681442819347e-07,29.51505904553227,0.17946591256374284,K,Purifiyng
1.430791694750164,0.6499366457299329,0.7550787363414297,5.112853770834022,0.02374922478169217,45.14777094474931,0.4542496633959151,E,Purifiyng
1.370803680416625,0.5401297061759515,0.6278376781184599,6.39813292278086,0.0114240444887922,39.76963374817927,0.3940241143879853,N,Purifiyng
0.7315379058306625,0.4362560441446453,0.51562299904484,3.718028183635397,0.05382790245501257,27.47182122654705,0.5963546668839749,G,Purifiyng
0.728034861146176,0.9046644548263372,0.8578934091082567,0.5588739331880106,0.4547143081390793,47.20283698072964,1.2426114505040127,G,Neutral
0.7433407055467101,0.1865477186546718,0.3183710554391422,17.04945581690697,3.641881009153192e-05,17.07620208338611,0.25095856753528684,A,Purifiyng
1.552576651105787,0.6725780849805095,0.7834801659533682,7.258406605281493,0.007056987649469493,47.6110278856946,0.43320121071090517,R,Purifiyng
1.439520782049385,0.4086510312466228,0.6951214976462468,25.71726544211117,3.952749072499984e-07,35.06968015528007,0.28387991083035535,L,Purifiyng
1.687929646722682,0.4490565285737504,0.6846302924479986,25.1750124446753,5.235617724919095e-07,39.85018536995602,0.26603983729158825,A,Purifiyng
1.062290945294455,0.3629606314964069,0.4602951741856725,8.931567587388258,0.002802836875462233,28.47155322464232,0.34167723362811714,E,Purifiyng
1.430928104967407,0.2861816326831484,0.4079598153361552,15.69962825966564,7.423875943513014e-05,29.79314196584813,0.19999721278076854,Y,Purifiyng
1.47477310517068,0.3396066103004711,0.4556189542667856,12.87139324283118,0.0003336431246363514,32.5912385192247,0.2302771925456068,H,Purifiyng
0.7362079317219961,0.3603955779537416,0.4326012243850746,4.486189927177634,0.03416975143066181,24.32709273169289,0.48952960491850933,A,Purifiyng
1.863963776633111,0.273004885881085,0.3662968256680255,15.07963672998238,0.0001030691618045809,34.59687830329875,0.1464646949170951,K,Purifiyng
0.7726733730481357,0.5256599589543726,0.5867938760877819,1.629558886293921,0.2017640716930827,31.75527021213352,0.6803132828049779,A,Neutral
1.254220185691176,0.9358608817794296,0.9830849372289502,0.734408298585663,0.3914580086532051,55.03281868125917,0.7461695262572218,T,Neutral
1.218934071659748,0.539100272422664,0.6010171595753909,3.309485159084602,0.06888106875319722,37.8463710595173,0.44227188734547723,E,Purifiyng
1.073002713535437,0.529044832554388,0.6296240448927034,5.841624147606353,0.01565137282882878,35.6155677886835,0.4930507871795011,H,Purifiyng
0.7361124899470719,0.28469775905801,0.3976217388220313,8.369904383280641,0.003814856920959731,21.13024480483811,0.3867584954012672,L,Purifiyng
1.763408328445549,0.8272395661964878,0.9672255215534022,7.399532394907055,0.006524083376523659,56.74985393977321,0.46911401792329205,S,Purifiyng
1.580834140595874,0.8600257974846238,0.9810169540968681,4.484155066532594,0.03421045311296056,55.87410309830437,0.5440329098411607,T,Purifiyng
1.163297998182833,0.38794968329163,0.5908834917206921,15.49557055687319,8.269881725075923e-05,30.77673351834319,0.3334912325970123,L,Purifiyng
2.323431662910266,0.4115800356594645,0.6739930427285097,37.67174978649336,8.370810711255672e-10,46.13415897957771,0.17714316380793863,S,Purifiyng
1.049913694990363,0.4362885806939406,0.494273354478141,3.981770384661502,0.04599519617827508,31.41397063780366,0.41554708999004464,E,Purifiyng
0.8362589810438449,0.4346736289050352,0.4923973032048204,2.971587648439481,0.08473865349096998,28.70122909173043,0.5197835105608813,K,Purifiyng
0.8684430768933061,0.7806478489155838,0.8004316354776312,0.1283609946556226,0.7201375052871601,43.70527749781169,0.8989050286498991,A,Neutral
1.398485838783005,0.5802791602807399,0.730228661261275,8.807624656137136,0.002999743076579797,41.80722988288766,0.41493388362495853,K,Purifiyng
1.21875793807251,0.191177206134349,0.4024049562789407,36.14722864201752,1.829584928003669e-09,23.15623651410504,0.1568623269331887,P,Purifiyng
1.519530926738651,0.586615484431654,0.7592915402699215,10.68321182015495,0.001081121892656522,43.57299057418252,0.38605037522381924,A,Purifiyng
0.7936159272007115,0.4688318404552659,0.5647770918289718,3.476869681207859,0.06223235784256209,29.61543046317992,0.5907540718203035,L,Purifiyng
1.043788701191061,0.5674571260806736,0.6526000654493328,3.246982358582954,0.07155508201146232,36.87558121857921,0.5436513400012394,E,Purifiyng
1.228005147533161,0.3852179756386412,0.4744591549839052,9.57367112197386,0.001973876764563953,31.46234038099628,0.31369410495751915,D,Purifiyng
0.943257019316066,0.2761140337474888,0.4397732790604052,14.8922508792478,0.0001138296163605279,23.33185655922419,0.2927240699970542,L,Purifiyng
0.9201139609171415,0.4170829149070172,0.5141172781476965,5.37627545636326,0.0204124111360926,28.99655373463751,0.4532948445769497,R,Purifiyng
1.617406100989304,0.6180276893980219,0.7574967624823081,8.134358902506506,0.004343420207147619,46.1105657242742,0.38211039826052257,Q,Purifiyng
0.9804083428379349,0.3674675685846752,0.4735175082344234,6.486425095003142,0.01087013583108254,27.64829616212809,0.3748107319456164,G,Purifiyng
1.57938647573838,0.3687500657095903,0.6317980566442054,25.49587519076772,4.433297098316302e-07,35.11643962251174,0.23347677808700731,L,Purifiyng
0.9495479234176685,0.9454973012376663,0.9473342543807428,0.0001448919668973758,0.9903960093647494,51.66847369491287,0.9957341571919583,L,Neutral
0.7366854627823652,0.145775548434956,0.2971615876104937,27.43380020669855,1.625649379555227e-07,15.27258320324771,0.19788031093267497,P,Purifiyng
1.28980575121151,0.6345414738002989,0.7908494823600322,5.856990878188981,0.01551529735502466,42.75275812385086,0.4919666959185725,V,Purifiyng
1.467275262054885,0.6769245609502897,0.8731967154826096,8.693581415067797,0.003193325493433985,46.73867989589191,0.46134803636113414,L,Purifiyng
1.432055429410673,0.2670269525555362,0.3670725211522602,15.76438896527588,7.174020451461427e-05,28.99845984428338,0.186464117988383,E,Purifiyng
0.7933988954358812,0.6490860122105134,0.6662262785131492,0.2701099457997316,0.6032580293024699,37.22237195318801,0.8181080361271685,S,Neutral
1.059311117402054,0.6756787644103145,0.7602224795589325,2.170664983770507,0.1406653958749243,41.63640913653953,0.6378473267300426,F,Neutral
0.9710119975232165,0.1472292308737975,0.231817876607109,19.50232831576449,1.00477136939503e-05,18.23438721126288,0.1516245229197359,K,Purifiyng
0.6866337896776287,0.9778201897454912,0.8885886428971631,1.779945425322353,0.18215602810277,49.77873458376622,1.4240781686618906,V,Neutral
1.188922531320428,0.6037981367543583,0.6873882002316755,4.076850811266581,0.04347461383817686,40.20618713153817,0.5078532207508716,S,Purifiyng
1.208442632213435,0.6995529402819918,0.7910169372391469,3.074564612688619,0.07952588504319591,44.49019626512791,0.5788880014938408,F,Purifiyng
1.039565141025547,1.225403682521481,1.17698971056276,0.2924389051519256,0.5886618449731758,64.59923962757445,1.1787656532159219,L,Neutral
0.9312694952286832,0.9939634294015257,0.9782654716539352,0.06183606040997347,0.8036171585824056,53.48827872139552,1.0673209360921323,S,Neutral
1.64873315890195,0.6882367428850635,0.8506596399474489,9.393979885426916,0.002176991008071449,49.46227651932949,0.41743367577044826,A,Purifiyng
2.053057241103335,0.8190504289331191,0.9692574740741556,8.672724506224313,0.003230079194136759,59.98934227172546,0.39894183782861925,L,Purifiyng
4.169710229153765,0.6663717493941186,0.9628217896465291,33.43415948174118,7.371774635167583e-09,79.74324510655673,0.15981248402706333,E,Purifiyng
0.6781475198417828,0.7320236952370953,0.7205521617675854,0.04801718468672789,0.8265501545447342,39.29712465671398,1.0794460995859458,E,Neutral
0.9394302897439494,0.6261870303677777,0.6994416104716709,2.151509178839774,0.1424298261600778,38.0632063366454,0.666560400706742,Y,Neutral
0.6091397829914208,0.9785384078083327,0.8790714089233728,2.500443024297851,0.1138142772796672,48.84985352620499,1.6064266940550729,T,Neutral
1.14986755673694,0.4280017483985886,0.5213375133924761,6.804374166341404,0.00909348210762373,32.30133679743307,0.37221830104778264,K,Purifiyng
1.014563157340775,0.7245252301127875,0.777110187897089,1.272049603443406,0.259382527648268,43.14463728843478,0.7141253108498512,K,Neutral
1.092819599071849,0.7151074265447191,0.7961776298287404,1.903155352139265,0.1677255596595337,43.71569301830787,0.654369144872651,L,Neutral
1.098023823809348,1.087985910766511,1.089913355460383,0.0006984644472822765,0.9789155799534467,59.52158439721992,0.9908582010470295,N,Neutral
0.7581452026590544,0.8991961129946296,0.865114337546279,0.3649956581507467,0.5457447804570041,47.3446831959573,1.1860473558902243,T,Neutral
1.434787098786824,0.8870639292930997,0.9440566658559095,0.7190806544115276,0.3964456368665936,55.20781379631168,0.6182547431902277,Q,Neutral
