Entropy,Class
0.8505854597072521,Non-APR
2.0235318005066345,Non-APR
0.310810717596308,Non-APR
0.31022680904680217,Non-APR
1.3697032309178996,Non-APR
1.6869806968539456,Non-APR
1.898427234997716,Non-APR
1.610238575486449,Non-APR
1.6177351600988783,Non-APR
1.8382571886200514,Non-APR
2.384958320117108,Non-APR
1.3563792412282079,Non-APR
1.797318790059807,APR1
2.5556776117929987,APR1
2.127968697086147,APR1
2.8590042250275545,APR1
1.4528803126689507,APR1
0.18793899195332042,APR1
1.8688584453767603,Non-APR
2.3770282837521224,Non-APR
2.294442024462845,Non-APR
1.7462885588510444,Non-APR
0.7426439636290155,Non-APR
2.3354107800020314,Non-APR
1.955380599016023,Non-APR
1.7038373739174055,Non-APR
2.6655697967958254,Non-APR
2.3011078243262157,Non-APR
1.7724479979250123,Non-APR
1.8479478093115835,Non-APR
2.4957949464115625,Non-APR
1.7088333467891723,Non-APR
1.2173601896055986,Non-APR
1.2955973708469735,Non-APR
2.5029399142384574,Non-APR
1.4717284923253167,Non-APR
2.397247700521116,Non-APR
2.202922460823909,Non-APR
1.2774179830299153,Non-APR
1.6952691102751047,Non-APR
1.9107383164842673,Non-APR
1.3697993325709181,Non-APR
1.7903761654296875,Non-APR
2.1314389433650582,Non-APR
2.5259185601365877,Non-APR
0.7741515589022296,Non-APR
2.6238556592006237,Non-APR
2.0619628077282988,Non-APR
2.043951125276212,Non-APR
1.825426372075855,Non-APR
1.25491919727992,Non-APR
2.734300631037348,APR2
1.3000698826990658,APR2
2.9088346737190505,APR2
2.9764634989465453,APR2
2.7175151612296005,APR2
2.4567734980034652,APR2
3.0324784418190704,Non-APR
2.7341964605099576,Non-APR
2.061290790537236,Non-APR
2.2679214452668837,Non-APR
2.2263422820171015,Non-APR
2.641871668033725,Non-APR
2.005675750915037,Non-APR
2.3703089802221546,Non-APR
0.3367904263773243,APR3
2.3595530122771984,APR3
2.193890039584964,APR3
2.5650993482727884,APR3
2.46370867869003,APR3
2.2572198332806463,APR3
2.904859880921271,Non-APR
2.780600853045757,Non-APR
2.7555507069225027,Non-APR
2.1220243411713104,Non-APR
2.730378993619815,Non-APR
1.77222063475378,Non-APR
2.5527674172756827,Non-APR
0.7384513725496783,Non-APR
2.52717820332268,Non-APR
3.2165988413686923,Non-APR
1.6710829335052213,Non-APR
0.7135754244230372,Non-APR
2.4213714067647105,Non-APR
2.018750140975549,Non-APR
1.9428951538955184,Non-APR
3.115275937047009,Non-APR
1.6876836588099877,Non-APR
0.6540501616741344,Non-APR
1.6825414875487144,Non-APR
0.9828652180399882,Non-APR
1.9079350615931128,Non-APR
1.2797518696294417,Non-APR
1.287090991399858,Non-APR
2.9306172736527976,Non-APR
1.6565604756037768,Non-APR
1.8148451024420011,Non-APR
2.1028107956745297,Non-APR
0.24877573102024125,Non-APR
2.459377350355242,Non-APR
1.6901637257532287,Non-APR
2.0662707087321808,Non-APR
2.326318445586934,Non-APR
1.2016132466040184,Non-APR
2.3619853779700746,Non-APR
2.4952298887093196,Non-APR
1.7130223984048694,Non-APR
1.8052609382586056,Non-APR
2.7135627037004073,Non-APR
1.8485079494364693,Non-APR
1.7368177823043691,Non-APR
2.3109482379967856,Non-APR
1.7829873820114377,Non-APR
2.7175301182673772,Non-APR
0.37570769544541416,Non-APR
0.7535221552461022,Non-APR
2.298432785844273,Non-APR
2.1140004133713095,Non-APR
1.375387081722878,Non-APR
2.274123300069368,Non-APR
0.0996471607017394,Non-APR
2.0527608381228855,Non-APR
3.041635369969069,Non-APR
3.0432578740644427,Non-APR
0.7503735922432364,Non-APR
1.6526862521834316,Non-APR
3.096809241474368,Non-APR
2.087442003025912,Non-APR
2.6327871257504047,Non-APR
2.614612660757193,Non-APR
2.4047061652601243,Non-APR
2.0474706612667952,Non-APR
2.2696331939230703,Non-APR
2.1327149670366152,Non-APR
1.9836160209953426,Non-APR
2.4431139531974084,Non-APR
1.3337773270843432,Non-APR
1.7651165060570193,Non-APR
2.8362747562729744,Non-APR
0.6692513084588144,Non-APR
0.9897101939721715,Non-APR
2.613939956756706,Non-APR
0.2718293477485199,Non-APR
1.6623081378493962,Non-APR
2.294929984985634,Non-APR
1.7463387529865582,Non-APR
1.4041357834175474,Non-APR
1.911277951682811,Non-APR
0.7099236922085969,Non-APR
2.0438283673523716,Non-APR
1.6401620848263097,Non-APR
2.413607402966355,Non-APR
2.1681908304718704,Non-APR
2.578622595938838,Non-APR
1.338292098546979,Non-APR
1.2631623201363553,Non-APR
1.1712483555451918,Non-APR
1.7850043377543618,Non-APR
1.3531812437475355,Non-APR
1.0570618302593695,Non-APR
2.6551811535640972,Non-APR
2.6906546588732243,Non-APR
0.7540063913370753,Non-APR
2.408505469497045,Non-APR
0.2760465963639583,Non-APR
1.9798595209645984,Non-APR
1.8884085367332355,Non-APR
1.421839006514737,Non-APR
2.7038255987378834,Non-APR
1.688854513940008,Non-APR
0.8069735323101828,Non-APR
2.464960961182467,Non-APR
1.5425447269123966,Non-APR
1.4397367364903209,Non-APR
2.379017331824403,Non-APR
2.3876825942696165,Non-APR
1.8746993401320353,Non-APR
0.9478803356507428,Non-APR
1.5437475626014168,Non-APR
2.42152630968057,Non-APR
1.1834784825166609,Non-APR
1.0956854787241577,Non-APR
2.4717357801399404,Non-APR
3.2178144055238698,Non-APR
2.341733025822898,Non-APR
3.082115152135885,Non-APR
1.3892875712530424,Non-APR
2.6289627058982434,Non-APR
2.1885699430716166,Non-APR
2.1823423492676928,Non-APR
0.8849156267755574,Non-APR
0.4209196893535521,Non-APR
2.0469580260780296,Non-APR
1.9123846949997045,Non-APR
1.5743138931083605,Non-APR
2.2285342099784113,Non-APR
3.364469054525472,Non-APR
2.148269455685588,Non-APR
2.5221809315011274,Non-APR
1.89405394745895,Non-APR
2.898245584945372,Non-APR
3.080033007095712,Non-APR
1.9286349653493993,Non-APR
2.2702245132097114,Non-APR
1.9670628307807112,Non-APR
1.901529261932854,Non-APR
2.9877684137196723,Non-APR
2.7987640819513926,Non-APR
1.5374599643751303,Non-APR
3.075006228092829,Non-APR
2.5213387080939897,Non-APR
2.4873762886969963,Non-APR
2.03712042565977,Non-APR
1.3233240169328833,Non-APR
1.7617604044142468,Non-APR
2.58141471444128,Non-APR
2.217193063593676,Non-APR
1.7910504193295158,Non-APR
3.108032838145715,Non-APR
0.8930974176649995,Non-APR
2.3578448664503933,Non-APR
2.7237599088148876,Non-APR
0.9770310149829271,Non-APR
2.7571653276182353,Non-APR
2.3352706062558166,Non-APR
0.904431763892664,APR4
3.0136462654354137,APR4
2.72760208352151,APR4
1.8941176624057299,APR4
3.250815054632981,APR4
2.5978105189384757,APR4
2.842684349666903,Non-APR
2.6902179839513014,Non-APR
2.273160451077699,Non-APR
2.8645519852757753,Non-APR
2.334418404515543,Non-APR
2.7240830950784853,Non-APR
1.8851468924364945,Non-APR
2.793805818969716,Non-APR
2.4377768593427147,Non-APR
3.094561519441946,Non-APR
2.862060664303925,Non-APR
2.655700005420141,Non-APR
