Site,G,A,V,L,I,M,F,W,P,S,T,C,Y,N,Q,D,E,K,R,H
1,-0.71179,-0.60841,0.19715,-0.35492,0.17475,-0.46855,-0.68798,-0.96877,0.12396,-0.70294,0.01535,-0.24386,-0.56463,-1.02428,-0.45386,-0.00496,-0.13921,-0.49615,-0.86135,-0.15550
2,1.04466,0.20554,0.83952,0.42460,0.63067,-0.14468,0.02777,-0.00708,-0.71865,0.18673,0.14903,0.64824,-0.68202,0.11266,0.09736,1.43535,-0.08609,-0.29154,-0.47804,-1.00664
3,1.92997,1.47261,1.65359,1.28983,1.20982,0.57496,1.24512,0.29908,-0.00390,1.78918,2.07486,1.28524,1.28093,1.38338,1.43993,0.56110,1.01217,1.14423,1.86369,1.28169
4,1.03851,0.81947,1.03209,0.62226,0.84346,0.82002,0.39123,0.45725,0.00493,0.89977,1.10234,0.94139,0.19824,0.93433,0.56737,0.77901,0.13191,0.59434,0.72661,0.93078
5,1.69165,0.89183,0.68137,0.45347,1.18801,0.55904,0.49944,0.41780,-0.21561,1.44675,1.01553,1.24871,0.44255,1.22862,-0.10693,1.31516,0.03681,0.56446,0.54360,1.03693
6,-0.18246,-0.76985,-0.84562,0.07100,-0.42342,-0.07185,-0.94417,0.21516,-0.28693,-0.01281,0.02036,-0.39023,-0.11409,0.77299,-0.18408,1.46572,0.91553,-0.55195,-0.55105,-0.50889
7,2.81869,1.96722,1.78743,4.14850,2.81782,4.73663,7.54804,5.04050,-0.00131,3.50866,4.26539,3.36775,6.55570,5.49530,4.03417,4.28763,3.48197,4.95301,4.28690,3.61528
8,2.19079,1.26913,1.18954,0.04459,0.81871,0.33835,0.22536,-0.00596,0.16901,2.35657,3.86058,1.61633,0.08176,1.83547,1.64793,3.38610,2.76512,1.08641,2.11086,1.91123
9,1.67230,0.79907,3.40277,0.47153,3.98822,0.28741,1.38911,1.48163,3.85103,1.54851,2.59568,1.11543,4.72741,0.69007,1.70130,-0.00019,1.74940,0.92517,0.77397,4.37591
10,0.73036,0.16728,0.62021,-2.03962,0.47673,-2.09650,0.88420,-0.71136,8.67094,-0.19191,2.30710,0.09179,2.12889,-0.37369,-0.01984,1.98928,1.15239,0.39336,-0.10725,2.85184
11,1.98261,0.79408,-0.01279,-0.21870,-0.40253,-0.68758,1.05811,4.87201,1.99173,0.96064,0.18349,1.32046,1.75476,1.72307,1.55276,3.34636,2.53555,1.28076,1.65145,4.50591
12,0.88482,0.02148,-0.34203,-1.47879,-0.84782,-1.29836,-0.91016,3.22440,-0.61067,0.67852,-0.66631,-0.01196,-0.18751,0.17240,-0.24725,1.98874,1.95057,-0.01792,-0.35858,1.40457
13,1.12874,0.24798,-0.44423,0.22478,0.79815,-0.06540,13.80550,17.75996,0.99635,0.57726,0.70229,0.00277,17.67724,2.08756,4.48351,-0.00023,3.22818,1.88154,4.76978,12.94142
14,3.62541,2.24818,4.11774,-0.00406,2.86375,0.11587,0.55851,1.65346,5.27829,2.87524,3.16010,2.72545,1.48388,2.46681,1.76479,3.38857,1.26065,2.01830,2.47126,2.92486
15,1.54991,-0.00000,1.72237,2.26445,2.98786,0.13364,8.31698,13.55586,4.22896,0.64488,1.54066,1.54453,9.59715,2.92027,2.89056,4.43230,2.45585,3.90211,7.59657,11.71206
16,1.65821,0.28039,0.71168,5.37958,3.56126,3.89647,8.70335,22.67414,3.41677,0.90350,-0.00339,1.11295,9.65042,3.65927,8.54636,6.08995,10.09577,5.29741,4.88963,17.43998
17,2.75052,1.49784,-0.00134,-0.33403,-0.23541,-1.05217,-2.02252,-1.93490,4.90785,1.90975,0.75071,1.61255,-2.53884,1.38765,1.89218,3.98839,3.47303,-0.31568,1.42925,1.27402
18,2.54275,1.51257,3.96016,1.53882,3.44177,0.13050,-0.45707,0.57806,6.35398,2.14913,2.28542,2.08328,0.00111,1.16048,1.37832,3.35058,2.52288,1.73044,2.33389,2.10149
19,3.51515,1.93743,-0.00288,1.00475,0.51826,-1.19610,9.05574,12.93784,5.41469,2.49815,1.17705,1.74154,17.39860,4.02660,1.32865,4.98903,3.34796,1.27611,3.56589,10.52372
20,1.49948,0.26574,1.17605,2.36509,1.40392,1.69291,5.70416,17.94798,5.08574,0.71356,1.29911,0.63571,6.80483,2.96746,3.47382,-0.05982,3.50503,3.58723,5.51014,9.79332
21,1.17650,1.04538,-0.00680,-2.24825,-0.22150,-1.16264,6.96903,8.93663,3.74350,1.79104,1.08475,0.44383,6.41673,0.23549,1.03492,3.61651,2.44371,0.48691,0.00847,0.82139
22,1.89129,0.62012,1.83626,-0.04246,1.90138,-0.38446,-0.57448,0.54630,6.81260,0.43526,1.38352,1.51734,-0.06322,0.28083,1.14328,0.91410,0.48387,2.37509,3.24892,0.75303
23,0.01730,-0.66352,-0.92445,-3.07930,-1.65135,-3.39837,-2.02682,5.05658,0.06711,-1.09726,-1.24359,-1.12244,-0.90482,-0.93197,0.20975,-0.89143,0.30581,-0.10470,1.53091,-0.80765
24,5.77500,4.29662,6.33635,3.54693,7.62647,4.76065,14.00106,25.36608,11.37188,4.61083,5.86289,4.36367,19.28240,4.52002,7.09238,0.00000,4.89571,9.89086,10.95150,18.32114
25,1.59171,0.29276,3.34753,-0.05826,1.98491,-1.46272,3.01584,5.18046,5.87199,0.00006,1.05930,0.78555,9.40134,2.18727,2.98537,2.08569,2.54796,3.44282,4.69739,4.75246
26,0.00000,1.07211,7.55021,8.62011,9.12029,3.97032,15.79152,14.89316,7.67945,1.79213,5.09684,4.27259,16.94434,8.99065,5.80439,8.63190,4.56605,8.07710,9.01718,15.22556
27,2.92139,1.43949,1.61745,2.24216,3.47259,0.22792,5.12578,8.18344,3.95264,2.22151,3.13799,1.77977,6.28766,3.48124,3.38552,7.11989,5.94468,0.47981,0.00000,9.31360
28,2.06280,0.90799,1.76465,-0.09487,1.25336,-0.40164,2.28071,3.78129,6.26774,2.26308,3.26852,1.34411,1.07742,0.18477,0.89037,-0.02475,0.57697,1.48326,1.80561,3.90305
29,-0.25239,-0.37197,0.36503,-0.91624,-0.24435,-1.05160,-0.69746,0.07804,8.18104,-0.39386,0.82518,-0.18975,-0.05159,-0.12319,-0.95870,-0.04789,-0.25537,0.98640,1.82009,-0.08378
30,2.55964,1.57222,0.00024,1.38753,0.83539,-1.02011,2.99613,2.03705,0.99673,2.77022,1.42067,0.98399,4.30802,-0.35613,2.40198,0.07791,1.07275,5.00687,4.67716,3.98391
31,0.81628,-0.13203,0.53488,-0.90574,-0.12264,-0.81954,0.13889,0.73986,0.06292,-0.00231,1.15565,-0.27390,-0.05005,0.98952,0.35612,1.03914,0.01895,-0.23914,0.47904,0.87142
32,-0.04388,-0.42721,0.49167,-0.93025,2.25823,-1.34579,-2.04335,0.29621,3.54058,-0.59362,-0.39246,-1.29505,-1.58059,-0.37502,-0.04101,0.33217,0.00385,-0.65213,-0.01701,-0.23244
33,1.11469,0.19930,0.99780,-1.11182,0.56680,-1.03479,-0.00647,-0.29321,1.69795,0.94261,1.28552,0.31638,0.05571,0.38406,0.03534,1.20703,0.92321,1.07688,1.95837,-0.26144
34,0.78797,-0.23995,0.57177,-0.79881,0.43787,-1.16529,-0.83454,-1.72598,4.95042,0.11961,2.13608,0.77954,-0.57310,0.52595,-0.01951,0.37954,-0.00096,-0.03190,0.19627,0.24054
35,0.00000,2.06120,3.06446,2.61284,3.01991,3.03028,1.80680,2.93876,5.30183,2.51180,3.01014,2.87907,2.44843,1.99650,2.93031,2.78735,2.46450,2.36784,1.62072,1.88122
36,1.25898,0.54238,0.40032,-0.42029,0.00045,-0.29915,-0.39217,-0.05555,0.54693,-0.00051,0.17039,-0.40379,-0.38774,-0.60698,0.23922,-1.01715,-0.06931,-0.17059,0.20982,0.34695
37,0.96269,0.00000,-0.66522,-0.62735,-1.00028,-0.55079,-0.21344,-0.12229,-1.77481,0.14493,-0.09933,-0.40477,-0.06118,0.69184,-0.25856,0.00922,-0.72089,-0.46965,0.13449,0.72754
38,0.08870,-0.00669,0.43902,-0.00746,0.17526,-0.09783,-0.10915,-0.49953,-1.42770,0.38710,0.19794,0.06167,-0.06212,0.28246,-0.20968,-0.18152,-1.40348,0.29306,0.50117,0.12447
39,-0.00000,0.43765,1.93218,0.06153,2.16759,0.14836,-0.31742,0.49988,2.38661,0.27918,1.71987,1.37114,0.31181,0.17032,0.48391,-0.74207,0.12601,0.54969,0.88327,1.20966
40,2.07678,0.99665,2.31631,-0.69587,1.80101,-0.83503,1.55968,1.01279,5.74250,1.98879,3.07670,1.51781,2.42550,1.19377,1.00339,0.69025,1.05871,-0.06480,1.98487,2.17457
41,0.79092,0.07559,0.50909,-0.13788,-0.03952,-0.25026,-0.02222,0.18534,-0.36661,0.08200,-0.18589,0.71721,0.10947,0.74149,0.00090,-0.12337,-0.33250,0.25974,0.62163,0.62084
42,1.36892,0.98241,0.76387,0.00001,0.30330,-0.07112,-0.03860,0.05382,1.30364,1.10175,1.16636,0.98198,0.14433,0.53485,0.57859,0.61414,0.25035,0.19571,0.77971,0.55774
43,0.85495,-0.27139,0.70425,-0.86049,0.53667,-1.22448,-0.28187,-0.57629,5.23623,0.06223,0.77203,0.04366,-0.06854,0.00000,-0.34973,-0.03060,-0.63305,-0.31426,-0.04847,0.28561
44,2.09200,1.81901,1.99784,-0.00724,0.75159,-0.82837,0.65127,4.20652,4.39130,1.18660,1.46246,1.45743,3.77986,1.15142,1.27328,2.10774,1.52589,1.67510,2.29939,1.23271
45,0.78383,0.43782,1.20657,-0.13105,0.63666,-0.21117,-0.03884,0.12373,0.11466,0.18219,1.01622,0.27617,0.18297,-0.01896,0.02858,0.86751,0.25348,-0.00973,-0.01887,0.41019
46,1.62351,0.90060,0.57826,-0.03992,0.34633,0.01173,0.06892,0.19441,2.48439,0.31480,0.49330,0.35788,0.20703,-0.16085,0.37884,1.08222,0.64244,-0.19916,0.02490,0.37552
47,2.36459,1.75795,0.93338,-0.00571,0.44205,-0.15936,1.02308,2.24610,0.35543,2.53324,1.73497,1.64635,1.25947,2.59745,2.27304,3.05923,2.56367,1.78473,2.37925,2.01062
48,0.09538,0.37406,0.10537,0.06314,0.01948,1.30795,-0.27521,-0.06239,0.95405,0.53790,0.04383,1.74282,-0.28605,0.14928,-0.02287,-0.00000,-0.03722,-0.13084,0.05366,0.06937
49,-0.22707,-0.10079,0.29086,0.23065,0.28907,0.31857,-0.09811,0.03044,2.09725,-0.14050,0.14530,-0.02146,-0.00449,-0.00981,-0.24488,-0.40478,-0.47802,0.12002,-0.06337,0.01973
50,4.51771,3.15091,1.25277,2.89527,1.48459,1.83494,1.50476,-0.27185,5.12596,3.44445,1.64828,2.96553,1.70470,3.39685,2.84146,4.68627,4.13457,2.48277,3.05726,3.21268
51,0.42335,0.64951,2.01654,0.14526,1.46810,-0.46034,0.58081,0.02349,-0.15987,0.73312,2.19746,1.71792,0.53134,0.60674,0.10378,-0.00186,-0.06668,0.46958,0.20513,-0.20470
52,0.88733,0.80854,5.60624,10.31343,7.15720,7.66960,21.33036,27.60838,6.43668,-0.00201,3.11769,3.48430,22.81088,7.88239,9.18828,11.08734,11.43306,14.87351,14.47534,25.62120
53,1.28150,0.42419,-0.00000,-0.63939,-0.38144,-0.59818,-0.79161,-1.44586,0.56548,1.14125,1.19851,1.10991,-0.97729,0.19973,0.64674,-1.07047,-1.58986,-0.25246,-0.33262,0.95193
54,-0.05729,-0.52978,-0.10564,-1.36574,-1.13434,-1.51480,-1.19844,-0.54460,-1.94707,-0.24659,0.00130,-0.27041,-0.86150,-0.46354,-0.54069,-0.96205,-1.39233,-1.42846,-0.96009,-0.11863
55,0.26572,-0.57051,-0.36645,-0.98104,-1.25811,-1.28666,-0.61591,-0.62208,-1.50514,-0.00040,-0.09253,0.17180,-0.46220,-0.17690,-0.83397,-1.06669,-1.95507,-0.79849,-0.74337,-0.11331
56,1.52447,0.43862,-0.72268,1.96923,-1.80385,-1.23534,1.26205,4.72842,1.42379,0.89526,0.00040,0.25489,2.88800,2.07726,1.73496,5.81494,4.55498,1.13353,1.51681,1.47329
57,5.20172,4.06240,3.91090,1.43564,3.60929,1.34836,-0.01658,0.00827,3.96380,4.39967,3.49453,4.27942,-0.48768,4.76748,3.37462,5.81286,5.37470,1.44973,2.69179,3.01922
58,0.62779,-0.05292,0.70172,-0.45063,0.12757,-0.57209,-0.39225,0.05229,2.91475,-0.00037,0.28372,0.37173,-0.22528,-0.11846,0.08264,0.41041,-0.12966,-0.18449,0.00189,0.23739
59,1.09158,0.11924,1.48694,-0.19484,2.39000,-0.23535,-0.46185,0.42245,2.74112,0.33452,0.57524,0.60919,-0.48283,0.42266,0.62989,3.51558,2.23051,-0.03459,0.34363,-0.12671
60,2.65511,1.66784,2.39387,-0.00722,1.07259,-0.12278,0.92148,1.10511,5.43139,1.73613,3.23811,2.12110,1.17230,2.40657,1.38458,3.42187,2.44170,0.05100,0.75637,1.93977
61,0.79299,0.51972,0.89385,0.11889,0.42158,-0.06650,0.69691,1.00526,0.88670,0.26783,0.24616,0.65063,-0.56391,0.78853,0.32039,1.49868,1.03348,0.04312,0.00000,1.14279
62,0.86583,-0.05008,-0.17420,-0.57513,-0.65851,-0.95850,-0.74272,-0.19252,0.87671,0.16802,-0.02901,0.28513,-0.39504,0.46091,-0.15645,0.82015,-0.00255,-0.83978,-0.72873,-0.07156
63,0.74920,0.48368,1.84704,0.28949,0.66551,0.09972,5.63821,14.88918,3.32207,0.72548,2.18437,-0.16825,6.48099,0.42596,-0.04836,5.25264,5.73789,0.52196,3.95892,3.35493
64,1.66489,1.77319,0.90593,-0.01153,0.63849,0.42876,0.35035,0.41597,6.26600,0.46967,0.49956,2.85261,0.99494,0.48992,0.89341,1.64800,1.35914,0.67803,0.33398,1.49623
65,0.00000,0.60000,2.66210,0.58840,2.61688,0.75043,1.08111,1.20625,6.56342,0.87987,1.64965,1.45203,1.16453,1.09852,0.36026,1.78550,0.88334,0.91573,0.88390,0.15828
66,1.84642,1.40504,1.57539,1.04719,0.98653,0.58031,0.69507,0.19499,-0.00100,1.68335,1.55414,1.44865,0.70910,1.38749,1.24506,1.36970,1.04680,1.06626,1.02472,1.50453
67,-0.76478,-0.71075,-0.00002,-1.09441,1.54193,-1.77180,-1.35014,-0.66120,0.96661,-0.35582,0.73874,0.00346,-1.36251,-1.75097,-1.08060,-0.47724,-0.43478,-1.65278,-1.27975,-0.92300
68,-0.36260,-0.64146,-0.30207,-1.14831,-0.87223,-0.69579,-0.46055,0.06988,-0.10300,-0.39918,-0.08238,-0.66711,-0.34222,-0.70017,-0.73904,-0.29625,-1.02782,-1.07561,-1.01328,-1.08216
69,-0.81603,-0.62473,-0.07649,-0.08775,0.04454,0.09721,-0.24265,0.10580,-1.45957,-0.44114,-0.48479,0.70535,-0.07881,-0.51236,-0.00013,-1.19132,-0.56239,-0.03398,-0.02096,0.37228
70,0.50612,-0.50035,0.00278,-1.06161,-0.52713,-0.88186,-1.61368,-1.03787,-1.42731,-0.39851,-0.30894,0.21732,-1.15251,0.14716,-0.48563,0.54038,-0.01225,-0.97637,-0.84608,0.07578
71,3.02600,1.84487,2.41943,0.97344,2.15998,0.94850,-0.00658,13.29970,3.07991,2.65305,2.10301,2.71340,1.09578,3.76175,2.33948,4.78715,3.73839,1.72830,2.20336,3.39709
72,1.14220,0.85899,1.28845,0.27075,0.86297,0.15725,0.37898,0.00131,1.58986,1.22154,1.37023,1.20878,0.35971,1.22979,0.77258,1.17004,0.44654,0.20758,0.42513,1.18059
73,-0.36699,-1.15058,-0.96235,-1.59961,-1.45049,-1.46837,-1.52641,-0.81696,1.62221,-0.34143,-0.31854,-0.48858,-1.37763,-1.39282,-1.38147,-0.01002,-0.48280,-1.50173,-1.50895,-0.66615
74,-0.00153,0.44366,1.06958,-0.45100,1.04872,-0.06651,-0.93595,-0.37864,2.95056,0.19687,1.43851,0.71293,-1.70651,-0.02096,-0.15028,2.75146,2.96637,-0.11991,-1.58672,-1.33830
75,0.81553,0.03516,1.54337,-0.01256,1.30894,0.05337,-0.05013,1.20025,7.93646,0.28024,0.76505,0.39600,0.40811,0.76550,0.53092,2.08527,1.09379,0.12119,0.20305,0.15576
76,-0.08668,-0.51949,0.28532,-0.22400,0.12337,-0.14574,-0.13925,0.04782,1.37493,-0.69988,-0.22610,-0.03151,-0.08214,-0.25099,-0.47408,0.18134,-0.00686,-0.62943,-1.10944,-0.57440
77,1.00037,0.63403,1.44084,-0.16760,1.03606,0.09881,0.16939,0.40426,2.34024,0.23437,0.41613,0.67676,0.18683,0.22061,0.11065,1.30672,1.10668,-0.00536,-0.54021,-0.10974
78,1.35526,0.39437,0.77082,0.12090,0.60832,0.51767,-0.96631,1.11021,3.76455,0.82003,1.88867,0.90260,-0.02308,0.70212,0.37904,0.99886,-0.02245,0.37228,0.13272,1.22639
79,-2.16124,-0.99564,0.08269,-1.26106,-0.19430,-1.14852,-0.98417,-0.40975,-1.36282,-1.38216,-0.00083,-0.94877,-0.96187,-1.87249,-1.15855,-2.60039,-0.83123,-1.39514,-1.94468,-0.74870
80,0.47612,0.26704,0.47858,0.27325,0.44678,0.23341,0.14235,0.30311,-0.34981,0.48165,0.38162,0.56273,0.21794,0.58355,0.29390,-0.08664,-0.00000,0.28961,0.38717,0.42462
81,0.00000,0.52882,0.71167,0.37849,0.62208,1.30649,0.17824,0.52227,1.72700,0.03146,-0.27974,1.08258,0.36923,-0.07491,0.23410,-1.41372,-0.08428,0.34362,0.47765,0.97758
82,1.37892,0.71832,1.01711,-0.00095,0.67343,-0.04729,0.54972,-0.77168,0.47278,1.26503,1.13936,1.33723,0.51131,1.20813,0.56087,0.85255,0.30303,0.61718,0.70915,1.56133
83,2.00284,1.17884,1.35785,0.44403,0.57228,0.21666,-0.66418,0.55612,4.69985,2.15526,2.04101,1.69790,0.08080,1.68528,1.12211,2.12532,0.96498,0.87702,-0.09265,1.01112
84,0.69198,-0.05082,0.40341,-0.22991,-0.00152,-0.51093,0.39360,-0.00979,-1.56100,0.00144,-0.11554,0.68307,0.38429,0.65146,-0.00304,0.14267,-0.05839,-0.21617,0.13577,0.73002
85,1.33935,0.35628,0.72725,-0.35177,0.23241,-0.36184,-0.08325,0.05802,1.36532,1.03795,0.47686,0.94140,0.00451,0.54964,0.22573,0.50621,-0.00119,0.00283,0.01601,0.65464
86,3.45884,2.51577,1.60491,0.87538,1.27835,-0.04148,1.01404,2.62049,4.62555,3.14049,3.07376,2.62288,0.62101,2.98848,2.57196,4.20535,3.02148,2.14723,1.58113,3.51855
87,0.10724,-1.32663,-2.20879,-2.54979,-2.69544,-2.90251,-3.46681,-2.36153,3.02327,0.00153,-0.55716,-0.88662,-2.97115,-0.35408,-0.77901,-0.28318,-0.49166,-0.75872,-0.69370,-1.10732
88,1.43760,0.35055,0.40742,-0.44262,-0.38491,-0.34791,-0.10272,0.37720,3.73197,0.63545,1.43047,0.93321,0.05917,0.84566,-0.43088,2.09617,0.93646,0.00067,-0.16254,-0.02880
89,-0.27772,-1.44212,-1.84055,-3.38627,-2.49451,-3.57601,-3.51501,-1.75649,1.68114,-0.22828,-1.24854,-0.91159,-3.15225,-0.41970,-1.25042,0.00860,-0.18266,-1.34633,-1.58561,-0.90150
90,2.75608,1.94320,1.25870,-0.00654,0.51498,-0.07413,0.88911,5.77387,4.52927,2.19606,1.41337,2.07078,7.86117,2.04295,1.27896,2.32114,2.00868,2.51095,3.94347,3.50079
91,0.39921,-0.67471,1.65194,-1.15124,1.26684,-2.10081,7.27952,6.25681,3.31371,1.25283,1.57248,0.31005,10.14786,0.92712,-0.62028,0.97545,-0.00836,-1.32492,-1.10454,5.05269
92,0.76099,-0.16297,-0.37700,-1.09469,-0.94066,-1.08992,-0.17575,-0.00216,4.30584,0.26576,0.11267,0.52572,0.26372,0.43729,-0.05838,1.86374,-0.00661,-0.36625,0.02871,1.03785
93,2.33910,1.49001,-0.00543,0.66988,-0.65097,-0.46580,0.84280,2.74576,2.93956,2.55992,2.03234,1.12441,1.77095,1.75134,1.39915,2.82124,3.51216,1.54503,2.40684,3.15265
94,0.85666,-0.14891,-1.65669,-3.16861,-2.30953,-2.59340,-2.03797,-0.12279,2.42889,-0.09216,-1.03233,-0.32097,0.37433,-0.60299,-1.07662,1.64425,1.07725,-0.13282,-0.17477,-0.04322
95,1.10834,0.00000,7.81508,16.50864,11.86286,14.45364,49.28988,68.72946,4.76042,0.72328,7.14748,3.96988,55.44504,12.25928,18.10874,12.54698,17.97254,22.31014,27.79940,36.12030
96,1.82496,0.52200,0.87222,-0.44722,0.19034,-0.68394,-0.75579,-0.78221,4.65597,0.58805,0.59418,1.00705,-1.03639,1.39559,0.51003,2.13745,0.80052,-0.01689,-1.51298,0.47692
97,2.44889,1.77020,-0.01245,0.01424,-0.51501,0.47253,0.53355,2.11586,5.25731,2.00347,1.11425,1.04875,-0.53744,1.49584,2.31601,3.60842,3.35595,0.05234,0.49741,0.48570
98,1.33414,0.53441,-0.73960,-2.50214,-1.82590,-2.59860,1.11103,4.73134,3.95590,1.45478,-0.36730,0.54396,2.59034,0.52148,0.13355,2.55504,2.18404,-0.56566,2.47148,0.52273
99,3.02173,2.16414,2.56146,3.91837,3.36792,2.76694,2.23047,3.14586,-0.00154,3.60035,3.80852,2.44858,2.67952,3.23360,3.74148,4.20298,3.76851,3.13294,3.49601,4.13214
100,1.21284,0.36082,1.42125,-0.39437,0.69625,-0.56306,-0.12369,-0.46030,-0.96007,1.40688,1.94198,0.88998,-0.00379,1.26183,0.70381,1.79593,1.10213,-0.49500,-0.77408,0.27976
101,2.51132,1.93967,2.75324,-0.05271,3.33759,0.50502,6.04801,11.19590,2.85512,1.91128,3.76105,2.44090,9.74674,2.07621,1.55129,-0.12581,2.26639,4.64820,4.52720,5.06788
102,0.54070,-0.19718,0.31410,-0.43014,0.51522,-1.01466,-0.17891,-0.59543,7.15558,-0.11798,-0.32211,0.57710,-0.12275,0.70213,-0.30229,0.00884,-0.29473,0.00839,0.31243,0.34918
103,0.69350,0.08510,0.52502,0.03865,0.19804,-0.32407,0.35309,0.15093,-0.09296,0.55661,0.52409,0.39857,0.38617,0.52361,-0.02330,-0.00857,-0.10385,0.13950,0.32498,0.88633
104,5.14464,3.71056,2.35353,1.57468,3.09736,0.65784,-0.00757,5.98155,3.80883,3.98722,3.15011,4.23247,1.35504,4.42501,3.12953,5.00437,2.90980,4.60392,6.48750,3.54848
105,2.94032,1.67907,2.16557,-0.33653,1.53402,-0.30084,0.37067,0.54463,10.18434,2.17355,2.67791,2.24436,1.82481,0.93943,0.01505,0.81314,-1.02062,1.45596,0.95180,1.24738
106,0.65359,0.05330,0.32459,-0.02678,-0.07472,-0.02910,-0.36211,0.64471,2.15296,0.62004,0.08585,0.91506,-0.84708,0.88221,-0.18747,0.79426,0.45574,-0.00995,0.08000,0.56390
107,1.17819,0.31300,0.44121,-0.34725,-0.17050,-0.13576,-0.08677,-0.04310,1.92833,0.99833,1.04219,1.02524,0.04412,0.55753,0.23752,0.95795,0.50744,-0.05533,-0.40362,0.37053
108,5.48494,3.71569,3.46182,2.98090,4.57201,2.22433,2.73169,-0.01866,8.61231,3.59311,4.14986,3.87879,9.37972,4.35611,4.71372,5.18743,2.84769,5.08028,6.11074,2.69272
109,1.41303,0.70214,0.67721,-0.05108,1.10828,-0.22828,2.04595,2.61221,6.64903,0.76128,1.47053,0.28019,1.55615,0.89697,-0.01656,1.59129,0.14586,-0.02606,0.56757,2.24821
110,0.31865,-0.20505,0.14197,-0.66379,-0.30564,-0.86423,-0.75635,-0.69703,0.46928,0.09179,-0.12834,0.03771,-0.55752,-0.13691,-0.61094,0.69174,-0.00250,-0.49741,-0.68697,-0.38864
111,-0.29171,-0.58914,-1.39984,-2.44155,-2.15737,-2.68802,-1.62879,-1.91143,-0.16986,-0.51673,-1.30802,-0.80983,-1.22943,-0.58906,-0.95613,0.67570,0.00000,-1.11843,-1.61693,-0.12238
112,3.23765,1.93880,2.80677,-0.02317,1.79924,-0.02283,-0.24330,1.59160,6.52072,2.43740,2.72975,2.31278,-0.27131,2.02712,2.31180,3.04030,2.18769,2.48099,2.93666,2.05855
113,-0.64428,-0.70985,0.38702,-0.65212,0.34489,-0.90168,-0.15834,0.06533,1.77952,-0.65032,-0.13925,0.01270,-0.10560,-0.13272,-0.97583,0.71134,-0.00558,-0.85009,-0.57462,0.26914
114,1.09209,0.35306,0.97112,-0.03856,0.52871,-0.36827,0.30557,0.97625,1.21961,0.37226,0.39244,0.46816,0.48808,0.51510,0.43991,1.69255,1.41984,-0.12907,-0.59581,0.33568
115,4.56954,2.83819,3.07040,1.38466,4.02217,1.69679,-0.07391,1.63749,3.90752,4.02987,2.32237,3.27322,-0.01187,2.44371,4.19569,5.12666,4.55425,1.94076,1.47896,2.23671
116,-1.17785,0.09316,0.45278,0.02667,0.76489,-0.22204,0.03447,1.37536,2.17081,-0.13633,0.40734,0.09404,-0.03142,0.22949,-0.00887,1.11516,0.71597,0.10824,0.03189,0.18549
117,0.73709,0.18643,1.52543,-0.36794,1.39930,-0.11553,-0.33219,-0.12753,2.54434,-0.18226,0.13184,0.08955,-1.12867,0.60786,-0.00000,1.80759,1.44116,0.12653,0.30819,0.82502
118,1.97307,0.71174,-0.46928,-0.78423,-0.41843,-0.85308,-1.62545,-1.92333,0.11704,1.45384,0.59065,0.12849,-1.00849,1.47469,0.85907,1.09539,0.58485,-0.03117,1.18997,0.07028
119,1.21977,1.28180,-0.01545,0.35294,-0.10739,0.22318,-0.80644,0.34180,2.61346,1.31750,0.90945,1.03663,-0.52689,1.28808,0.69676,-0.12296,0.40844,0.85063,1.16866,1.36254
120,1.13685,-0.34783,0.27800,-0.76746,-0.12171,-0.98124,0.21941,0.53339,1.11353,-0.42634,0.43394,-0.78042,0.04605,-0.01646,-0.60274,-0.21624,-0.07010,-0.12264,-0.01190,0.48091
121,0.19195,2.33033,2.75062,2.38290,2.62032,2.07075,2.07755,1.64233,0.00005,0.48447,2.36990,2.27116,2.15556,0.19872,2.10341,-0.58029,0.44866,0.47037,0.66460,2.00799
122,0.26996,-0.01117,0.25681,-0.00306,0.18729,0.29523,-0.00705,0.06440,-0.80341,0.23059,0.17221,-0.05540,-0.02813,-0.06570,-0.30748,0.00791,-0.73320,-0.07375,-0.21432,-0.31810
123,0.66618,0.56372,0.85509,-0.32100,0.29283,-0.28263,0.42607,0.61881,0.46607,0.70179,0.86134,0.34764,2.06496,0.53395,0.85770,1.21737,1.19751,0.01578,-0.00250,1.14405
124,0.04977,0.00000,0.72372,-0.00026,0.85506,-0.03031,-0.07471,0.25099,-1.20834,-0.00673,0.70767,0.46069,-0.03156,0.18548,0.26967,0.36379,0.19521,-0.01518,0.07147,0.45009
125,0.70363,-1.22798,-1.10809,-1.00893,-0.83457,-1.13570,0.24539,-1.23839,-1.56205,0.39669,-1.18827,0.29565,0.21246,-1.07050,-1.10862,-1.42598,-0.02156,-1.16180,-1.25507,0.28589
126,0.92319,0.44009,0.64244,-0.02596,0.13713,-0.34079,-0.15639,0.22367,3.87161,0.23683,0.53341,0.23150,-0.07472,0.79401,-0.37907,0.78553,0.42059,-0.42664,-0.48280,0.13480
127,-0.03894,-0.00218,0.12905,0.02109,0.09108,-0.03901,-0.12232,-0.06791,-0.56870,0.11144,0.09985,2.25374,-0.08342,0.00644,-0.00055,-0.06562,-0.09127,0.02055,0.06574,-0.01329
128,0.31035,-0.27522,-0.02661,-0.74370,-0.31006,-0.88758,-1.09462,-1.46949,-0.26338,0.72889,0.69958,0.18321,-0.67246,0.72378,0.37488,0.46398,-0.02566,0.31918,0.28236,1.13251
129,0.00000,2.78926,5.31761,4.43302,5.28925,4.26596,4.23607,4.31824,7.90744,4.32529,5.05605,4.31034,4.29354,2.97693,4.32509,4.20294,4.23866,2.88554,2.89226,4.45565
130,-0.04744,0.00000,-0.07371,-0.16609,-0.25889,-0.05207,0.04740,-0.09628,-0.31865,-0.00038,-0.07484,-0.22911,0.04352,-0.28089,-0.06472,-0.47221,-0.27187,-0.30213,-0.19011,-0.12515
131,0.95288,0.12042,1.18610,-0.19663,0.60530,-0.23694,0.05017,0.77636,0.25055,1.10489,1.27443,0.55431,1.31391,0.56084,0.51667,-0.02963,0.26906,-0.51769,-0.00280,1.20870
132,-0.43145,-0.70886,-0.42779,-0.75409,-0.12372,-0.80936,-0.97018,-0.36543,-1.00986,-0.83512,0.38753,-0.43851,-0.93975,0.17311,0.00000,0.35682,-0.10170,-0.43327,-0.08356,0.26216
133,1.12791,0.25488,0.71563,-1.74269,0.31571,-2.36306,-0.65566,-0.38706,-0.79907,1.16490,1.50990,0.05396,0.31317,-0.05479,0.22915,0.84845,-0.42096,-0.07359,0.63453,0.29512
134,1.80044,1.66518,4.25603,-0.00000,3.60819,0.08782,-1.04101,1.63852,6.86774,1.50764,3.75288,0.99147,-0.70391,1.30994,1.21711,1.76621,2.97381,1.47655,2.35446,1.42315
135,0.29762,-0.36323,-0.18023,-0.56976,-0.55515,-0.90580,-1.19489,-0.30879,-0.88243,0.09524,-0.08246,-0.13676,-1.27347,0.02871,-0.60966,0.17668,-0.27337,-0.92435,-0.88622,0.00356
136,0.10536,0.38950,0.57471,0.22877,0.59700,-0.37978,0.28183,-0.27333,-0.34956,0.28144,0.71562,0.68070,0.36578,0.30016,0.20585,-0.38886,-0.02953,0.23711,0.26866,0.69142
137,0.28617,0.02558,0.52747,0.00018,0.38669,-0.03955,-0.06500,-0.01417,-0.25818,0.26650,0.40941,0.38918,0.11450,-0.04300,0.01820,-0.03824,0.24079,-0.04414,0.19773,0.31887
138,0.61727,-0.14693,-0.49609,-2.14482,-1.01152,-1.90989,-2.74626,-2.12572,2.04442,0.66992,0.74834,-0.48143,-2.49210,0.48535,-0.11803,1.05334,0.96721,-1.51355,-1.75836,-0.36553
139,-0.82649,-0.29575,0.29266,-0.79331,-0.00993,-0.42541,0.05521,1.56007,-0.69969,-0.71980,0.35409,-0.65623,0.37095,-0.21060,-0.55856,-0.29210,0.00102,0.30972,0.09190,0.99227
140,1.52660,1.50270,1.33564,1.04400,1.32766,0.69324,0.39126,0.80011,1.32365,1.88162,1.88744,1.22125,0.58827,1.42168,1.30139,2.00675,1.13530,0.02945,-0.09242,0.82531
141,2.08586,1.24434,1.11072,-0.01938,0.25609,-0.10795,0.47336,1.04739,2.98649,1.38479,1.58465,1.21721,1.54468,1.65603,0.76760,1.48094,0.46705,0.65677,-0.20009,1.06133
142,0.30424,-0.49547,-0.94304,-1.27209,-0.96173,-1.02766,-1.24877,-0.72850,-2.29929,0.00096,-0.27030,-0.43159,-0.95351,-0.65470,-0.34665,0.26965,0.85151,-0.96339,-1.26254,-0.05335
143,1.32689,1.88524,2.62870,1.16443,2.61587,1.12914,1.07064,1.42044,-0.00544,1.94847,2.96428,2.47928,1.11633,1.09807,2.12070,0.22780,1.54592,0.79245,1.48499,2.02250
144,-1.89195,0.66284,2.19874,-0.00412,1.90137,-0.15489,-0.15512,-0.01102,3.45299,-0.00313,0.76398,0.39256,-0.12227,0.27709,0.26353,-0.27474,0.17827,0.06074,-0.99338,0.33992
145,0.00000,2.63902,4.50735,2.71736,4.53641,2.52592,2.31471,2.64122,7.65276,2.88163,3.57058,2.88967,2.45110,2.89083,2.65001,2.44002,2.86048,2.65990,2.75229,2.97157
146,0.92922,0.95383,0.66186,0.55367,0.82605,0.59284,0.26729,0.44190,2.37378,0.74042,0.57869,0.71038,0.37240,0.34843,0.17067,0.56434,-0.00945,0.37526,0.33475,0.47025
147,0.35970,0.83112,1.15608,0.83893,1.09706,0.62305,0.30435,0.59430,4.30738,0.47932,0.58135,0.89766,0.50855,-0.71004,0.24294,-0.28854,-0.02465,0.75205,0.74310,0.75928
148,0.52267,0.07928,0.49081,-0.11149,0.22804,0.01903,0.11748,-0.00328,-0.35536,0.63802,0.21507,0.58309,0.20724,0.60698,-0.31480,0.37512,0.02961,0.29633,0.22033,0.58732
149,0.77893,-0.02226,0.17327,-0.22027,0.02839,-0.25511,-0.01412,-0.02116,-1.23911,0.58437,0.94755,0.74441,0.03636,0.19433,-0.01992,0.40274,0.22463,-0.07057,0.00835,0.65680
150,0.14906,-0.31486,-0.05830,-0.89300,-0.68439,-0.91443,-0.98839,-0.34799,-0.14545,0.25647,0.24449,0.35234,-0.78880,0.16915,-0.58209,-0.00266,-0.36605,-0.81010,-0.64517,-0.74185
151,1.36625,0.48931,0.44942,-0.70952,0.00540,-0.62763,2.49045,1.45839,7.62248,0.70962,0.06911,0.94883,3.04327,1.89676,0.14224,2.78605,0.33023,-0.09866,-0.02764,0.63468
152,1.11693,0.00000,0.03603,-0.91631,-0.68020,-0.87421,-0.78093,-0.66225,3.33945,0.74170,0.98751,0.43115,-0.80321,-0.16311,-0.30194,0.39381,-0.15700,-0.66640,-0.43251,-0.08905
153,1.18561,0.53382,0.74465,0.32221,0.24912,0.40664,0.26238,0.40512,3.75691,0.94457,0.53216,1.29258,0.34131,0.67410,0.34495,1.07558,0.58951,0.42610,-0.00000,0.57504
154,0.77334,-0.00000,0.30079,-0.17566,-0.06358,-0.27216,-0.00650,0.05358,2.92568,0.51724,0.36866,0.53439,0.07809,-0.07959,-0.29334,0.43950,0.17745,-0.10065,0.11100,0.07889
155,1.71340,0.61407,1.57891,-0.21713,1.17485,-0.34621,1.36457,2.84968,4.82133,0.61110,0.80327,0.59123,1.66588,1.45654,1.31519,3.27029,1.48963,0.44682,0.84395,1.90767
156,1.24300,0.25306,0.00088,-0.59638,-0.40246,-0.61015,-0.23393,-0.16421,4.23790,0.35185,0.18744,0.75472,-0.13242,0.07639,-0.25860,0.94336,-0.04787,-0.41545,-0.03333,0.28822
157,0.59233,-0.31497,0.01334,-0.51305,-0.56996,-0.91579,-0.78551,-0.71889,1.83091,-0.33663,0.30318,0.18709,-0.70308,-0.24528,-0.63986,-0.01071,-0.39199,-0.35601,-0.50204,-0.00155
158,0.98728,0.00000,1.20107,-0.43162,0.76212,-0.30303,-0.35353,-0.12928,3.55818,0.58384,1.29861,0.81088,-0.17320,0.69281,0.21235,1.15531,0.83319,-1.04605,-0.24210,0.67933
159,2.87943,1.44534,1.21339,-0.01091,0.14507,-0.00162,0.53819,1.27999,6.43598,2.26350,1.84986,1.95919,0.65296,2.35913,1.43544,1.75818,1.24270,0.85430,1.41872,2.19367
160,1.15373,0.21728,0.31644,-0.43161,-0.35990,-0.71103,-0.72637,-0.50651,3.87328,0.21953,-0.08890,0.80400,-0.66129,0.42562,0.12488,0.57902,0.05213,-0.22626,-0.00359,0.27470
161,0.30945,-0.46846,-0.17615,-0.55316,-0.27948,-0.59207,-0.39003,-0.86281,1.80446,-0.29301,0.00001,-0.09280,-0.63411,-0.26866,-0.18610,-0.01296,-0.31933,-0.44375,-0.39379,-0.20391
162,0.94552,-0.31906,1.27614,-0.88731,1.90879,-0.13899,5.82827,11.63974,5.52575,0.35457,0.46849,-0.27251,6.34063,3.99949,-0.84428,4.20932,2.87789,2.23855,2.23051,-0.00198
163,1.36581,0.23726,0.34408,-0.04431,-0.31658,-0.52557,0.68739,0.50963,10.13633,0.89466,0.64754,0.88298,0.72510,1.38252,0.81833,1.19958,0.57171,0.46743,0.79589,1.38296
164,0.54653,0.00000,0.20196,-0.55039,-0.51239,-0.67473,-0.68177,-0.59753,2.37212,0.61917,0.43044,0.54645,-0.66020,0.40885,-0.53172,0.17013,-0.11163,-0.50167,-0.46439,0.25964
165,2.82654,1.70082,2.24417,0.71276,1.61180,0.90866,0.73470,1.50407,-0.00337,2.38905,2.46393,2.01394,1.39664,2.05425,1.50473,2.47475,2.09640,0.89000,0.29925,2.01259
166,2.94402,1.49120,2.97178,-0.54801,1.90876,-0.19090,-0.44594,11.95584,1.57987,1.97121,2.19009,1.52342,-0.01322,3.05574,3.27492,3.13139,3.01898,3.20200,4.72646,1.37654
167,1.22884,-0.56261,-0.57844,-1.47468,-0.98449,-1.38463,-1.20431,-0.61893,2.73070,-0.00928,-0.35980,-0.04346,-1.88328,-0.28810,0.28731,0.33901,-0.75146,-0.56998,-0.25491,-0.58076
168,0.57574,-0.42738,-0.19030,-0.80647,-0.84516,-1.01721,-0.60764,-1.13715,3.05354,0.32444,0.29861,0.19843,-0.26206,-0.16285,-0.74710,0.00091,-0.43855,-0.85572,-0.79685,-0.05090
169,0.83713,-0.47807,-0.89350,-2.26611,-1.10693,-2.18582,-2.68474,-1.90130,2.07360,-0.44099,-1.23410,-0.82709,-2.28064,-0.29503,-1.02683,-0.30934,-0.02499,-1.85210,-2.09913,-1.16502
170,2.03342,0.97240,2.64573,-0.00836,3.81250,0.14794,6.64676,7.00759,8.83274,1.73124,2.54762,1.47572,5.21215,2.27599,1.23764,2.65905,1.82511,0.97481,1.87751,6.90605
171,1.20502,0.46906,1.04450,-0.07917,0.43571,-0.15806,-0.07044,0.45623,4.48642,0.45129,1.17580,1.09212,0.17952,0.33719,0.18414,1.00059,0.66758,0.07888,-0.06386,0.49622
172,0.82544,0.13173,0.54225,0.03302,0.17510,0.06124,0.22990,0.79849,3.30253,1.17645,0.27264,0.96179,0.29464,0.78984,-0.03527,1.78930,0.93695,0.01522,-0.25583,0.73353
173,3.65887,2.68758,2.28699,1.70846,1.71292,0.59479,1.53138,2.19812,5.23854,3.17180,3.14077,2.76664,4.01278,4.10985,2.34958,5.32488,5.56345,0.53004,-0.04633,5.04024
174,2.02184,1.33579,1.87991,-0.00925,1.24463,0.43205,0.60570,1.80345,6.77400,1.62898,2.84980,1.79190,0.93407,2.51306,1.60702,2.82058,1.74038,1.07058,1.31448,2.31973
175,0.24198,0.00000,0.18231,-0.12024,0.02317,-0.21870,-0.09710,-0.11531,-0.47901,0.27552,0.27281,0.25489,-0.03268,0.21356,-0.33978,0.58030,0.18516,-0.23836,-0.84933,0.12036
176,1.29063,-0.00000,0.94630,-0.94794,0.37313,-0.86042,-0.04579,-0.54547,2.65873,0.80128,0.74281,0.64572,0.03904,-0.88819,0.16969,1.33091,0.63124,-0.49957,-0.50060,0.03741
177,4.00900,3.50774,4.96342,1.78107,6.46975,1.52894,7.55246,10.47388,10.89808,3.93720,5.18670,2.88428,9.75149,5.83630,3.64662,9.76995,8.02694,0.90122,-0.06197,5.76828
178,1.03726,1.16575,1.50594,-0.00470,0.75690,-0.08196,0.27980,0.63717,3.64115,0.48884,1.23076,0.69589,0.32946,0.72094,0.46666,1.47633,0.85693,0.06456,-0.14691,0.37555
179,0.05618,-0.18399,0.25235,-0.31061,-0.12743,-0.43975,0.22387,0.07939,-0.92130,-0.01405,-0.03088,-0.66942,0.25888,0.12414,-0.26745,0.33510,0.00159,-1.13643,-0.98134,-0.33437
180,0.91106,0.00000,6.39502,8.86932,9.72877,7.03957,20.96102,47.03502,7.88513,3.42942,6.68033,2.94149,36.84588,8.35295,12.68347,6.94016,10.91118,12.49096,21.75014,26.52156
181,0.12272,1.57950,5.66884,-0.00087,7.39139,-1.08481,6.00659,10.44006,6.54349,0.36870,3.95937,0.86062,11.50881,2.64130,2.52892,2.39242,2.89389,1.80568,3.92450,4.93286
182,-1.57443,-0.31614,1.20166,0.04342,0.93193,-0.29322,0.78280,1.00970,8.13699,-0.13633,3.57095,0.79052,1.03600,0.89222,0.50840,1.78289,2.01303,-0.02819,0.13216,0.52905
183,-3.06261,-2.48621,-2.23043,-2.86619,-1.92763,-4.71353,-0.73516,2.50147,0.55432,-2.31201,-1.86279,-2.76558,1.11894,-2.97363,-1.82684,-0.12688,-0.01491,-2.20198,0.79424,3.57017
184,1.40543,1.00720,2.12217,1.09460,1.57438,0.98377,1.05284,0.68835,3.06189,1.34614,1.91516,1.38871,1.68462,-0.00810,1.45908,0.98928,2.92756,1.53489,1.48072,1.40715
185,0.00000,0.30138,0.47356,0.39334,0.57504,0.55573,0.57603,0.38306,0.20148,0.22797,0.43221,0.30854,0.44272,0.16722,0.17011,0.28051,0.33584,0.24413,0.13869,0.27983
186,0.00000,-0.22063,0.04925,-0.12111,0.07187,-0.07852,-0.32800,-0.08948,-0.56252,-0.09070,0.00499,0.00785,-0.22744,-0.29935,-0.14230,-0.76101,-0.45490,-0.11808,-0.30917,-0.02564
187,0.28733,0.00000,0.46060,0.31831,0.15428,-0.24820,-0.02634,-0.00438,2.14097,-0.92839,-0.56167,-0.04339,0.12352,-0.06427,-0.45223,-0.38898,-0.16111,0.01648,-0.25350,0.15312
188,0.47261,0.21157,0.41130,0.16988,0.08338,-0.03218,0.26849,0.18545,-0.34424,0.47529,0.34312,0.46408,0.26417,0.23069,-0.06672,-0.20338,-0.41791,-0.03718,-0.01030,0.48736
189,0.68883,0.27885,0.06054,-0.00467,-0.12566,0.06980,0.09430,0.15735,2.58121,0.39792,0.06269,0.22208,0.10251,0.39236,-0.06881,0.39094,0.11453,-0.19040,-0.17134,0.58598
190,0.03498,0.00000,0.77402,-0.07726,2.18018,-0.45469,-0.02271,-0.95187,1.78697,-0.32578,0.52394,-0.13169,0.54056,-0.35602,0.13217,0.79541,0.63409,0.05544,0.05643,0.50598
191,0.52930,1.62414,1.33311,1.26836,0.68058,1.01459,-0.08672,-0.12175,1.97523,0.51490,1.30921,0.27969,-0.12050,-0.33080,-0.38270,-0.46940,-0.02505,-0.73731,-0.36160,-0.08079
192,4.25240,3.49612,3.53774,2.04192,2.42311,2.40200,1.25573,2.17027,2.66140,4.10749,4.34666,3.68589,0.00662,4.10238,3.64910,4.76963,4.27706,3.27478,2.71931,3.91793
193,2.59871,2.11857,2.45065,0.78492,2.39134,0.80992,0.56466,3.81558,4.35956,2.26246,2.97613,1.72136,1.49640,1.52732,1.39808,6.93592,5.56366,0.47407,1.10803,-0.00278
194,0.78521,0.00000,1.31581,7.28601,4.12324,3.61206,18.91856,18.85802,3.80281,0.19553,0.49210,1.77073,17.38388,4.11914,4.63451,9.27260,6.60163,6.15803,7.30760,21.59174
195,1.98942,1.99269,2.56653,-0.89742,2.38499,-1.23174,3.66348,2.82406,10.91546,2.22054,3.17580,1.06425,6.82233,1.10405,1.32099,2.86898,3.28321,-0.03787,-0.74926,2.43326
196,0.51373,0.00000,1.16375,-0.44866,1.18937,-0.52365,0.28572,5.96719,3.54290,-0.14264,0.73608,-0.28770,2.47944,1.28058,1.94570,2.52324,3.48093,0.62628,-0.58467,1.48792
197,-0.60550,-1.22015,-0.91989,-1.60325,-0.52208,-1.97262,0.37630,2.51998,-2.91425,-0.27439,0.00000,-0.86217,1.52636,-0.02642,-0.46513,0.76014,-0.28426,-1.64379,-1.62445,-0.02731
198,-0.52733,-0.89736,-0.62129,-0.90970,-0.90323,-1.00747,-1.13313,-0.35491,-1.56817,-0.98179,-0.85554,-0.49553,-0.28644,-0.79994,-1.01729,0.29032,-0.03252,-0.78068,-0.28288,-0.53091
199,-0.20631,-0.30310,0.64349,-0.28722,0.51902,-0.31484,-0.32650,-0.22474,-0.17824,-0.06612,0.53536,-0.13722,-0.25325,-0.15798,-0.04882,-0.11113,0.25579,-0.43355,-0.20069,-0.02574
200,0.78541,0.59884,0.75145,0.00003,-0.09270,-0.40775,0.22489,0.79108,1.53713,1.23924,1.37708,1.02631,0.30232,0.86853,0.04926,1.51876,1.27676,-0.38931,-0.05755,0.92227
201,0.66798,0.34181,2.22545,0.77704,2.41225,1.05812,0.72095,0.83031,3.99249,-0.00005,0.79617,0.62778,0.59683,0.92078,0.49711,1.04072,0.98865,0.38482,0.28251,0.84345
202,-0.02141,-0.22466,0.00297,-0.18313,-0.17245,-0.20854,-0.11071,-0.25123,-0.79972,0.01264,-0.00002,0.06376,-0.06497,0.06214,-0.43083,0.15530,-0.47668,-0.16823,-0.37812,0.21430
203,0.22563,0.01306,0.21977,0.00015,0.12468,-0.21482,-0.22529,-0.06863,2.24832,0.23204,0.14535,0.22534,-0.21250,-0.24066,-0.11664,-0.23902,0.03917,-0.13552,-0.04044,-0.15797
204,0.89865,0.55502,0.45461,-0.10373,0.48582,0.24881,0.39189,1.70005,3.77477,-0.00018,-0.04988,0.36528,0.38061,1.31562,0.62611,2.55575,1.11314,0.02083,-0.08222,1.78074
205,0.22938,0.17811,0.72036,-0.67134,-0.39043,-0.23202,-0.16604,-0.00687,-0.18991,0.29634,0.35783,0.16181,-0.06157,0.28971,-1.28126,0.13037,-0.00054,-0.11971,-1.13905,0.23853
206,0.86067,0.67485,0.43603,0.01686,0.27149,-0.34845,-0.29871,-0.59632,0.99664,0.63427,0.48156,0.52060,-0.17520,0.32924,0.14458,0.52220,0.52174,-0.00229,-0.02066,0.61718
207,-0.49338,0.00000,3.63764,2.00917,4.25919,-0.47389,3.19489,5.86244,3.25114,0.22574,-0.28253,-1.14584,3.88800,1.62472,2.13181,3.03146,2.81633,0.54644,0.59785,2.97076
208,-0.28060,1.44755,2.22564,0.15379,1.68236,-0.32944,-0.65142,0.10959,3.94388,1.40412,2.16856,1.16242,-0.24868,1.74040,1.23778,3.49348,2.12297,-0.04971,-0.28787,0.70460
209,-0.21201,0.93114,2.07080,0.89110,1.71813,0.68308,0.71215,2.65797,-0.07398,0.61935,1.82921,1.53806,0.86864,0.17295,1.38715,-0.50158,-0.16650,1.31142,0.05195,1.40737
210,0.26586,0.00000,0.59591,-0.04377,0.52584,-0.47111,-0.22745,-0.33084,-0.53871,0.25147,0.54190,0.22334,-0.21693,0.49008,-0.31673,0.64204,-0.10051,-0.30836,-0.18583,-0.10087
211,2.87332,2.08868,1.33558,-0.00734,0.95789,0.17950,2.31844,4.15700,3.51438,2.70191,2.41733,1.81129,3.01410,2.54478,2.41230,3.29179,2.85322,1.47744,1.50935,4.30455
212,0.43255,0.41555,1.30555,-0.03145,0.85120,0.12804,0.17697,0.98406,-1.24062,0.06811,1.27430,0.78365,0.37810,0.14523,0.35993,-0.31837,-0.00000,0.11937,0.09946,0.96192
213,0.46069,0.40261,0.55081,0.47864,0.53931,0.27193,0.35114,0.36891,0.41004,0.67174,0.43163,0.39596,0.43615,0.27449,0.17031,-0.00109,0.34513,0.39332,0.41995,0.51734
214,1.94377,1.75937,1.61107,-0.08366,0.80284,0.32201,0.80165,0.36755,1.92911,1.87400,1.87178,1.39117,1.09814,1.89244,1.37557,2.12722,1.75678,1.19019,0.87091,1.40831
215,-0.34484,0.27799,2.11594,1.81323,2.02188,1.70862,1.72463,1.80688,1.47390,0.23958,2.07173,1.78231,1.81396,0.17076,1.74443,0.52102,1.84366,0.11384,-0.00562,1.99032
216,0.65773,0.58375,0.49266,0.46369,0.40235,0.51581,0.42683,0.13489,0.54915,0.61799,0.39834,0.49460,0.43041,0.44086,-0.00000,0.36346,-0.10663,0.47244,0.57044,0.63860
217,0.00000,3.54494,3.55573,2.45494,3.52608,2.44923,2.56090,3.27254,7.40233,2.94589,0.78290,2.84421,2.75427,2.67198,2.63193,2.25282,2.93704,2.74518,2.65728,3.22807
218,0.28826,0.09260,0.08783,-0.00037,0.13461,-0.09446,-0.37263,-0.56638,-0.51923,0.13372,0.04477,0.19054,-0.33062,0.19279,-0.25573,0.08462,-0.53655,-0.43054,-0.36282,0.10432
219,2.09128,1.67363,0.76174,-0.01756,0.25753,-0.01825,1.70570,1.71111,2.04542,1.31521,0.99817,0.92200,1.67336,1.41707,0.59814,2.19276,1.28816,0.50191,0.19663,1.88303
220,1.92809,1.58410,2.44073,1.54497,2.54390,1.02038,1.35272,0.62482,-0.00075,1.70913,2.61343,1.58804,1.42234,2.24491,1.66128,1.58103,1.45785,1.80149,1.71546,2.10483
221,0.26543,0.03354,-0.01765,-0.14831,-0.13000,-0.30347,-0.09242,-0.43575,-0.92170,0.47145,0.16903,0.34849,-0.04173,0.27790,-0.80237,0.21925,-0.87522,-0.31813,-0.28663,0.24088
222,-0.15405,0.03109,0.25181,-0.01455,0.45051,0.01059,-0.51087,-0.15895,0.37745,-0.00637,0.33525,0.11105,-0.51942,-0.31642,-0.76768,0.20394,0.22335,-0.36473,-0.17042,-0.37006
223,0.94186,1.01405,0.95887,0.30937,0.49783,0.36773,-0.02949,0.55705,0.24083,0.80815,0.32300,0.94430,0.18341,0.60720,0.84898,0.42902,-0.01431,-0.01363,0.12180,0.73323
224,-0.17765,-0.65974,0.20512,-1.10402,-0.60697,-1.01379,-1.11172,-1.10519,2.87443,0.00532,0.01982,-0.56040,-0.90830,-0.17716,-0.65084,0.11952,-0.13237,-0.97821,-0.96297,-0.20245
225,0.96537,0.59661,0.55624,0.13618,0.89916,0.24080,-0.00274,-0.57400,1.00363,0.97172,1.13265,0.35134,0.02373,0.20957,0.65798,1.83185,1.31495,0.23016,0.21525,0.28178
226,2.24578,0.53306,-0.47458,-0.84675,0.03033,-0.99658,0.11401,0.69171,4.45256,2.12877,1.11999,0.36182,1.24233,0.18102,0.39161,1.85379,1.79546,-0.06156,-0.05738,2.74645
227,0.76174,0.62048,-0.01603,0.91584,1.18882,0.14985,0.12150,0.56866,4.79506,1.64443,3.08509,0.91120,0.29444,1.75708,0.79811,2.16900,1.23225,0.50154,0.99363,1.61056
228,0.72834,0.07158,6.09071,7.17006,7.18578,3.28542,13.16686,19.97358,9.54487,0.00060,4.46605,0.15028,11.00644,3.80432,6.28504,5.65929,7.97593,3.58663,3.50787,14.88704
229,1.09603,1.13167,1.81040,0.45722,1.28254,0.25272,0.00906,0.20103,1.50610,0.53518,0.61436,1.00968,0.06502,0.64136,0.77417,0.33994,0.72014,0.39757,0.49546,0.68624
230,0.54241,0.80037,2.11730,0.00005,0.58715,0.71878,0.89273,0.83829,2.27712,0.43396,2.03938,0.14855,1.29662,0.20233,0.47944,0.07433,0.55357,0.11396,0.18421,0.54607
231,-0.26662,-0.62775,1.26047,-0.39629,-1.70654,-1.50820,-0.88938,1.35210,-2.70509,-0.09515,0.73694,0.22252,-1.10094,-0.27487,0.97466,0.60363,0.52503,0.11692,3.20525,-0.40938
232,0.75402,0.00000,0.61328,-0.26030,0.11097,-0.31814,0.05103,0.01617,3.57751,0.58322,0.79110,0.59193,-0.32459,0.42412,0.23452,0.22684,-0.07649,-0.26276,-0.06141,0.46244
233,3.87971,1.69438,1.65199,-0.01310,2.74698,1.23014,5.18785,11.76206,2.29085,2.26119,2.04090,3.28246,8.82110,1.50269,2.86995,3.22284,3.02807,3.45271,5.34344,3.13435
234,0.37006,0.83392,0.03374,-1.28584,-0.43216,-0.75092,-1.48894,1.07038,2.44241,0.53668,-0.11041,0.36777,3.85733,0.63973,-0.20997,1.18353,0.00000,-1.45121,-0.17984,-0.39431
235,-0.25996,-1.18808,1.38295,-2.15817,1.50820,-1.97800,0.84520,4.39569,2.94586,-0.94299,-0.46561,-2.53062,0.62268,-0.96811,-0.21559,-0.19813,-0.01965,-0.88228,-0.43242,0.52978
236,0.46920,0.61136,1.02355,0.03871,0.69205,-0.03111,-0.04985,-0.12096,0.71951,-0.00388,0.14830,0.96909,-0.01397,0.26707,0.57263,0.77075,0.39954,0.17115,0.37591,-0.21662
237,0.87834,0.26402,1.04538,0.38159,0.20871,0.11528,0.57233,0.57923,-0.37671,0.19163,-0.00139,1.02718,0.63856,-0.04044,0.43817,-0.47253,0.26114,0.59320,0.54334,1.04326
238,0.94114,1.15558,2.20488,-0.12743,1.41513,-0.26985,-0.97333,-0.15320,6.13745,1.80752,2.38166,0.89307,-0.66585,1.07556,0.81095,0.68041,1.20699,-0.04405,0.68128,0.66074
239,1.73029,0.12293,-0.02785,3.40392,2.95438,-0.21300,8.27743,10.63761,5.53090,1.40383,1.44917,0.62248,7.06365,1.57369,0.94567,5.73544,3.83899,0.00000,0.07982,6.26848
240,1.66466,1.22226,0.71062,-0.04818,0.62170,0.37239,0.47260,0.81739,4.92842,0.82657,1.01546,1.16142,0.63447,1.18010,1.00944,0.69059,0.57960,0.67852,1.46581,1.31669
241,-1.64993,0.05122,1.07623,-0.06865,1.09409,-0.74410,1.50459,1.30886,1.77189,-0.02541,1.48831,-0.27406,1.20112,-0.02915,-0.24590,0.25412,0.35088,-0.01059,0.01476,1.93758
242,-0.29488,0.54112,0.70083,-0.75693,0.10872,-0.26419,1.47717,2.34788,2.71446,-0.18984,0.00742,0.13051,3.51801,-0.04762,0.08561,-0.07545,0.68534,0.40433,0.18188,1.72186
243,0.13653,0.03048,0.75388,-0.10657,0.49959,-0.46291,-0.41313,-0.27452,-1.03585,0.51400,0.62194,0.32174,-0.20471,0.45774,-0.00398,0.37477,0.03898,-0.26780,-0.38009,0.54619
