system,apr1_sasa,apr2_sasa,apr3_sasa,Rg
WT,0.368,3.283,3.344,2.489
WT,0.384,3.181,2.069,2.248
WT,1.093,2.046,4.450,2.305
WT,0.168,2.557,3.368,2.248
WT,0.672,1.873,4.254,2.421
G26R,1.501,4.560,3.096,2.550
G26R,1.127,3.085,1.599,2.657
G26R,1.323,2.434,2.494,2.378
G26R,1.156,1.096,5.577,2.334
G26R,0.560,1.989,2.299,2.355
L60R,0.307,1.703,3.715,2.388
L60R,0.646,2.764,2.448,2.482
L60R,0.583,1.950,4.675,2.531
L60R,0.363,2.546,3.701,2.435
L60R,1.283,4.757,3.943,2.697
Δ107,0.293,2.172,2.488,2.325
Δ107,0.363,3.561,0.954,2.267
Δ107,0.572,2.549,1.099,2.136
Δ107,1.075,2.667,2.036,2.308
Δ107,0.481,2.423,2.828,2.300
R173P,0.851,0.350,2.020,2.524
R173P,0.235,3.677,2.224,2.221
R173P,0.241,0.747,3.015,2.223
R173P,0.180,1.316,6.212,2.489
R173P,0.825,0.604,4.437,2.435
