Position,Variant,Frequency,gnomAD
243,Q243P,0.000004057651106927222,gnomAD_v2
243,Q243E,0.000004055840816359639,gnomAD_v2
237,T237S,0.000004034828640827624,gnomAD_v2
232,A232T,0.00003214426345438327,gnomAD_v2
230,L230R,0.000012037846990939514,gnomAD_v2
229,F229L,0.000004010491445621746,gnomAD_v2
227,V227D,0.00000400753416422875,gnomAD_v2
219,L219V,0.000004002657764755798,gnomAD_v2
218,L218M,0.000012002592559992959,gnomAD_v2
214,L214P,0.00000800102413108878,gnomAD_v2
212,E212K,0.000008001600320064013,gnomAD_v2
209,P209L,0.000003999264135399086,gnomAD_v2
205,E205D,0.000011999616012287607,gnomAD_v2
205,E205K,0.000004001088296016517,gnomAD_v2
204,S204R,0.000004002593680705097,gnomAD_v2
201,S201G,0.000016022046335758,gnomAD_v2
198,E198K,0.00001606593459558026,gnomAD_v2
197,T197S,0.0000214096086323542,gnomAD_v2
196,A196P,0.000004024403985769708,gnomAD_v2
194,A194G,0.000004031607805192711,gnomAD_v2
191,E191Q,0.000008125126955108673,gnomAD_v2
189,L189V,0.000028620960355881198,gnomAD_v2
188,R188S,0.00003187352584942946,gnomAD_v2
188,R188I,0.000004101285342826442,gnomAD_v2
185,G185R,0.000007230657989877079,gnomAD_v2
184,N184Y,0.000004079667751858289,gnomAD_v2
183,E183D,0.000004078769190609042,gnomAD_v2
182,K182R,0.000004084767086580723,gnomAD_v2
181,L181V,0.000004097520999795124,gnomAD_v2
180,A180V,0.00005344164172723386,gnomAD_v2
177,R177H,0.00001824990692547468,gnomAD_v2
177,R177S,0.000016561912569663546,gnomAD_v2
175,A175T,0.000008280476292996373,gnomAD_v2
173,R173S,0.000004159802991730312,gnomAD_v2
172,Q172P,0.000004150066401062417,gnomAD_v2
169,E169K,0.000016669305973445794,gnomAD_v2
168,D168E,0.000012514600367094944,gnomAD_v2
168,D168N,0.000004170837504170838,gnomAD_v2
166,Y166C,0.000004172508178116029,gnomAD_v2
165,P165R,0.000004177039648460344,gnomAD_v2
164,A164G,0.000004178994701034719,gnomAD_v2
164,A164V,0.000004178994701034719,gnomAD_v2
164,A164S,0.0005062112489746451,gnomAD_v2
160,R160L,0.0000042083999663328,gnomAD_v2
158,A158V,0.000004196250230793763,gnomAD_v2
158,A158E,0.00003187962254526906,gnomAD_v2
158,A158T,0.000004190974317709381,gnomAD_v2
153,R153L,0.000004204224404681825,gnomAD_v2
152,A152V,0.00003768844221105528,gnomAD_v2
152,A152S,0.000008363371776965602,gnomAD_v2
152,A152T,0.000029271801219379605,gnomAD_v2
147,E147V,0.000004087538729429461,gnomAD_v2
147,E147K,0.000008167132193201679,gnomAD_v2
146,E146K,0.000004075378195096505,gnomAD_v2
144,L144P,0.000004051666855744453,gnomAD_v2
144,L144V,0.000004048255202007935,gnomAD_v2
142,S142R,0.0000716671205584302,gnomAD_v2
141,L141R,0.00000402184667111751,gnomAD_v2
140,K140N,0.000004017613216340437,gnomAD_v2
139,E139G,0.00001203533574574952,gnomAD_v2
139,E139K,0.000008020339581177867,gnomAD_v2
138,Q138P,0.000008023299662219085,gnomAD_v2
136,E136D,0.000004003619271821727,gnomAD_v2
136,E136Q,0.000010672434524614192,gnomAD_v2
136,E136K,0.000020022425116130065,gnomAD_v2
135,H135Q,0.00000400297821579255,gnomAD_v2
132,Q132R,0.000003994375918706461,gnomAD_v2
131,R131L,0.00006378364587319811,gnomAD_v2
130,A130V,0.000003999776012543298,gnomAD_v2
130,A130T,0.0000039982088024564996,gnomAD_v2
128,E128K,0.00020364646972855123,gnomAD_v2
126,L126I,0.00003547105561861521,gnomAD_v2
123,R123H,0.0000039884812661034935,gnomAD_v2
120,E120K,0.000003983175068510611,gnomAD_v2
118,K118R,0.000027885113333067762,gnomAD_v2
116,R116C,0.000007965398309742479,gnomAD_v2
116,R116S,0.0000318694626808592,gnomAD_v2
115,Y115H,0.000003981969641463454,gnomAD_v2
112,M112T,0.000007958995256438828,gnomAD_v2
110,E110A,0.000004017032216598377,gnomAD_v2
109,Q109E,0.0000039771868561928774,gnomAD_v2
108,W108C,0.00003185119123455217,gnomAD_v2
108,W108L,0.000031855249745158005,gnomAD_v2
107,K107M,0.000017677589059693683,gnomAD_v2
106,K106R,0.000003976807260059334,gnomAD_v2
105,Q105P,0.000007953424744695065,gnomAD_v2
103,D103N,0.0000039766174891637175,gnomAD_v2
102,D102G,0.000010606028466580404,gnomAD_v2
99,P99T,0.000003976554236223228,gnomAD_v2
99,P99S,0.000003976554236223228,gnomAD_v2
97,V97A,0.000003976427736378747,gnomAD_v2
95,A95V,0.000003976459360585334,gnomAD_v2
89,D89E,0.00001192918833802548,gnomAD_v2
86,M86I,0.00000795279222535032,gnomAD_v2
83,R83S,0.00003185322036057845,gnomAD_v2
80,E80D,0.000011929378081756004,gnomAD_v2
80,E80K,0.000003976522610507564,gnomAD_v2
77,K77E,0.0000039767440010816745,gnomAD_v2
76,E76G,0.000003976775630318937,gnomAD_v2
75,L75P,0.000003976965416308739,gnomAD_v2
73,D73N,0.000003977598167122764,gnomAD_v2
71,F71Y,0.0005163279885134705,gnomAD_v2
68,T68I,0.000007957601897092292,gnomAD_v2
64,L64F,0.000003980638175912363,gnomAD_v2
63,Q63H,0.000019902557080533708,gnomAD_v2
59,K59N,0.000003981715960310255,gnomAD_v2
57,F57Y,0.000003982667431338813,gnomAD_v2
57,F57I,0.000003982572263773726,gnomAD_v2
54,T54I,0.000007968825952872363,gnomAD_v2
47,L47V,0.0000039913786221761,gnomAD_v2
43,N43K,0.000007998848165864115,gnomAD_v2
38,L38F,0.000003981398904319021,gnomAD_v2
37,A37T,0.002869252649901646,gnomAD_v2
36,S36A,0.0003360262595679056,gnomAD_v2
36,S36P,0.000003979054258383867,gnomAD_v2
35,G35A,0.0000039785793288932385,gnomAD_v2
35,G35V,0.000047742951946718865,gnomAD_v2
29,Y29C,0.000021214156914047308,gnomAD_v2
26,G26V,0.000003977345042637139,gnomAD_v2
26,G26S,0.000027841193830391448,gnomAD_v2
25,S25I,0.000003977155220413942,gnomAD_v2
25,S25N,0.00003184713375796178,gnomAD_v2
25,S25R,0.0000039771868561928774,gnomAD_v2
20,D20E,0.00000397728176654947,gnomAD_v2
19,V19L,0.000031849162367029746,gnomAD_v2
19,V19M,0.00001988767441490462,gnomAD_v2
17,V17L,0.000007955829236081276,gnomAD_v2
16,T16A,0.0000039789275994334005,gnomAD_v2
15,A15V,0.000007957981855801368,gnomAD_v2
10,R10L,0.00000796292462295552,gnomAD_v2
10,R10Q,0.000007078292998860395,gnomAD_v2
7,P7L,0.000007966794400936894,gnomAD_v2
7,P7A,0.00001062195061501094,gnomAD_v2
6,S6R,0.000003983841538718956,gnomAD_v2
6,S6G,0.000003983841538718956,gnomAD_v2
5,Q5H,0.000003983936766955635,gnomAD_v2
5,Q5K,0.00003186336986999745,gnomAD_v2
4,P4R,0.000011952381711262332,gnomAD_v2
4,P4S,0.000003984444727782736,gnomAD_v2
3,P3H,0.00008148977480477884,gnomAD_v2
3,P3S,0.000015946801470295095,gnomAD_v2
3,P3T,0.000003986700367573774,gnomAD_v2
232,A232T,0.0000209260473486698,gnomAD_v3
227,V227L,0.000006975446428571428,gnomAD_v3
219,L219R,0.000006978464458680512,gnomAD_v3
219,L219P,0.000006978464458680512,gnomAD_v3
218,L218M,0.000041847424291034884,gnomAD_v3
197,T197S,0.00006976906439684643,gnomAD_v3
196,A196P,0.000006977101154012531,gnomAD_v3
194,A194P,0.000013953812879369287,gnomAD_v3
181,L181V,0.00000697622502511441,gnomAD_v3
180,A180V,0.000013954591758418107,gnomAD_v3
177,R177L,0.000006976030359684125,gnomAD_v3
177,R177H,0.00001395206071936825,gnomAD_v3
175,A175T,0.000013951671410234946,gnomAD_v3
168,D168E,0.000006976906439684643,gnomAD_v3
168,D168V,0.000006977003795490065,gnomAD_v3
168,D168H,0.000006976419701409236,gnomAD_v3
167,S167R,0.000006976517043631138,gnomAD_v3
167,S167R,0.000006976517043631138,gnomAD_v3
167,S167N,0.000006976711736224483,gnomAD_v3
167,S167R,0.000006978659259982972,gnomAD_v3
166,Y166C,0.000006978464458680512,gnomAD_v3
165,P165R,0.000006976711736224483,gnomAD_v3
165,P165S,0.000006976322361903699,gnomAD_v3
164,A164V,0.00000697622502511441,gnomAD_v3
164,A164S,0.0005721222946290276,gnomAD_v3
158,A158E,0.000006976906439684643,gnomAD_v3
152,A152T,0.00004883834507779251,gnomAD_v3
147,E147V,0.00002791307867301224,gnomAD_v3
147,E147K,0.000027907625758738574,gnomAD_v3
144,L144P,0.000006977587987384521,gnomAD_v3
144,L144M,0.000006975641061413544,gnomAD_v3
142,S142R,0.000034882098507046184,gnomAD_v3
142,S142T,0.000006975933031042902,gnomAD_v3
142,S142N,0.000006975933031042902,gnomAD_v3
141,L141R,0.000006977393245883338,gnomAD_v3
140,K140N,0.000006977295879209054,gnomAD_v3
139,E139G,0.00003488258521815569,gnomAD_v3
136,E136Q,0.00003488307194284758,gnomAD_v3
136,E136K,0.000006976614388569515,gnomAD_v3
135,H135Q,0.000013954786491766676,gnomAD_v3
131,R131L,0.000013956149777399411,gnomAD_v3
128,E128K,0.00009766169987164462,gnomAD_v3
127,Q127R,0.000006978367062107467,gnomAD_v3
126,L126I,0.00008372755055050864,gnomAD_v3
118,K118R,0.00002093071931905393,gnomAD_v3
116,R116S,0.000006977490615275122,gnomAD_v3
109,Q109E,0.000006978074888699706,gnomAD_v3
107,K107M,0.000006981192666955222,gnomAD_v3
106,K106R,0.000006977101154012531,gnomAD_v3
105,Q105H,0.000006975933031042902,gnomAD_v3
103,D103N,0.000013952644723807398,gnomAD_v3
102,D102G,0.00000697797750300053,gnomAD_v3
101,L101V,0.000006976517043631138,gnomAD_v3
99,P99S,0.000006978172277117177,gnomAD_v3
89,D89E,0.000013970382788488405,gnomAD_v3
77,K77E,0.000013954981230550245,gnomAD_v3
76,E76G,0.0000069768090865961545,gnomAD_v3
75,L75P,0.000006982655084769433,gnomAD_v3
71,F71Y,0.0004537268424800011,gnomAD_v3
68,T68I,0.000013957318519965944,gnomAD_v3
63,Q63H,0.000006977393245883338,gnomAD_v3
63,Q63K,0.000013953423472448966,gnomAD_v3
60,L60P,0.000006977490615275122,gnomAD_v3
55,S55F,0.000020931011386470194,gnomAD_v3
54,T54I,0.000013950892857142857,gnomAD_v3
53,V53G,0.0000069776853622116475,gnomAD_v3
52,S52N,0.000013954397030504313,gnomAD_v3
43,N43K,0.00000697622502511441,gnomAD_v3
37,A37T,0.0008931561906888468,gnomAD_v3
36,S36A,0.00041871955559897835,gnomAD_v3
35,G35V,0.00002092925910422771,gnomAD_v3
35,G35D,0.000006976419701409236,gnomAD_v3
29,Y29C,0.00006977393245883338,gnomAD_v3
27,R27T,0.000006975251806590218,gnomAD_v3
25,S25N,0.000013952839402818473,gnomAD_v3
22,L22P,0.000006978951482329295,gnomAD_v3
20,D20E,0.000006977587987384521,gnomAD_v3
20,D20N,0.000006975933031042902,gnomAD_v3
19,V19M,0.000034882098507046184,gnomAD_v3
19,V19L,0.000006976419701409236,gnomAD_v3
16,T16N,0.000006977587987384521,gnomAD_v3
15,A15V,0.000013956344554234355,gnomAD_v3
13,D13N,0.000006977003795490065,gnomAD_v3
11,V11M,0.000006976517043631138,gnomAD_v3
10,R10L,0.0000069776853622116475,gnomAD_v3
10,R10G,0.000006978951482329295,gnomAD_v3
7,P7A,0.000013955370724423295,gnomAD_v3
6,S6R,0.000006977490615275122,gnomAD_v3
5,Q5K,0.000013959656592447826,gnomAD_v3
4,P4R,0.00002790996246110049,gnomAD_v3
4,P4S,0.000006977587987384521,gnomAD_v3
3,P3L,0.000006977198515252156,gnomAD_v3
3,P3H,0.00018838435991180822,gnomAD_v3
3,P3S,0.000006976614388569515,gnomAD_v3
2,E2Q,0.00000697797750300053,gnomAD_v3
