Mutation,ddG,Rhapsody
Q243E,0.03898,0.493
T237S,0.19163,0.079
A232T,0.7911,0.212
L230R,0.18420999999999998,0.397
F229L,0.45721999999999996,0.054000000000000006
V227D,2.169,0.19
L219V,0.76174,0.076
L218M,-0.09446,0.478
L214P,1.9291099999999999,0.627
E212K,0.11937,0.21100000000000002
P209L,0.8911,0.735
E205D,0.13037,0.248
E205K,-0.11971,0.305
S204R,-0.08222,0.049
S201G,0.66798,0.08800000000000001
E198K,-0.78068,0.11900000000000001
T197S,-0.27439,0.034
A196P,3.5429,0.503
A194G,0.7852100000000001,0.341
E191Q,-0.3827,0.17600000000000002
L189V,0.06054,0.09300000000000001
R188S,0.47529,0.109
R188I,0.08338,0.254
G185R,0.13869,0.604
N184Y,1.68462,0.365
E183D,-0.12688,0.113
K182R,0.13216,0.18899999999999997
L181V,5.66884,0.39399999999999996
A180V,6.39502,0.353
R177H,5.76828,0.5
R177S,3.9372,0.551
A175T,0.27281,0.068
R173S,3.1718,0.133
Q172P,3.3025300000000004,0.068
E169K,-1.8521,0.128
D168E,-0.43855,0.06
D168N,-0.16285,0.19899999999999998
Y166C,1.52342,0.645
P165R,0.29925,0.652
A164G,0.5465300000000001,0.071
A164V,0.20196,0.166
A164S,0.61917,0.094
R160L,-0.43161000000000005,0.42
A158V,1.20107,0.105
A158E,0.83319,0.087
A158T,1.29861,0.034
R153L,0.32221,0.48
A152V,0.03603,0.040999999999999995
A152S,0.7417,0.23
A152T,0.98751,0.051
E147V,1.15608,0.425
E147K,0.75205,0.301
E146K,0.37526,0.29100000000000004
L144P,3.4529900000000002,0.32799999999999996
L144V,2.1987400000000004,0.10099999999999999
S142R,-1.26254,0.153
L141R,-0.20009000000000002,0.536
K140N,1.4216799999999998,0.359
E139G,-0.82649,0.08199999999999999
E139K,0.30972,0.086
Q138P,2.04442,0.359
E136D,-0.38886,0.061
E136Q,0.20585,0.156
E136K,0.23711,0.179
H135Q,-0.6096600000000001,0.061
Q132R,-0.08356,0.085
R131L,-0.19663,0.06
A130V,-0.07371,0.185
A130T,-0.07484,0.11
E128K,0.31918,0.068
L126I,0.13713,0.42100000000000004
R123H,1.14405,0.15
E120K,-0.12264000000000001,0.065
K118R,1.18997,0.045
R116C,0.09404,0.522
R116S,-0.13633,0.13
Y115H,2.23671,0.649
M112T,2.72975,0.235
E110A,-0.20505,0.147
Q109E,0.14586,0.027999999999999997
W108C,3.87879,0.521
W108L,2.9809,0.564
K107M,-0.13576,0.49200000000000005
K106R,0.08,0.166
Q105P,10.184339999999999,0.51
D103N,0.52361,0.048
D102G,0.5407,0.396
P99T,3.8085199999999997,0.701
P99S,3.60035,0.439
V97A,1.7702,0.46399999999999997
A95V,7.81508,0.22899999999999998
D89E,-0.18266,0.172
M86I,1.27835,0.124
R83S,2.1552599999999997,0.37
E80D,-0.08664,0.096
E80K,0.28961,0.215
K77E,1.1066799999999999,0.32
E76G,-0.08668,0.175
L75P,7.93646,0.664
D73N,-1.3928200000000002,0.23600000000000002
F71Y,1.09578,0.391
T68I,-0.87223,0.259
L64F,0.35035,0.302
Q63H,3.3549300000000004,0.374
K59N,0.42266000000000004,0.066
F57Y,-0.48768,0.264
F57I,3.60929,0.062
T54I,-1.13434,0.27
L47V,0.9333799999999999,0.047
N43K,-0.31426,0.335
L38F,-0.10915,0.36200000000000004
A37T,-0.09933,0.040999999999999995
S36A,0.54238,0.337
S36P,0.54693,0.675
G35A,2.0612,0.022000000000000002
G35V,3.06446,0.11
Y29C,-0.18975,0.385
G26V,7.550210000000001,0.8109999999999999
G26S,1.79213,0.425
S25I,1.98491,0.649
S25N,2.1872700000000003,0.5539999999999999
S25R,4.69739,0.6629999999999999
D20E,3.50503,0.183
V19L,1.00475,0.242
V19M,-1.1961,0.507
V17L,-0.33403,0.281
T16A,0.28039000000000003,0.32899999999999996
A15V,1.7223700000000002,0.295
R10L,-2.03962,0.442
R10Q,-0.01984,0.168
P7L,4.1485,0.395
P7A,1.96722,0.315
S6R,-0.55105,0.21899999999999997
S6G,-0.18245999999999998,0.306
Q5H,1.03693,0.086
Q5K,0.5644600000000001,0.027000000000000003
P4R,0.7266100000000001,0.693
P4S,0.8997700000000001,0.6
P3H,1.28169,0.705
P3S,1.78918,0.76
P3T,2.0748599999999997,0.755
A232T,0.7911,0.212
V227L,0.91584,0.098
L219R,0.19663,0.154
L219P,2.04542,0.166
L218M,-0.09446,0.478
T197S,-0.27439,0.034
A196P,3.5429,0.503
A194P,3.80281,0.435
L181V,5.66884,0.39399999999999996
A180V,6.39502,0.353
R177L,1.7810700000000002,0.57
R177H,5.76828,0.5
A175T,0.27281,0.068
D168E,-0.43855,0.06
D168V,-0.1903,0.397
D168H,-0.0509,0.289
S167R,-0.25490999999999997,0.23600000000000002
S167R,-0.25490999999999997,0.23600000000000002
S167N,-0.2881,0.318
S167R,-0.25490999999999997,0.23600000000000002
Y166C,1.52342,0.645
P165R,0.29925,0.652
P165S,2.38905,0.415
A164V,0.20196,0.166
A164S,0.61917,0.094
A158E,0.83319,0.087
A152T,0.98751,0.051
E147V,1.15608,0.425
E147K,0.75205,0.301
L144P,3.4529900000000002,0.32799999999999996
L144M,-0.15489,0.275
S142R,-1.26254,0.153
S142T,-0.2703,0.034
S142N,-0.6547,0.237
L141R,-0.20009000000000002,0.536
K140N,1.4216799999999998,0.359
E139G,-0.82649,0.08199999999999999
E136Q,0.20585,0.156
E136K,0.23711,0.179
H135Q,-0.6096600000000001,0.061
R131L,-0.19663,0.06
E128K,0.31918,0.068
Q127R,0.06573999999999999,0.081
L126I,0.13713,0.42100000000000004
K118R,1.18997,0.045
R116S,-0.13633,0.13
Q109E,0.14586,0.027999999999999997
K107M,-0.13576,0.49200000000000005
K106R,0.08,0.166
Q105H,1.24738,0.488
D103N,0.52361,0.048
D102G,0.5407,0.396
L101V,2.7532400000000004,0.5479999999999999
P99S,3.60035,0.439
D89E,-0.18266,0.172
K77E,1.1066799999999999,0.32
E76G,-0.08668,0.175
L75P,7.93646,0.664
F71Y,1.09578,0.391
T68I,-0.87223,0.259
Q63H,3.3549300000000004,0.374
Q63K,0.5219600000000001,0.382
L60P,5.43139,0.736
S55F,-0.6159100000000001,0.348
T54I,-1.13434,0.27
V53G,1.2815,0.319
S52N,7.882389999999999,0.33799999999999997
N43K,-0.31426,0.335
A37T,-0.09933,0.040999999999999995
S36A,0.54238,0.337
G35V,3.06446,0.11
G35D,2.78735,0.068
Y29C,-0.18975,0.385
R27T,3.1379900000000003,0.605
S25N,2.1872700000000003,0.5539999999999999
L22P,6.8126,0.647
D20E,3.50503,0.183
D20N,2.96746,0.233
V19M,-1.1961,0.507
V19L,1.00475,0.242
T16N,3.65927,0.297
A15V,1.7223700000000002,0.295
D13N,2.08756,0.617
V11M,-0.68758,0.251
R10L,-2.03962,0.442
R10G,0.73036,0.381
P7A,1.96722,0.315
S6R,-0.55105,0.21899999999999997
Q5K,0.5644600000000001,0.027000000000000003
P4R,0.7266100000000001,0.693
P4S,0.8997700000000001,0.6
P3L,1.28983,0.763
P3H,1.28169,0.705
P3S,1.78918,0.76
E2Q,0.09736,0.6779999999999999
