System,Position,RMSF
WT,1,0.702
WT,1,0.7466
WT,1,0.5268
WT,1,0.9041
WT,1,0.701
WT,2,0.5757
WT,2,0.6361
WT,2,0.4473
WT,2,0.7613
WT,2,0.5921
WT,3,0.4326
WT,3,0.491
WT,3,0.339
WT,3,0.5558
WT,3,0.4468
WT,4,0.4529
WT,4,0.4004
WT,4,0.3445
WT,4,0.5198
WT,4,0.4164
WT,5,0.3481
WT,5,0.3244
WT,5,0.2639
WT,5,0.3887
WT,5,0.3224
WT,6,0.3136
WT,6,0.3098
WT,6,0.2539
WT,6,0.3789
WT,6,0.2884
WT,7,0.2852
WT,7,0.2877
WT,7,0.2351
WT,7,0.3555
WT,7,0.2906
WT,8,0.2608
WT,8,0.2609
WT,8,0.2193
WT,8,0.2707
WT,8,0.2564
WT,9,0.2386
WT,9,0.2518
WT,9,0.2328
WT,9,0.2563
WT,9,0.233
WT,10,0.2218
WT,10,0.2645
WT,10,0.2546
WT,10,0.2481
WT,10,0.1936
WT,11,0.2106
WT,11,0.2831
WT,11,0.2559
WT,11,0.2331
WT,11,0.1874
WT,12,0.1981
WT,12,0.2665
WT,12,0.2445
WT,12,0.1996
WT,12,0.1686
WT,13,0.1987
WT,13,0.2571
WT,13,0.2671
WT,13,0.1951
WT,13,0.1788
WT,14,0.2022
WT,14,0.2415
WT,14,0.2109
WT,14,0.1979
WT,14,0.2152
WT,15,0.1733
WT,15,0.1903
WT,15,0.2355
WT,15,0.1875
WT,15,0.2634
WT,16,0.1586
WT,16,0.2063
WT,16,0.2413
WT,16,0.1721
WT,16,0.2078
WT,17,0.1865
WT,17,0.2384
WT,17,0.1978
WT,17,0.1777
WT,17,0.1587
WT,18,0.1977
WT,18,0.2045
WT,18,0.1971
WT,18,0.1972
WT,18,0.2208
WT,19,0.1765
WT,19,0.1779
WT,19,0.2281
WT,19,0.191
WT,19,0.1697
WT,20,0.1763
WT,20,0.2183
WT,20,0.2018
WT,20,0.1764
WT,20,0.2292
WT,21,0.2007
WT,21,0.2209
WT,21,0.1826
WT,21,0.1971
WT,21,0.2602
WT,22,0.2009
WT,22,0.1824
WT,22,0.2172
WT,22,0.2228
WT,22,0.1948
WT,23,0.1851
WT,23,0.2042
WT,23,0.2251
WT,23,0.2056
WT,23,0.2001
WT,24,0.192
WT,24,0.2276
WT,24,0.207
WT,24,0.1962
WT,24,0.2402
WT,25,0.2077
WT,25,0.2034
WT,25,0.2406
WT,25,0.2203
WT,25,0.2305
WT,26,0.1993
WT,26,0.1952
WT,26,0.2504
WT,26,0.2278
WT,26,0.1754
WT,27,0.1966
WT,27,0.2197
WT,27,0.2331
WT,27,0.1999
WT,27,0.1814
WT,28,0.2072
WT,28,0.2215
WT,28,0.2715
WT,28,0.2035
WT,28,0.2324
WT,29,0.218
WT,29,0.2134
WT,29,0.2996
WT,29,0.2233
WT,29,0.2201
WT,30,0.2239
WT,30,0.2418
WT,30,0.28
WT,30,0.2197
WT,30,0.1699
WT,31,0.2332
WT,31,0.2617
WT,31,0.2971
WT,31,0.2373
WT,31,0.1806
WT,32,0.2445
WT,32,0.2678
WT,32,0.3309
WT,32,0.248
WT,32,0.17
WT,33,0.287
WT,33,0.2942
WT,33,0.3787
WT,33,0.2959
WT,33,0.2296
WT,34,0.322
WT,34,0.3194
WT,34,0.4606
WT,34,0.3385
WT,34,0.2515
WT,35,0.2936
WT,35,0.2926
WT,35,0.4382
WT,35,0.311
WT,35,0.2222
WT,36,0.3172
WT,36,0.3095
WT,36,0.4239
WT,36,0.3086
WT,36,0.2443
WT,37,0.326
WT,37,0.3329
WT,37,0.3725
WT,37,0.2847
WT,37,0.2854
WT,38,0.3923
WT,38,0.3394
WT,38,0.4363
WT,38,0.3305
WT,38,0.3255
WT,39,0.3656
WT,39,0.2462
WT,39,0.4076
WT,39,0.3572
WT,39,0.262
WT,40,0.3001
WT,40,0.2308
WT,40,0.3381
WT,40,0.3093
WT,40,0.2486
WT,41,0.3633
WT,41,0.2945
WT,41,0.3902
WT,41,0.3341
WT,41,0.3339
WT,42,0.4358
WT,42,0.2445
WT,42,0.4658
WT,42,0.4227
WT,42,0.341
WT,43,0.3829
WT,43,0.2695
WT,43,0.4186
WT,43,0.4053
WT,43,0.3063
WT,44,0.3415
WT,44,0.3426
WT,44,0.4057
WT,44,0.3606
WT,44,0.3522
WT,45,0.4524
WT,45,0.3265
WT,45,0.5133
WT,45,0.4548
WT,45,0.4286
WT,46,0.485
WT,46,0.3588
WT,46,0.5394
WT,46,0.504
WT,46,0.4155
WT,47,0.4552
WT,47,0.4453
WT,47,0.5243
WT,47,0.4802
WT,47,0.4094
WT,48,0.485
WT,48,0.4427
WT,48,0.5058
WT,48,0.5362
WT,48,0.443
WT,49,0.4563
WT,49,0.3782
WT,49,0.4103
WT,49,0.4489
WT,49,0.4318
WT,50,0.449
WT,50,0.3398
WT,50,0.3719
WT,50,0.3723
WT,50,0.4018
WT,51,0.5185
WT,51,0.3278
WT,51,0.3109
WT,51,0.3609
WT,51,0.4517
WT,52,0.525
WT,52,0.3021
WT,52,0.3057
WT,52,0.2881
WT,52,0.4075
WT,53,0.4587
WT,53,0.2912
WT,53,0.2778
WT,53,0.2344
WT,53,0.3401
WT,54,0.4358
WT,54,0.3189
WT,54,0.2956
WT,54,0.2521
WT,54,0.3316
WT,55,0.4227
WT,55,0.3031
WT,55,0.282
WT,55,0.2377
WT,55,0.3465
WT,56,0.4156
WT,56,0.283
WT,56,0.2391
WT,56,0.2436
WT,56,0.2795
WT,57,0.4029
WT,57,0.3192
WT,57,0.2469
WT,57,0.2724
WT,57,0.3189
WT,58,0.4091
WT,58,0.3395
WT,58,0.2642
WT,58,0.2745
WT,58,0.3815
WT,59,0.4141
WT,59,0.3132
WT,59,0.2274
WT,59,0.2499
WT,59,0.3262
WT,60,0.4498
WT,60,0.3325
WT,60,0.2166
WT,60,0.3202
WT,60,0.3489
WT,61,0.472
WT,61,0.387
WT,61,0.2717
WT,61,0.3803
WT,61,0.4975
WT,62,0.4919
WT,62,0.3985
WT,62,0.2854
WT,62,0.3573
WT,62,0.5229
WT,63,0.5195
WT,63,0.3301
WT,63,0.2398
WT,63,0.4253
WT,63,0.4437
WT,64,0.6409
WT,64,0.3316
WT,64,0.266
WT,64,0.462
WT,64,0.5039
WT,65,0.5636
WT,65,0.3678
WT,65,0.2711
WT,65,0.4353
WT,65,0.4805
WT,66,0.4905
WT,66,0.3975
WT,66,0.239
WT,66,0.3677
WT,66,0.4754
WT,67,0.4021
WT,67,0.3883
WT,67,0.2394
WT,67,0.303
WT,67,0.453
WT,68,0.4042
WT,68,0.3512
WT,68,0.24
WT,68,0.3215
WT,68,0.4779
WT,69,0.4602
WT,69,0.3665
WT,69,0.2547
WT,69,0.3472
WT,69,0.4928
WT,70,0.4434
WT,70,0.3364
WT,70,0.2308
WT,70,0.3046
WT,70,0.4375
WT,71,0.3478
WT,71,0.2939
WT,71,0.2036
WT,71,0.2525
WT,71,0.4085
WT,72,0.3857
WT,72,0.3048
WT,72,0.2167
WT,72,0.3629
WT,72,0.422
WT,73,0.4334
WT,73,0.3228
WT,73,0.2225
WT,73,0.4137
WT,73,0.3775
WT,74,0.3611
WT,74,0.301
WT,74,0.1886
WT,74,0.3542
WT,74,0.3337
WT,75,0.3288
WT,75,0.2857
WT,75,0.1876
WT,75,0.3755
WT,75,0.3499
WT,76,0.3978
WT,76,0.3283
WT,76,0.2252
WT,76,0.502
WT,76,0.3466
WT,77,0.3939
WT,77,0.359
WT,77,0.2213
WT,77,0.5111
WT,77,0.3037
WT,78,0.4128
WT,78,0.4022
WT,78,0.2553
WT,78,0.607
WT,78,0.3045
WT,79,0.3935
WT,79,0.4156
WT,79,0.254
WT,79,0.5793
WT,79,0.3008
WT,80,0.3649
WT,80,0.4207
WT,80,0.2602
WT,80,0.5853
WT,80,0.2959
WT,81,0.3626
WT,81,0.4223
WT,81,0.2518
WT,81,0.5445
WT,81,0.3094
WT,82,0.331
WT,82,0.3652
WT,82,0.2133
WT,82,0.4455
WT,82,0.2748
WT,83,0.2807
WT,83,0.3264
WT,83,0.2088
WT,83,0.4261
WT,83,0.2341
WT,84,0.2762
WT,84,0.3508
WT,84,0.2207
WT,84,0.4293
WT,84,0.2416
WT,85,0.2801
WT,85,0.3501
WT,85,0.1998
WT,85,0.384
WT,85,0.2355
WT,86,0.2314
WT,86,0.2919
WT,86,0.1774
WT,86,0.3145
WT,86,0.1955
WT,87,0.2016
WT,87,0.276
WT,87,0.1999
WT,87,0.3108
WT,87,0.2053
WT,88,0.2208
WT,88,0.3176
WT,88,0.2026
WT,88,0.3178
WT,88,0.2211
WT,89,0.2087
WT,89,0.3273
WT,89,0.1836
WT,89,0.2681
WT,89,0.1928
WT,90,0.1703
WT,90,0.269
WT,90,0.2098
WT,90,0.2247
WT,90,0.1972
WT,91,0.1836
WT,91,0.2486
WT,91,0.2242
WT,91,0.2387
WT,91,0.2421
WT,92,0.212
WT,92,0.2574
WT,92,0.2164
WT,92,0.2444
WT,92,0.2503
WT,93,0.1944
WT,93,0.2535
WT,93,0.2248
WT,93,0.204
WT,93,0.2277
WT,94,0.1819
WT,94,0.2592
WT,94,0.2657
WT,94,0.1866
WT,94,0.2743
WT,95,0.2433
WT,95,0.2624
WT,95,0.3948
WT,95,0.2048
WT,95,0.3158
WT,96,0.2622
WT,96,0.2595
WT,96,0.2711
WT,96,0.2112
WT,96,0.2976
WT,97,0.3194
WT,97,0.2787
WT,97,0.1981
WT,97,0.199
WT,97,0.3228
WT,98,0.2823
WT,98,0.2056
WT,98,0.2382
WT,98,0.1675
WT,98,0.3104
WT,99,0.3341
WT,99,0.2144
WT,99,0.2167
WT,99,0.2277
WT,99,0.2515
WT,100,0.33
WT,100,0.2344
WT,100,0.1951
WT,100,0.181
WT,100,0.2438
WT,101,0.2732
WT,101,0.1888
WT,101,0.2453
WT,101,0.1442
WT,101,0.282
WT,102,0.3081
WT,102,0.2223
WT,102,0.2839
WT,102,0.2104
WT,102,0.2686
WT,103,0.3625
WT,103,0.2531
WT,103,0.2645
WT,103,0.2044
WT,103,0.2266
WT,104,0.3355
WT,104,0.1924
WT,104,0.332
WT,104,0.1414
WT,104,0.2353
WT,105,0.3168
WT,105,0.2181
WT,105,0.396
WT,105,0.1988
WT,105,0.2628
WT,106,0.3845
WT,106,0.2896
WT,106,0.4
WT,106,0.2528
WT,106,0.2581
WT,107,0.4233
WT,107,0.2672
WT,107,0.4345
WT,107,0.1851
WT,107,0.2335
WT,108,0.403
WT,108,0.2283
WT,108,0.5132
WT,108,0.2196
WT,108,0.23
WT,109,0.4519
WT,109,0.3114
WT,109,0.5547
WT,109,0.3114
WT,109,0.2669
WT,110,0.5787
WT,110,0.3569
WT,110,0.5683
WT,110,0.3234
WT,110,0.2733
WT,111,0.5752
WT,111,0.2983
WT,111,0.6236
WT,111,0.2703
WT,111,0.2425
WT,112,0.4671
WT,112,0.2944
WT,112,0.6771
WT,112,0.2329
WT,112,0.2446
WT,113,0.475
WT,113,0.3702
WT,113,0.766
WT,113,0.2095
WT,113,0.2867
WT,114,0.4244
WT,114,0.3623
WT,114,0.7789
WT,114,0.2868
WT,114,0.2624
WT,115,0.4137
WT,115,0.3313
WT,115,0.683
WT,115,0.3251
WT,115,0.2705
WT,116,0.4469
WT,116,0.4021
WT,116,0.7188
WT,116,0.3002
WT,116,0.333
WT,117,0.5107
WT,117,0.4032
WT,117,0.7453
WT,117,0.3361
WT,117,0.3638
WT,118,0.5619
WT,118,0.5537
WT,118,0.8773
WT,118,0.5048
WT,118,0.4391
WT,119,0.6321
WT,119,0.6156
WT,119,0.8725
WT,119,0.5839
WT,119,0.4587
WT,120,0.6246
WT,120,0.719
WT,120,0.8877
WT,120,0.6178
WT,120,0.493
WT,121,0.5766
WT,121,0.7605
WT,121,0.9121
WT,121,0.5772
WT,121,0.4788
WT,122,0.6224
WT,122,0.8213
WT,122,0.9919
WT,122,0.7181
WT,122,0.5481
WT,123,0.6837
WT,123,0.9969
WT,123,1.0286
WT,123,0.8187
WT,123,0.6651
WT,124,0.6622
WT,124,1.1097
WT,124,1.0821
WT,124,0.9265
WT,124,0.7726
WT,125,0.6192
WT,125,1.0418
WT,125,0.959
WT,125,0.8336
WT,125,0.7427
WT,126,0.5977
WT,126,1.027
WT,126,0.8359
WT,126,0.726
WT,126,0.7034
WT,127,0.6539
WT,127,0.9522
WT,127,0.7824
WT,127,0.5879
WT,127,0.6513
WT,128,0.6299
WT,128,0.998
WT,128,0.8328
WT,128,0.561
WT,128,0.6253
WT,129,0.5285
WT,129,0.9041
WT,129,0.8597
WT,129,0.5191
WT,129,0.516
WT,130,0.4937
WT,130,0.7355
WT,130,0.863
WT,130,0.4763
WT,130,0.4062
WT,131,0.427
WT,131,0.6264
WT,131,0.8347
WT,131,0.3911
WT,131,0.3152
WT,132,0.4054
WT,132,0.5511
WT,132,0.8353
WT,132,0.3566
WT,132,0.2692
WT,133,0.3498
WT,133,0.4267
WT,133,0.9732
WT,133,0.3366
WT,133,0.242
WT,134,0.4903
WT,134,0.3693
WT,134,1.159
WT,134,0.2877
WT,134,0.2166
WT,135,0.6687
WT,135,0.4739
WT,135,1.3469
WT,135,0.2644
WT,135,0.2365
WT,136,0.6486
WT,136,0.5189
WT,136,1.4086
WT,136,0.2635
WT,136,0.2055
WT,137,0.5601
WT,137,0.4932
WT,137,1.1981
WT,137,0.2624
WT,137,0.1946
WT,138,0.5187
WT,138,0.575
WT,138,1.2744
WT,138,0.3209
WT,138,0.1815
WT,139,0.477
WT,139,0.5817
WT,139,1.1441
WT,139,0.3731
WT,139,0.2044
WT,140,0.3812
WT,140,0.6886
WT,140,1.2049
WT,140,0.4466
WT,140,0.2326
WT,141,0.4492
WT,141,0.6209
WT,141,0.9513
WT,141,0.5161
WT,141,0.281
WT,142,0.5415
WT,142,0.7042
WT,142,0.8176
WT,142,0.5219
WT,142,0.2998
WT,143,0.6516
WT,143,0.7517
WT,143,0.6785
WT,143,0.6344
WT,143,0.365
WT,144,0.6788
WT,144,0.727
WT,144,0.6403
WT,144,0.6716
WT,144,0.4374
WT,145,0.6865
WT,145,0.6669
WT,145,0.6465
WT,145,0.6539
WT,145,0.472
WT,146,0.7124
WT,146,0.6904
WT,146,0.6839
WT,146,0.68
WT,146,0.561
WT,147,0.7252
WT,147,0.6798
WT,147,0.582
WT,147,0.6166
WT,147,0.6004
WT,148,0.7516
WT,148,0.6636
WT,148,0.4907
WT,148,0.5287
WT,148,0.5921
WT,149,0.854
WT,149,0.6284
WT,149,0.4745
WT,149,0.5315
WT,149,0.5879
WT,150,0.7711
WT,150,0.5835
WT,150,0.4931
WT,150,0.4854
WT,150,0.5003
WT,151,0.5912
WT,151,0.5795
WT,151,0.4358
WT,151,0.4267
WT,151,0.4332
WT,152,0.6813
WT,152,0.5439
WT,152,0.3812
WT,152,0.4118
WT,152,0.4539
WT,153,0.7516
WT,153,0.4865
WT,153,0.4109
WT,153,0.3992
WT,153,0.4236
WT,154,0.5777
WT,154,0.4764
WT,154,0.4219
WT,154,0.3455
WT,154,0.339
WT,155,0.4563
WT,155,0.4578
WT,155,0.3512
WT,155,0.3107
WT,155,0.3126
WT,156,0.5897
WT,156,0.3886
WT,156,0.3306
WT,156,0.3108
WT,156,0.3176
WT,157,0.5827
WT,157,0.3602
WT,157,0.3903
WT,157,0.3132
WT,157,0.2752
WT,158,0.3773
WT,158,0.3584
WT,158,0.3659
WT,158,0.2775
WT,158,0.2171
WT,159,0.3794
WT,159,0.3066
WT,159,0.2877
WT,159,0.2538
WT,159,0.2204
WT,160,0.5005
WT,160,0.2668
WT,160,0.3219
WT,160,0.2958
WT,160,0.2211
WT,161,0.4399
WT,161,0.2833
WT,161,0.3677
WT,161,0.3162
WT,161,0.2094
WT,162,0.2927
WT,162,0.2552
WT,162,0.3055
WT,162,0.2829
WT,162,0.2034
WT,163,0.3585
WT,163,0.2407
WT,163,0.2571
WT,163,0.2693
WT,163,0.2221
WT,164,0.4395
WT,164,0.2469
WT,164,0.323
WT,164,0.2709
WT,164,0.1868
WT,165,0.3104
WT,165,0.2674
WT,165,0.3344
WT,165,0.2641
WT,165,0.2221
WT,166,0.2478
WT,166,0.2594
WT,166,0.2577
WT,166,0.2693
WT,166,0.1967
WT,167,0.285
WT,167,0.2373
WT,167,0.2507
WT,167,0.2358
WT,167,0.1726
WT,168,0.2859
WT,168,0.2527
WT,168,0.2851
WT,168,0.2348
WT,168,0.2194
WT,169,0.2467
WT,169,0.2558
WT,169,0.2663
WT,169,0.2491
WT,169,0.2355
WT,170,0.2702
WT,170,0.234
WT,170,0.224
WT,170,0.2332
WT,170,0.1917
WT,171,0.3173
WT,171,0.2453
WT,171,0.2382
WT,171,0.2244
WT,171,0.24
WT,172,0.3043
WT,172,0.2588
WT,172,0.2508
WT,172,0.243
WT,172,0.3053
WT,173,0.3163
WT,173,0.2432
WT,173,0.2417
WT,173,0.2504
WT,173,0.2937
WT,174,0.3781
WT,174,0.2474
WT,174,0.2074
WT,174,0.238
WT,174,0.2878
WT,175,0.483
WT,175,0.2847
WT,175,0.2113
WT,175,0.2523
WT,175,0.3832
WT,176,0.5006
WT,176,0.2871
WT,176,0.2293
WT,176,0.2646
WT,176,0.4491
WT,177,0.5148
WT,177,0.2674
WT,177,0.2122
WT,177,0.2642
WT,177,0.5619
WT,178,0.623
WT,178,0.3132
WT,178,0.2142
WT,178,0.2764
WT,178,0.5642
WT,179,0.7048
WT,179,0.3628
WT,179,0.2388
WT,179,0.3029
WT,179,0.5613
WT,180,0.7212
WT,180,0.3427
WT,180,0.2958
WT,180,0.3053
WT,180,0.4938
WT,181,0.6503
WT,181,0.3575
WT,181,0.2675
WT,181,0.3007
WT,181,0.4366
WT,182,0.5709
WT,182,0.4034
WT,182,0.2743
WT,182,0.3156
WT,182,0.5026
WT,183,0.5493
WT,183,0.4538
WT,183,0.4063
WT,183,0.2386
WT,183,0.4643
WT,184,0.6305
WT,184,0.5211
WT,184,0.5235
WT,184,0.2686
WT,184,0.4254
WT,185,0.706
WT,185,0.6399
WT,185,0.5202
WT,185,0.297
WT,185,0.4003
WT,186,0.9136
WT,186,0.78
WT,186,0.6504
WT,186,0.4366
WT,186,0.3145
WT,187,1.0457
WT,187,0.875
WT,187,0.5905
WT,187,0.4579
WT,187,0.3307
WT,188,1.0609
WT,188,1.0677
WT,188,0.7256
WT,188,0.6099
WT,188,0.3192
WT,189,1.0672
WT,189,1.0304
WT,189,0.5402
WT,189,0.5159
WT,189,0.3673
WT,190,1.2603
WT,190,1.0012
WT,190,0.3814
WT,190,0.6316
WT,190,0.4231
WT,191,1.3151
WT,191,0.92
WT,191,0.2461
WT,191,0.7554
WT,191,0.475
WT,192,1.4774
WT,192,1.0674
WT,192,0.2927
WT,192,0.9793
WT,192,0.5224
WT,193,1.4446
WT,193,0.9253
WT,193,0.2469
WT,193,0.984
WT,193,0.4121
WT,194,1.5053
WT,194,0.7844
WT,194,0.2269
WT,194,1.1792
WT,194,0.3383
WT,195,1.5474
WT,195,0.6604
WT,195,0.2462
WT,195,1.2812
WT,195,0.3151
WT,196,1.3529
WT,196,0.6224
WT,196,0.2393
WT,196,1.2048
WT,196,0.3481
WT,197,1.078
WT,197,0.639
WT,197,0.2333
WT,197,1.1154
WT,197,0.3733
WT,198,1.096
WT,198,0.7373
WT,198,0.2347
WT,198,1.2283
WT,198,0.5508
WT,199,0.8758
WT,199,0.7579
WT,199,0.2698
WT,199,1.0427
WT,199,0.5155
WT,200,0.7685
WT,200,0.7634
WT,200,0.3034
WT,200,0.8978
WT,200,0.6078
WT,201,0.7094
WT,201,0.8197
WT,201,0.3253
WT,201,0.8884
WT,201,0.6211
WT,202,0.807
WT,202,0.8176
WT,202,0.3492
WT,202,0.9887
WT,202,0.6827
WT,203,0.6734
WT,203,0.776
WT,203,0.332
WT,203,0.8731
WT,203,0.69
WT,204,0.5742
WT,204,0.6998
WT,204,0.2936
WT,204,0.87
WT,204,0.6678
WT,205,0.6046
WT,205,0.7145
WT,205,0.3774
WT,205,0.8105
WT,205,0.7014
WT,206,0.4824
WT,206,0.5632
WT,206,0.2875
WT,206,0.6136
WT,206,0.6587
WT,207,0.5237
WT,207,0.4712
WT,207,0.2964
WT,207,0.7115
WT,207,0.6812
WT,208,0.4804
WT,208,0.4004
WT,208,0.2703
WT,208,0.7499
WT,208,0.6878
WT,209,0.5495
WT,209,0.4125
WT,209,0.3133
WT,209,0.7872
WT,209,0.6912
WT,210,0.4963
WT,210,0.3942
WT,210,0.3207
WT,210,0.7606
WT,210,0.7128
WT,211,0.3825
WT,211,0.4071
WT,211,0.352
WT,211,0.6189
WT,211,0.7032
WT,212,0.3829
WT,212,0.5371
WT,212,0.3925
WT,212,0.6741
WT,212,0.7325
WT,213,0.4871
WT,213,0.6842
WT,213,0.4375
WT,213,0.7928
WT,213,0.7563
WT,214,0.5707
WT,214,0.7514
WT,214,0.4842
WT,214,0.7762
WT,214,0.7577
WT,215,0.6938
WT,215,0.9328
WT,215,0.6301
WT,215,0.9323
WT,215,0.802
WT,216,0.786
WT,216,0.9173
WT,216,0.6811
WT,216,0.9304
WT,216,0.7989
WT,217,0.8096
WT,217,0.8334
WT,217,0.6678
WT,217,0.8045
WT,217,0.7887
WT,218,0.7837
WT,218,0.7429
WT,218,0.6218
WT,218,0.6395
WT,218,0.7687
WT,219,0.6377
WT,219,0.5861
WT,219,0.5244
WT,219,0.4829
WT,219,0.7105
WT,220,0.6193
WT,220,0.5716
WT,220,0.6105
WT,220,0.3469
WT,220,0.6827
WT,221,0.7369
WT,221,0.6203
WT,221,0.7205
WT,221,0.357
WT,221,0.7183
WT,222,0.6274
WT,222,0.5967
WT,222,0.7036
WT,222,0.3459
WT,222,0.6928
WT,223,0.4832
WT,223,0.4742
WT,223,0.5352
WT,223,0.3118
WT,223,0.6175
WT,224,0.4036
WT,224,0.4443
WT,224,0.5742
WT,224,0.2877
WT,224,0.5551
WT,225,0.3327
WT,225,0.3526
WT,225,0.4719
WT,225,0.2762
WT,225,0.5183
WT,226,0.2898
WT,226,0.3148
WT,226,0.3985
WT,226,0.2623
WT,226,0.4971
WT,227,0.2932
WT,227,0.292
WT,227,0.3008
WT,227,0.2717
WT,227,0.5217
WT,228,0.2802
WT,228,0.2333
WT,228,0.3192
WT,228,0.28
WT,228,0.5363
WT,229,0.282
WT,229,0.2777
WT,229,0.3085
WT,229,0.3104
WT,229,0.5528
WT,230,0.2571
WT,230,0.2365
WT,230,0.2623
WT,230,0.2723
WT,230,0.4868
WT,231,0.2184
WT,231,0.2066
WT,231,0.2624
WT,231,0.2439
WT,231,0.4061
WT,232,0.2365
WT,232,0.1878
WT,232,0.3408
WT,232,0.2058
WT,232,0.3416
WT,233,0.178
WT,233,0.1722
WT,233,0.2931
WT,233,0.1966
WT,233,0.2833
WT,234,0.228
WT,234,0.1662
WT,234,0.2567
WT,234,0.2491
WT,234,0.3087
WT,235,0.2249
WT,235,0.1703
WT,235,0.2715
WT,235,0.234
WT,235,0.3415
WT,236,0.202
WT,236,0.2196
WT,236,0.2404
WT,236,0.3959
WT,236,0.4594
WT,237,0.2405
WT,237,0.2075
WT,237,0.2863
WT,237,0.3998
WT,237,0.3964
WT,238,0.2587
WT,238,0.2566
WT,238,0.3197
WT,238,0.3582
WT,238,0.3236
WT,239,0.3228
WT,239,0.2921
WT,239,0.4287
WT,239,0.3772
WT,239,0.4187
WT,240,0.3285
WT,240,0.3065
WT,240,0.4687
WT,240,0.3674
WT,240,0.3939
WT,241,0.2336
WT,241,0.316
WT,241,0.3376
WT,241,0.2706
WT,241,0.2752
WT,242,0.2262
WT,242,0.3531
WT,242,0.3207
WT,242,0.2369
WT,242,0.2405
WT,243,0.2672
WT,243,0.4193
WT,243,0.3456
WT,243,0.2096
WT,243,0.3138
G26R,1,0.5767
G26R,1,0.7649
G26R,1,0.8091
G26R,1,0.9728
G26R,1,0.7276
G26R,2,0.4918
G26R,2,0.641
G26R,2,0.6502
G26R,2,0.7669
G26R,2,0.6039
G26R,3,0.3821
G26R,3,0.4898
G26R,3,0.487
G26R,3,0.6719
G26R,3,0.4391
G26R,4,0.404
G26R,4,0.4605
G26R,4,0.4936
G26R,4,0.6725
G26R,4,0.4582
G26R,5,0.3056
G26R,5,0.3517
G26R,5,0.3966
G26R,5,0.5414
G26R,5,0.288
G26R,6,0.2526
G26R,6,0.2802
G26R,6,0.327
G26R,6,0.4443
G26R,6,0.2518
G26R,7,0.2203
G26R,7,0.2593
G26R,7,0.3248
G26R,7,0.3726
G26R,7,0.2561
G26R,8,0.1887
G26R,8,0.2345
G26R,8,0.3302
G26R,8,0.3407
G26R,8,0.3082
G26R,9,0.1446
G26R,9,0.2546
G26R,9,0.3072
G26R,9,0.2567
G26R,9,0.2809
G26R,10,0.1534
G26R,10,0.2517
G26R,10,0.2669
G26R,10,0.2664
G26R,10,0.1889
G26R,11,0.1768
G26R,11,0.2154
G26R,11,0.2904
G26R,11,0.2762
G26R,11,0.2009
G26R,12,0.1562
G26R,12,0.2291
G26R,12,0.2959
G26R,12,0.2143
G26R,12,0.222
G26R,13,0.146
G26R,13,0.252
G26R,13,0.2663
G26R,13,0.1878
G26R,13,0.1523
G26R,14,0.1339
G26R,14,0.2775
G26R,14,0.2706
G26R,14,0.198
G26R,14,0.1328
G26R,15,0.1414
G26R,15,0.245
G26R,15,0.2831
G26R,15,0.1993
G26R,15,0.1526
G26R,16,0.1436
G26R,16,0.2351
G26R,16,0.2682
G26R,16,0.1813
G26R,16,0.1579
G26R,17,0.1411
G26R,17,0.2731
G26R,17,0.2321
G26R,17,0.1891
G26R,17,0.1334
G26R,18,0.1421
G26R,18,0.2817
G26R,18,0.2547
G26R,18,0.243
G26R,18,0.1475
G26R,19,0.1472
G26R,19,0.2592
G26R,19,0.2951
G26R,19,0.236
G26R,19,0.1806
G26R,20,0.1462
G26R,20,0.2848
G26R,20,0.26
G26R,20,0.1956
G26R,20,0.17
G26R,21,0.1588
G26R,21,0.3221
G26R,21,0.2153
G26R,21,0.2372
G26R,21,0.1716
G26R,22,0.1614
G26R,22,0.3167
G26R,22,0.2964
G26R,22,0.2629
G26R,22,0.201
G26R,23,0.1536
G26R,23,0.3096
G26R,23,0.3256
G26R,23,0.1995
G26R,23,0.1931
G26R,24,0.1646
G26R,24,0.3422
G26R,24,0.2611
G26R,24,0.2098
G26R,24,0.1903
G26R,25,0.1781
G26R,25,0.3575
G26R,25,0.2898
G26R,25,0.2477
G26R,25,0.2225
G26R,26,0.1687
G26R,26,0.3651
G26R,26,0.3789
G26R,26,0.2171
G26R,26,0.2175
G26R,27,0.1588
G26R,27,0.365
G26R,27,0.3618
G26R,27,0.1919
G26R,27,0.1944
G26R,28,0.1851
G26R,28,0.3718
G26R,28,0.3206
G26R,28,0.2385
G26R,28,0.2239
G26R,29,0.1941
G26R,29,0.3984
G26R,29,0.4111
G26R,29,0.2472
G26R,29,0.2449
G26R,30,0.174
G26R,30,0.4086
G26R,30,0.4879
G26R,30,0.2138
G26R,30,0.2299
G26R,31,0.1872
G26R,31,0.4319
G26R,31,0.4502
G26R,31,0.242
G26R,31,0.2482
G26R,32,0.2126
G26R,32,0.4724
G26R,32,0.466
G26R,32,0.2773
G26R,32,0.2826
G26R,33,0.2298
G26R,33,0.5841
G26R,33,0.5648
G26R,33,0.2977
G26R,33,0.3127
G26R,34,0.2703
G26R,34,0.6557
G26R,34,0.6173
G26R,34,0.3375
G26R,34,0.3776
G26R,35,0.2763
G26R,35,0.5733
G26R,35,0.5314
G26R,35,0.3268
G26R,35,0.3833
G26R,36,0.2813
G26R,36,0.5586
G26R,36,0.5405
G26R,36,0.3408
G26R,36,0.4176
G26R,37,0.2549
G26R,37,0.4948
G26R,37,0.5055
G26R,37,0.3804
G26R,37,0.4191
G26R,38,0.305
G26R,38,0.5397
G26R,38,0.5524
G26R,38,0.4109
G26R,38,0.4956
G26R,39,0.3311
G26R,39,0.5303
G26R,39,0.5018
G26R,39,0.3695
G26R,39,0.4491
G26R,40,0.3013
G26R,40,0.4456
G26R,40,0.4129
G26R,40,0.3767
G26R,40,0.3828
G26R,41,0.3108
G26R,41,0.442
G26R,41,0.4561
G26R,41,0.4204
G26R,41,0.4607
G26R,42,0.3765
G26R,42,0.5045
G26R,42,0.5031
G26R,42,0.4242
G26R,42,0.4949
G26R,43,0.3861
G26R,43,0.4795
G26R,43,0.4295
G26R,43,0.4157
G26R,43,0.4135
G26R,44,0.3724
G26R,44,0.4413
G26R,44,0.4229
G26R,44,0.4506
G26R,44,0.4176
G26R,45,0.4116
G26R,45,0.4842
G26R,45,0.5009
G26R,45,0.4681
G26R,45,0.5012
G26R,46,0.4537
G26R,46,0.5173
G26R,46,0.5065
G26R,46,0.4636
G26R,46,0.4728
G26R,47,0.4464
G26R,47,0.5077
G26R,47,0.4606
G26R,47,0.4646
G26R,47,0.3888
G26R,48,0.5461
G26R,48,0.5795
G26R,48,0.4394
G26R,48,0.535
G26R,48,0.4099
G26R,49,0.5281
G26R,49,0.5685
G26R,49,0.365
G26R,49,0.5088
G26R,49,0.3413
G26R,50,0.4892
G26R,50,0.5133
G26R,50,0.3352
G26R,50,0.4151
G26R,50,0.2521
G26R,51,0.5274
G26R,51,0.5023
G26R,51,0.2941
G26R,51,0.3782
G26R,51,0.219
G26R,52,0.5249
G26R,52,0.4497
G26R,52,0.3141
G26R,52,0.295
G26R,52,0.1851
G26R,53,0.5455
G26R,53,0.4502
G26R,53,0.3369
G26R,53,0.3158
G26R,53,0.147
G26R,54,0.5433
G26R,54,0.4402
G26R,54,0.3641
G26R,54,0.2871
G26R,54,0.1719
G26R,55,0.5373
G26R,55,0.4357
G26R,55,0.4088
G26R,55,0.3281
G26R,55,0.1705
G26R,56,0.4736
G26R,56,0.342
G26R,56,0.3867
G26R,56,0.2924
G26R,56,0.1473
G26R,57,0.4556
G26R,57,0.3583
G26R,57,0.3422
G26R,57,0.2743
G26R,57,0.1796
G26R,58,0.3516
G26R,58,0.3988
G26R,58,0.3273
G26R,58,0.1965
G26R,58,0.1925
G26R,59,0.276
G26R,59,0.3533
G26R,59,0.3445
G26R,59,0.182
G26R,59,0.1433
G26R,60,0.3264
G26R,60,0.3209
G26R,60,0.3449
G26R,60,0.2824
G26R,60,0.1354
G26R,61,0.3031
G26R,61,0.3859
G26R,61,0.347
G26R,61,0.3115
G26R,61,0.2072
G26R,62,0.287
G26R,62,0.4185
G26R,62,0.3584
G26R,62,0.3179
G26R,62,0.2192
G26R,63,0.3001
G26R,63,0.371
G26R,63,0.3518
G26R,63,0.3676
G26R,63,0.1783
G26R,64,0.3529
G26R,64,0.4106
G26R,64,0.389
G26R,64,0.5188
G26R,64,0.2483
G26R,65,0.4203
G26R,65,0.5342
G26R,65,0.4698
G26R,65,0.5701
G26R,65,0.3116
G26R,66,0.4151
G26R,66,0.4835
G26R,66,0.3935
G26R,66,0.4897
G26R,66,0.277
G26R,67,0.3784
G26R,67,0.4399
G26R,67,0.3691
G26R,67,0.4301
G26R,67,0.3177
G26R,68,0.3508
G26R,68,0.4537
G26R,68,0.4394
G26R,68,0.5496
G26R,68,0.3726
G26R,69,0.3398
G26R,69,0.4579
G26R,69,0.4324
G26R,69,0.6415
G26R,69,0.3676
G26R,70,0.3401
G26R,70,0.4183
G26R,70,0.3475
G26R,70,0.5286
G26R,70,0.3647
G26R,71,0.3072
G26R,71,0.3496
G26R,71,0.3615
G26R,71,0.4454
G26R,71,0.3362
G26R,72,0.2989
G26R,72,0.3465
G26R,72,0.4028
G26R,72,0.5567
G26R,72,0.3341
G26R,73,0.3194
G26R,73,0.3036
G26R,73,0.3297
G26R,73,0.538
G26R,73,0.2655
G26R,74,0.3189
G26R,74,0.2887
G26R,74,0.3173
G26R,74,0.3955
G26R,74,0.2301
G26R,75,0.2948
G26R,75,0.3034
G26R,75,0.3941
G26R,75,0.4234
G26R,75,0.3123
G26R,76,0.3251
G26R,76,0.3094
G26R,76,0.3743
G26R,76,0.489
G26R,76,0.3204
G26R,77,0.3423
G26R,77,0.2826
G26R,77,0.3481
G26R,77,0.5424
G26R,77,0.28
G26R,78,0.3639
G26R,78,0.3351
G26R,78,0.378
G26R,78,0.5156
G26R,78,0.3784
G26R,79,0.3687
G26R,79,0.3146
G26R,79,0.3633
G26R,79,0.4481
G26R,79,0.2846
G26R,80,0.3886
G26R,80,0.3561
G26R,80,0.3912
G26R,80,0.383
G26R,80,0.2225
G26R,81,0.3631
G26R,81,0.3171
G26R,81,0.3605
G26R,81,0.3937
G26R,81,0.2536
G26R,82,0.2781
G26R,82,0.2562
G26R,82,0.3062
G26R,82,0.3725
G26R,82,0.253
G26R,83,0.2578
G26R,83,0.2859
G26R,83,0.3097
G26R,83,0.3026
G26R,83,0.1893
G26R,84,0.2716
G26R,84,0.2934
G26R,84,0.3008
G26R,84,0.2908
G26R,84,0.1907
G26R,85,0.227
G26R,85,0.2346
G26R,85,0.2515
G26R,85,0.2979
G26R,85,0.2175
G26R,86,0.1711
G26R,86,0.2295
G26R,86,0.2241
G26R,86,0.2461
G26R,86,0.1655
G26R,87,0.1916
G26R,87,0.2689
G26R,87,0.2281
G26R,87,0.2536
G26R,87,0.1378
G26R,88,0.1746
G26R,88,0.234
G26R,88,0.2104
G26R,88,0.2797
G26R,88,0.1566
G26R,89,0.1553
G26R,89,0.206
G26R,89,0.1872
G26R,89,0.2429
G26R,89,0.1223
G26R,90,0.1667
G26R,90,0.245
G26R,90,0.1914
G26R,90,0.2465
G26R,90,0.1117
G26R,91,0.1545
G26R,91,0.2416
G26R,91,0.1973
G26R,91,0.2999
G26R,91,0.1404
G26R,92,0.1471
G26R,92,0.2103
G26R,92,0.2219
G26R,92,0.3007
G26R,92,0.1584
G26R,93,0.1591
G26R,93,0.2298
G26R,93,0.2232
G26R,93,0.2782
G26R,93,0.152
G26R,94,0.1708
G26R,94,0.2642
G26R,94,0.2314
G26R,94,0.3108
G26R,94,0.1415
G26R,95,0.1759
G26R,95,0.2497
G26R,95,0.2765
G26R,95,0.3386
G26R,95,0.1637
G26R,96,0.1893
G26R,96,0.2548
G26R,96,0.3214
G26R,96,0.3226
G26R,96,0.1964
G26R,97,0.1995
G26R,97,0.2541
G26R,97,0.3073
G26R,97,0.3255
G26R,97,0.1996
G26R,98,0.241
G26R,98,0.2762
G26R,98,0.2814
G26R,98,0.3733
G26R,98,0.1927
G26R,99,0.2643
G26R,99,0.2872
G26R,99,0.3065
G26R,99,0.3744
G26R,99,0.1872
G26R,100,0.2224
G26R,100,0.2903
G26R,100,0.2995
G26R,100,0.3183
G26R,100,0.2044
G26R,101,0.2329
G26R,101,0.3139
G26R,101,0.312
G26R,101,0.3453
G26R,101,0.228
G26R,102,0.2829
G26R,102,0.3279
G26R,102,0.3015
G26R,102,0.3724
G26R,102,0.2094
G26R,103,0.269
G26R,103,0.335
G26R,103,0.2945
G26R,103,0.3351
G26R,103,0.1984
G26R,104,0.2346
G26R,104,0.333
G26R,104,0.3117
G26R,104,0.324
G26R,104,0.2354
G26R,105,0.2865
G26R,105,0.3501
G26R,105,0.3199
G26R,105,0.3703
G26R,105,0.2499
G26R,106,0.3156
G26R,106,0.3753
G26R,106,0.2855
G26R,106,0.3688
G26R,106,0.225
G26R,107,0.267
G26R,107,0.3707
G26R,107,0.2558
G26R,107,0.3385
G26R,107,0.2421
G26R,108,0.2762
G26R,108,0.3527
G26R,108,0.2544
G26R,108,0.3607
G26R,108,0.2777
G26R,109,0.3167
G26R,109,0.3819
G26R,109,0.2712
G26R,109,0.3975
G26R,109,0.334
G26R,110,0.2329
G26R,110,0.3787
G26R,110,0.283
G26R,110,0.3946
G26R,110,0.3599
G26R,111,0.2312
G26R,111,0.3148
G26R,111,0.2753
G26R,111,0.376
G26R,111,0.3132
G26R,112,0.3219
G26R,112,0.3038
G26R,112,0.283
G26R,112,0.4182
G26R,112,0.3117
G26R,113,0.2767
G26R,113,0.3278
G26R,113,0.3088
G26R,113,0.4467
G26R,113,0.3588
G26R,114,0.2584
G26R,114,0.2961
G26R,114,0.3243
G26R,114,0.4416
G26R,114,0.3483
G26R,115,0.3664
G26R,115,0.2636
G26R,115,0.3342
G26R,115,0.4575
G26R,115,0.3066
G26R,116,0.4063
G26R,116,0.2918
G26R,116,0.3693
G26R,116,0.5043
G26R,116,0.3355
G26R,117,0.3973
G26R,117,0.3619
G26R,117,0.3529
G26R,117,0.5028
G26R,117,0.3816
G26R,118,0.3953
G26R,118,0.46
G26R,118,0.3565
G26R,118,0.5189
G26R,118,0.4611
G26R,119,0.5217
G26R,119,0.5023
G26R,119,0.3721
G26R,119,0.5573
G26R,119,0.4858
G26R,120,0.6169
G26R,120,0.4867
G26R,120,0.3932
G26R,120,0.5562
G26R,120,0.4383
G26R,121,0.6278
G26R,121,0.4918
G26R,121,0.407
G26R,121,0.5188
G26R,121,0.3938
G26R,122,0.6868
G26R,122,0.5917
G26R,122,0.4312
G26R,122,0.5294
G26R,122,0.4877
G26R,123,0.8037
G26R,123,0.678
G26R,123,0.5473
G26R,123,0.5367
G26R,123,0.561
G26R,124,0.8248
G26R,124,0.7809
G26R,124,0.5758
G26R,124,0.5162
G26R,124,0.6253
G26R,125,0.8432
G26R,125,0.8458
G26R,125,0.7081
G26R,125,0.5448
G26R,125,0.8053
G26R,126,0.7266
G26R,126,0.8193
G26R,126,0.6916
G26R,126,0.5535
G26R,126,0.9015
G26R,127,0.5805
G26R,127,0.6842
G26R,127,0.5438
G26R,127,0.5253
G26R,127,0.8714
G26R,128,0.4813
G26R,128,0.7568
G26R,128,0.488
G26R,128,0.5355
G26R,128,0.9235
G26R,129,0.4404
G26R,129,0.5608
G26R,129,0.3591
G26R,129,0.4351
G26R,129,0.7016
G26R,130,0.3574
G26R,130,0.516
G26R,130,0.3462
G26R,130,0.3839
G26R,130,0.5131
G26R,131,0.2701
G26R,131,0.3985
G26R,131,0.4076
G26R,131,0.3681
G26R,131,0.3804
G26R,132,0.2559
G26R,132,0.3717
G26R,132,0.4282
G26R,132,0.3938
G26R,132,0.2744
G26R,133,0.2229
G26R,133,0.3273
G26R,133,0.5082
G26R,133,0.3581
G26R,133,0.2629
G26R,134,0.2196
G26R,134,0.3013
G26R,134,0.6578
G26R,134,0.3441
G26R,134,0.3434
G26R,135,0.2565
G26R,135,0.354
G26R,135,0.7698
G26R,135,0.4731
G26R,135,0.4178
G26R,136,0.2829
G26R,136,0.3143
G26R,136,0.8065
G26R,136,0.4539
G26R,136,0.4739
G26R,137,0.3029
G26R,137,0.2933
G26R,137,0.736
G26R,137,0.3861
G26R,137,0.4023
G26R,138,0.3431
G26R,138,0.318
G26R,138,0.7425
G26R,138,0.3403
G26R,138,0.264
G26R,139,0.4074
G26R,139,0.3912
G26R,139,0.7687
G26R,139,0.3799
G26R,139,0.2679
G26R,140,0.4201
G26R,140,0.4452
G26R,140,0.7731
G26R,140,0.3402
G26R,140,0.2754
G26R,141,0.5086
G26R,141,0.554
G26R,141,0.7247
G26R,141,0.4373
G26R,141,0.3274
G26R,142,0.5467
G26R,142,0.5717
G26R,142,0.8107
G26R,142,0.5104
G26R,142,0.3771
G26R,143,0.6177
G26R,143,0.6935
G26R,143,0.8427
G26R,143,0.6196
G26R,143,0.4632
G26R,144,0.7051
G26R,144,0.8039
G26R,144,0.8158
G26R,144,0.6464
G26R,144,0.5148
G26R,145,0.6052
G26R,145,0.8493
G26R,145,0.7173
G26R,145,0.5969
G26R,145,0.51
G26R,146,0.6653
G26R,146,0.9613
G26R,146,0.7741
G26R,146,0.6285
G26R,146,0.5796
G26R,147,0.607
G26R,147,1.0234
G26R,147,0.7816
G26R,147,0.6028
G26R,147,0.6012
G26R,148,0.548
G26R,148,1.0192
G26R,148,0.7744
G26R,148,0.5691
G26R,148,0.5877
G26R,149,0.5135
G26R,149,1.0056
G26R,149,0.7176
G26R,149,0.5373
G26R,149,0.5866
G26R,150,0.4991
G26R,150,0.8605
G26R,150,0.5647
G26R,150,0.4915
G26R,150,0.5011
G26R,151,0.4638
G26R,151,0.7768
G26R,151,0.5598
G26R,151,0.4528
G26R,151,0.4334
G26R,152,0.4059
G26R,152,0.8168
G26R,152,0.5866
G26R,152,0.4227
G26R,152,0.4543
G26R,153,0.3771
G26R,153,0.7696
G26R,153,0.5046
G26R,153,0.3968
G26R,153,0.437
G26R,154,0.3728
G26R,154,0.624
G26R,154,0.417
G26R,154,0.3689
G26R,154,0.347
G26R,155,0.3218
G26R,155,0.5898
G26R,155,0.4335
G26R,155,0.3253
G26R,155,0.3062
G26R,156,0.2699
G26R,156,0.6198
G26R,156,0.4382
G26R,156,0.2971
G26R,156,0.3382
G26R,157,0.2817
G26R,157,0.5469
G26R,157,0.3908
G26R,157,0.3063
G26R,157,0.2909
G26R,158,0.2673
G26R,158,0.4191
G26R,158,0.3624
G26R,158,0.2781
G26R,158,0.2159
G26R,159,0.2085
G26R,159,0.4353
G26R,159,0.3526
G26R,159,0.2238
G26R,159,0.2418
G26R,160,0.2081
G26R,160,0.486
G26R,160,0.3901
G26R,160,0.2549
G26R,160,0.2754
G26R,161,0.2476
G26R,161,0.3997
G26R,161,0.4029
G26R,161,0.2848
G26R,161,0.2229
G26R,162,0.2123
G26R,162,0.3197
G26R,162,0.3509
G26R,162,0.2516
G26R,162,0.2299
G26R,163,0.1764
G26R,163,0.3931
G26R,163,0.3465
G26R,163,0.2423
G26R,163,0.311
G26R,164,0.2117
G26R,164,0.4035
G26R,164,0.4018
G26R,164,0.293
G26R,164,0.2846
G26R,165,0.2077
G26R,165,0.3316
G26R,165,0.4027
G26R,165,0.2791
G26R,165,0.3167
G26R,166,0.1642
G26R,166,0.2727
G26R,166,0.3479
G26R,166,0.2275
G26R,166,0.327
G26R,167,0.166
G26R,167,0.334
G26R,167,0.3947
G26R,167,0.2333
G26R,167,0.2579
G26R,168,0.1729
G26R,168,0.3292
G26R,168,0.4263
G26R,168,0.2447
G26R,168,0.2948
G26R,169,0.1492
G26R,169,0.2676
G26R,169,0.3751
G26R,169,0.2094
G26R,169,0.3501
G26R,170,0.1334
G26R,170,0.2675
G26R,170,0.4063
G26R,170,0.1831
G26R,170,0.2885
G26R,171,0.1581
G26R,171,0.2932
G26R,171,0.4634
G26R,171,0.2062
G26R,171,0.3006
G26R,172,0.1566
G26R,172,0.308
G26R,172,0.444
G26R,172,0.1965
G26R,172,0.3749
G26R,173,0.1458
G26R,173,0.2963
G26R,173,0.4599
G26R,173,0.169
G26R,173,0.3471
G26R,174,0.1647
G26R,174,0.296
G26R,174,0.4952
G26R,174,0.1821
G26R,174,0.3055
G26R,175,0.1862
G26R,175,0.2967
G26R,175,0.5234
G26R,175,0.1926
G26R,175,0.3856
G26R,176,0.1964
G26R,176,0.3147
G26R,176,0.5402
G26R,176,0.1847
G26R,176,0.4018
G26R,177,0.2075
G26R,177,0.3236
G26R,177,0.5722
G26R,177,0.198
G26R,177,0.3232
G26R,178,0.2391
G26R,178,0.3244
G26R,178,0.6154
G26R,178,0.2113
G26R,178,0.3778
G26R,179,0.2705
G26R,179,0.3492
G26R,179,0.6495
G26R,179,0.2142
G26R,179,0.4596
G26R,180,0.2762
G26R,180,0.3615
G26R,180,0.6387
G26R,180,0.2299
G26R,180,0.4
G26R,181,0.3012
G26R,181,0.4675
G26R,181,0.5662
G26R,181,0.27
G26R,181,0.3025
G26R,182,0.2429
G26R,182,0.5091
G26R,182,0.6087
G26R,182,0.2842
G26R,182,0.254
G26R,183,0.2718
G26R,183,0.5269
G26R,183,0.8173
G26R,183,0.3245
G26R,183,0.2194
G26R,184,0.2631
G26R,184,0.5149
G26R,184,0.9061
G26R,184,0.3531
G26R,184,0.1845
G26R,185,0.3032
G26R,185,0.5901
G26R,185,0.7996
G26R,185,0.3315
G26R,185,0.269
G26R,186,0.3527
G26R,186,0.6949
G26R,186,0.7958
G26R,186,0.3164
G26R,186,0.3272
G26R,187,0.4407
G26R,187,0.7468
G26R,187,0.6927
G26R,187,0.3047
G26R,187,0.2692
G26R,188,0.542
G26R,188,0.8458
G26R,188,0.7489
G26R,188,0.3956
G26R,188,0.3888
G26R,189,0.598
G26R,189,0.8447
G26R,189,0.5649
G26R,189,0.3407
G26R,189,0.2735
G26R,190,0.6855
G26R,190,0.9526
G26R,190,0.5043
G26R,190,0.2964
G26R,190,0.334
G26R,191,0.7643
G26R,191,1.0833
G26R,191,0.4135
G26R,191,0.2547
G26R,191,0.4909
G26R,192,0.9308
G26R,192,1.1595
G26R,192,0.5356
G26R,192,0.2811
G26R,192,0.5523
G26R,193,0.8158
G26R,193,0.9796
G26R,193,0.4804
G26R,193,0.2694
G26R,193,0.45
G26R,194,0.6083
G26R,194,0.8262
G26R,194,0.3887
G26R,194,0.3651
G26R,194,0.3193
G26R,195,0.5325
G26R,195,0.6721
G26R,195,0.3499
G26R,195,0.3564
G26R,195,0.2474
G26R,196,0.4949
G26R,196,0.6845
G26R,196,0.3542
G26R,196,0.3494
G26R,196,0.2621
G26R,197,0.4598
G26R,197,0.6737
G26R,197,0.398
G26R,197,0.3615
G26R,197,0.2098
G26R,198,0.5696
G26R,198,0.9312
G26R,198,0.6373
G26R,198,0.4332
G26R,198,0.2784
G26R,199,0.4975
G26R,199,0.8134
G26R,199,0.6352
G26R,199,0.4586
G26R,199,0.2935
G26R,200,0.5532
G26R,200,0.7734
G26R,200,0.513
G26R,200,0.5069
G26R,200,0.2613
G26R,201,0.468
G26R,201,0.6777
G26R,201,0.5477
G26R,201,0.5386
G26R,201,0.2652
G26R,202,0.4841
G26R,202,0.6706
G26R,202,0.6977
G26R,202,0.6313
G26R,202,0.3547
G26R,203,0.5307
G26R,203,0.6229
G26R,203,0.6044
G26R,203,0.588
G26R,203,0.3696
G26R,204,0.441
G26R,204,0.5881
G26R,204,0.5066
G26R,204,0.6003
G26R,204,0.3382
G26R,205,0.5389
G26R,205,0.6762
G26R,205,0.5442
G26R,205,0.6302
G26R,205,0.3651
G26R,206,0.4357
G26R,206,0.6666
G26R,206,0.5509
G26R,206,0.6096
G26R,206,0.2676
G26R,207,0.3949
G26R,207,0.5967
G26R,207,0.6199
G26R,207,0.5716
G26R,207,0.2547
G26R,208,0.3138
G26R,208,0.6764
G26R,208,0.6669
G26R,208,0.614
G26R,208,0.2307
G26R,209,0.2653
G26R,209,0.8851
G26R,209,0.7582
G26R,209,0.7753
G26R,209,0.2187
G26R,210,0.3101
G26R,210,0.8455
G26R,210,0.7751
G26R,210,0.7999
G26R,210,0.2496
G26R,211,0.3529
G26R,211,0.7039
G26R,211,0.6568
G26R,211,0.7708
G26R,211,0.2758
G26R,212,0.4556
G26R,212,0.6146
G26R,212,0.6555
G26R,212,0.8703
G26R,212,0.3501
G26R,213,0.5495
G26R,213,0.6587
G26R,213,0.6822
G26R,213,1.0374
G26R,213,0.4532
G26R,214,0.6684
G26R,214,0.5964
G26R,214,0.6635
G26R,214,1.1
G26R,214,0.491
G26R,215,0.8437
G26R,215,0.7081
G26R,215,0.7766
G26R,215,1.3838
G26R,215,0.6988
G26R,216,0.9147
G26R,216,0.6851
G26R,216,0.7441
G26R,216,1.485
G26R,216,0.7385
G26R,217,0.8769
G26R,217,0.6429
G26R,217,0.6829
G26R,217,1.4094
G26R,217,0.6552
G26R,218,0.7886
G26R,218,0.6111
G26R,218,0.6944
G26R,218,1.2189
G26R,218,0.564
G26R,219,0.8141
G26R,219,0.5733
G26R,219,0.7234
G26R,219,0.9795
G26R,219,0.575
G26R,220,0.8191
G26R,220,0.5672
G26R,220,0.7848
G26R,220,1.0619
G26R,220,0.5871
G26R,221,0.7607
G26R,221,0.6267
G26R,221,0.8797
G26R,221,1.1991
G26R,221,0.809
G26R,222,0.8267
G26R,222,0.5834
G26R,222,0.919
G26R,222,1.1844
G26R,222,0.7632
G26R,223,0.7521
G26R,223,0.5337
G26R,223,0.8946
G26R,223,0.9712
G26R,223,0.6508
G26R,224,0.6887
G26R,224,0.5172
G26R,224,0.9421
G26R,224,0.8103
G26R,224,0.6222
G26R,225,0.4823
G26R,225,0.5011
G26R,225,0.8497
G26R,225,0.6673
G26R,225,0.4726
G26R,226,0.3875
G26R,226,0.4674
G26R,226,0.8178
G26R,226,0.6366
G26R,226,0.3065
G26R,227,0.2449
G26R,227,0.4441
G26R,227,0.8133
G26R,227,0.6411
G26R,227,0.2444
G26R,228,0.1881
G26R,228,0.3303
G26R,228,0.7601
G26R,228,0.5876
G26R,228,0.2154
G26R,229,0.2204
G26R,229,0.3063
G26R,229,0.7105
G26R,229,0.6662
G26R,229,0.2097
G26R,230,0.2698
G26R,230,0.2768
G26R,230,0.5657
G26R,230,0.6723
G26R,230,0.257
G26R,231,0.2477
G26R,231,0.2414
G26R,231,0.4001
G26R,231,0.587
G26R,231,0.2842
G26R,232,0.2449
G26R,232,0.2301
G26R,232,0.4058
G26R,232,0.5544
G26R,232,0.2714
G26R,233,0.2245
G26R,233,0.2623
G26R,233,0.3538
G26R,233,0.4465
G26R,233,0.2425
G26R,234,0.3097
G26R,234,0.3265
G26R,234,0.418
G26R,234,0.4585
G26R,234,0.3179
G26R,235,0.275
G26R,235,0.3783
G26R,235,0.3267
G26R,235,0.4374
G26R,235,0.2846
G26R,236,0.2311
G26R,236,0.3602
G26R,236,0.2578
G26R,236,0.3721
G26R,236,0.2777
G26R,237,0.264
G26R,237,0.3144
G26R,237,0.2583
G26R,237,0.3219
G26R,237,0.2156
G26R,238,0.2785
G26R,238,0.2618
G26R,238,0.271
G26R,238,0.37
G26R,238,0.1786
G26R,239,0.3241
G26R,239,0.2409
G26R,239,0.2833
G26R,239,0.4201
G26R,239,0.1952
G26R,240,0.3168
G26R,240,0.2611
G26R,240,0.3054
G26R,240,0.4373
G26R,240,0.1782
G26R,241,0.2575
G26R,241,0.2069
G26R,241,0.3243
G26R,241,0.3488
G26R,241,0.1833
G26R,242,0.2275
G26R,242,0.1958
G26R,242,0.2615
G26R,242,0.2932
G26R,242,0.1584
G26R,243,0.2398
G26R,243,0.1856
G26R,243,0.2862
G26R,243,0.3719
G26R,243,0.1637
L60R,1,0.776
L60R,1,0.8237
L60R,1,0.9337
L60R,1,0.6818
L60R,1,0.7653
L60R,2,0.6381
L60R,2,0.6947
L60R,2,0.7828
L60R,2,0.5417
L60R,2,0.6543
L60R,3,0.5104
L60R,3,0.514
L60R,3,0.6124
L60R,3,0.3902
L60R,3,0.5543
L60R,4,0.5268
L60R,4,0.5445
L60R,4,0.6293
L60R,4,0.4003
L60R,4,0.5474
L60R,5,0.4134
L60R,5,0.4032
L60R,5,0.4732
L60R,5,0.336
L60R,5,0.4514
L60R,6,0.352
L60R,6,0.3566
L60R,6,0.4279
L60R,6,0.289
L60R,6,0.4458
L60R,7,0.2955
L60R,7,0.3259
L60R,7,0.3921
L60R,7,0.2297
L60R,7,0.4246
L60R,8,0.2539
L60R,8,0.2299
L60R,8,0.3804
L60R,8,0.189
L60R,8,0.3723
L60R,9,0.2695
L60R,9,0.2053
L60R,9,0.321
L60R,9,0.1684
L60R,9,0.3155
L60R,10,0.2599
L60R,10,0.22
L60R,10,0.3124
L60R,10,0.1795
L60R,10,0.3479
L60R,11,0.2425
L60R,11,0.1884
L60R,11,0.3417
L60R,11,0.1813
L60R,11,0.37
L60R,12,0.2439
L60R,12,0.1464
L60R,12,0.3265
L60R,12,0.1475
L60R,12,0.3036
L60R,13,0.2452
L60R,13,0.1389
L60R,13,0.2892
L60R,13,0.1395
L60R,13,0.2592
L60R,14,0.2355
L60R,14,0.1665
L60R,14,0.3403
L60R,14,0.1554
L60R,14,0.2588
L60R,15,0.1949
L60R,15,0.1639
L60R,15,0.3007
L60R,15,0.1497
L60R,15,0.3223
L60R,16,0.2118
L60R,16,0.1441
L60R,16,0.2392
L60R,16,0.1416
L60R,16,0.3039
L60R,17,0.2222
L60R,17,0.1364
L60R,17,0.2817
L60R,17,0.1593
L60R,17,0.2422
L60R,18,0.1943
L60R,18,0.1637
L60R,18,0.3317
L60R,18,0.1639
L60R,18,0.2749
L60R,19,0.1842
L60R,19,0.1978
L60R,19,0.2953
L60R,19,0.1582
L60R,19,0.3109
L60R,20,0.1972
L60R,20,0.1777
L60R,20,0.2721
L60R,20,0.1741
L60R,20,0.2692
L60R,21,0.1891
L60R,21,0.1619
L60R,21,0.3395
L60R,21,0.1753
L60R,21,0.2399
L60R,22,0.1782
L60R,22,0.1864
L60R,22,0.3698
L60R,22,0.1721
L60R,22,0.262
L60R,23,0.1858
L60R,23,0.1952
L60R,23,0.3364
L60R,23,0.1869
L60R,23,0.2746
L60R,24,0.1785
L60R,24,0.1963
L60R,24,0.3547
L60R,24,0.1847
L60R,24,0.2538
L60R,25,0.1787
L60R,25,0.2092
L60R,25,0.4283
L60R,25,0.2545
L60R,25,0.2404
L60R,26,0.1925
L60R,26,0.2011
L60R,26,0.434
L60R,26,0.262
L60R,26,0.2492
L60R,27,0.1894
L60R,27,0.2145
L60R,27,0.4411
L60R,27,0.252
L60R,27,0.2567
L60R,28,0.1772
L60R,28,0.2444
L60R,28,0.49
L60R,28,0.2234
L60R,28,0.246
L60R,29,0.1857
L60R,29,0.2248
L60R,29,0.5301
L60R,29,0.2171
L60R,29,0.2331
L60R,30,0.2088
L60R,30,0.2152
L60R,30,0.5589
L60R,30,0.2295
L60R,30,0.2403
L60R,31,0.2014
L60R,31,0.2529
L60R,31,0.5804
L60R,31,0.2473
L60R,31,0.2592
L60R,32,0.1932
L60R,32,0.2601
L60R,32,0.615
L60R,32,0.2455
L60R,32,0.2429
L60R,33,0.2255
L60R,33,0.3302
L60R,33,0.6878
L60R,33,0.2541
L60R,33,0.2601
L60R,34,0.2792
L60R,34,0.4013
L60R,34,0.7163
L60R,34,0.2859
L60R,34,0.2467
L60R,35,0.2547
L60R,35,0.3439
L60R,35,0.6658
L60R,35,0.2639
L60R,35,0.286
L60R,36,0.2781
L60R,36,0.4217
L60R,36,0.6875
L60R,36,0.2748
L60R,36,0.3859
L60R,37,0.2596
L60R,37,0.4702
L60R,37,0.6434
L60R,37,0.2718
L60R,37,0.4229
L60R,38,0.3355
L60R,38,0.547
L60R,38,0.6778
L60R,38,0.2873
L60R,38,0.5261
L60R,39,0.328
L60R,39,0.4554
L60R,39,0.6597
L60R,39,0.2746
L60R,39,0.4822
L60R,40,0.2548
L60R,40,0.3842
L60R,40,0.5692
L60R,40,0.2417
L60R,40,0.4353
L60R,41,0.2983
L60R,41,0.5108
L60R,41,0.5681
L60R,41,0.2564
L60R,41,0.5685
L60R,42,0.3674
L60R,42,0.5657
L60R,42,0.6059
L60R,42,0.278
L60R,42,0.6197
L60R,43,0.3174
L60R,43,0.4742
L60R,43,0.5492
L60R,43,0.2453
L60R,43,0.5324
L60R,44,0.2691
L60R,44,0.4798
L60R,44,0.4814
L60R,44,0.2358
L60R,44,0.585
L60R,45,0.3636
L60R,45,0.6251
L60R,45,0.5235
L60R,45,0.2813
L60R,45,0.7195
L60R,46,0.3906
L60R,46,0.6305
L60R,46,0.5418
L60R,46,0.2866
L60R,46,0.6787
L60R,47,0.3521
L60R,47,0.5706
L60R,47,0.5122
L60R,47,0.2622
L60R,47,0.5743
L60R,48,0.4436
L60R,48,0.6109
L60R,48,0.5738
L60R,48,0.3125
L60R,48,0.5695
L60R,49,0.4358
L60R,49,0.5289
L60R,49,0.5426
L60R,49,0.289
L60R,49,0.431
L60R,50,0.3772
L60R,50,0.4144
L60R,50,0.463
L60R,50,0.3038
L60R,50,0.4134
L60R,51,0.4774
L60R,51,0.4786
L60R,51,0.4209
L60R,51,0.3516
L60R,51,0.4319
L60R,52,0.4972
L60R,52,0.4244
L60R,52,0.4261
L60R,52,0.3419
L60R,52,0.4898
L60R,53,0.5132
L60R,53,0.2587
L60R,53,0.3679
L60R,53,0.3374
L60R,53,0.6152
L60R,54,0.57
L60R,54,0.3536
L60R,54,0.4001
L60R,54,0.3281
L60R,54,0.6574
L60R,55,0.5906
L60R,55,0.29
L60R,55,0.342
L60R,55,0.3303
L60R,55,0.6661
L60R,56,0.5235
L60R,56,0.2047
L60R,56,0.342
L60R,56,0.308
L60R,56,0.5324
L60R,57,0.5371
L60R,57,0.2204
L60R,57,0.4027
L60R,57,0.2871
L60R,57,0.558
L60R,58,0.68
L60R,58,0.2396
L60R,58,0.4017
L60R,58,0.2854
L60R,58,0.5045
L60R,59,0.6309
L60R,59,0.2032
L60R,59,0.3672
L60R,59,0.2619
L60R,59,0.3485
L60R,60,0.5494
L60R,60,0.2513
L60R,60,0.4144
L60R,60,0.3528
L60R,60,0.3699
L60R,61,0.7042
L60R,61,0.302
L60R,61,0.4628
L60R,61,0.4024
L60R,61,0.4722
L60R,62,0.7725
L60R,62,0.2722
L60R,62,0.4352
L60R,62,0.3351
L60R,62,0.3888
L60R,63,0.6506
L60R,63,0.2563
L60R,63,0.4328
L60R,63,0.4347
L60R,63,0.3121
L60R,64,0.628
L60R,64,0.3196
L60R,64,0.4836
L60R,64,0.5928
L60R,64,0.3948
L60R,65,0.5952
L60R,65,0.3109
L60R,65,0.4991
L60R,65,0.5624
L60R,65,0.4338
L60R,66,0.5333
L60R,66,0.263
L60R,66,0.4278
L60R,66,0.499
L60R,66,0.3664
L60R,67,0.4356
L60R,67,0.2867
L60R,67,0.3808
L60R,67,0.4367
L60R,67,0.3868
L60R,68,0.3983
L60R,68,0.3407
L60R,68,0.4334
L60R,68,0.4028
L60R,68,0.3901
L60R,69,0.4189
L60R,69,0.3176
L60R,69,0.4769
L60R,69,0.4099
L60R,69,0.3835
L60R,70,0.4078
L60R,70,0.276
L60R,70,0.4232
L60R,70,0.3573
L60R,70,0.3723
L60R,71,0.34
L60R,71,0.292
L60R,71,0.3575
L60R,71,0.2895
L60R,71,0.3696
L60R,72,0.3223
L60R,72,0.3036
L60R,72,0.4024
L60R,72,0.3212
L60R,72,0.3774
L60R,73,0.3566
L60R,73,0.2887
L60R,73,0.414
L60R,73,0.3237
L60R,73,0.3691
L60R,74,0.3423
L60R,74,0.2747
L60R,74,0.3363
L60R,74,0.2673
L60R,74,0.3593
L60R,75,0.3053
L60R,75,0.2864
L60R,75,0.3182
L60R,75,0.2685
L60R,75,0.37
L60R,76,0.3268
L60R,76,0.3073
L60R,76,0.3793
L60R,76,0.3245
L60R,76,0.3884
L60R,77,0.364
L60R,77,0.2974
L60R,77,0.3936
L60R,77,0.3147
L60R,77,0.373
L60R,78,0.4093
L60R,78,0.3434
L60R,78,0.3977
L60R,78,0.3679
L60R,78,0.4056
L60R,79,0.4229
L60R,79,0.3231
L60R,79,0.4295
L60R,79,0.35
L60R,79,0.3894
L60R,80,0.4379
L60R,80,0.3376
L60R,80,0.4074
L60R,80,0.3682
L60R,80,0.4001
L60R,81,0.4385
L60R,81,0.3011
L60R,81,0.4454
L60R,81,0.3383
L60R,81,0.3793
L60R,82,0.3682
L60R,82,0.2529
L60R,82,0.3909
L60R,82,0.2793
L60R,82,0.3412
L60R,83,0.3332
L60R,83,0.2601
L60R,83,0.3206
L60R,83,0.2789
L60R,83,0.341
L60R,84,0.3753
L60R,84,0.2479
L60R,84,0.3526
L60R,84,0.2862
L60R,84,0.3432
L60R,85,0.3534
L60R,85,0.2001
L60R,85,0.3546
L60R,85,0.2424
L60R,85,0.3182
L60R,86,0.2893
L60R,86,0.1954
L60R,86,0.2862
L60R,86,0.2129
L60R,86,0.3002
L60R,87,0.3125
L60R,87,0.208
L60R,87,0.2743
L60R,87,0.2231
L60R,87,0.3122
L60R,88,0.35
L60R,88,0.1679
L60R,88,0.3029
L60R,88,0.211
L60R,88,0.3027
L60R,89,0.3041
L60R,89,0.1661
L60R,89,0.2742
L60R,89,0.1717
L60R,89,0.2681
L60R,90,0.2834
L60R,90,0.2017
L60R,90,0.2392
L60R,90,0.1768
L60R,90,0.2754
L60R,91,0.3485
L60R,91,0.1731
L60R,91,0.2642
L60R,91,0.1835
L60R,91,0.2903
L60R,92,0.3528
L60R,92,0.1674
L60R,92,0.2736
L60R,92,0.1619
L60R,92,0.2683
L60R,93,0.3091
L60R,93,0.2165
L60R,93,0.2459
L60R,93,0.1536
L60R,93,0.2536
L60R,94,0.3417
L60R,94,0.2164
L60R,94,0.2445
L60R,94,0.1786
L60R,94,0.2753
L60R,95,0.3785
L60R,95,0.2121
L60R,95,0.2764
L60R,95,0.1699
L60R,95,0.2892
L60R,96,0.3468
L60R,96,0.1738
L60R,96,0.2677
L60R,96,0.1738
L60R,96,0.2876
L60R,97,0.3321
L60R,97,0.1727
L60R,97,0.26
L60R,97,0.2005
L60R,97,0.2925
L60R,98,0.3713
L60R,98,0.1562
L60R,98,0.2628
L60R,98,0.2022
L60R,98,0.308
L60R,99,0.3725
L60R,99,0.1469
L60R,99,0.3007
L60R,99,0.1943
L60R,99,0.3148
L60R,100,0.3241
L60R,100,0.1576
L60R,100,0.2926
L60R,100,0.217
L60R,100,0.2934
L60R,101,0.3178
L60R,101,0.1515
L60R,101,0.2786
L60R,101,0.2354
L60R,101,0.3051
L60R,102,0.3455
L60R,102,0.1452
L60R,102,0.2957
L60R,102,0.2232
L60R,102,0.3151
L60R,103,0.3273
L60R,103,0.1528
L60R,103,0.3288
L60R,103,0.2185
L60R,103,0.2901
L60R,104,0.2909
L60R,104,0.1581
L60R,104,0.3195
L60R,104,0.1952
L60R,104,0.2924
L60R,105,0.2918
L60R,105,0.1582
L60R,105,0.3063
L60R,105,0.236
L60R,105,0.3205
L60R,106,0.2977
L60R,106,0.1648
L60R,106,0.3465
L60R,106,0.311
L60R,106,0.3078
L60R,107,0.2643
L60R,107,0.1804
L60R,107,0.4003
L60R,107,0.2827
L60R,107,0.2841
L60R,108,0.2421
L60R,108,0.1758
L60R,108,0.3706
L60R,108,0.2138
L60R,108,0.3084
L60R,109,0.2388
L60R,109,0.1804
L60R,109,0.4027
L60R,109,0.2989
L60R,109,0.3282
L60R,110,0.2262
L60R,110,0.1903
L60R,110,0.4987
L60R,110,0.3533
L60R,110,0.3407
L60R,111,0.2017
L60R,111,0.1796
L60R,111,0.4902
L60R,111,0.2771
L60R,111,0.3561
L60R,112,0.198
L60R,112,0.1905
L60R,112,0.4912
L60R,112,0.2453
L60R,112,0.3583
L60R,113,0.2203
L60R,113,0.2385
L60R,113,0.5676
L60R,113,0.2616
L60R,113,0.3808
L60R,114,0.2661
L60R,114,0.2248
L60R,114,0.5804
L60R,114,0.2732
L60R,114,0.4262
L60R,115,0.2851
L60R,115,0.2051
L60R,115,0.4587
L60R,115,0.2572
L60R,115,0.3724
L60R,116,0.2977
L60R,116,0.2504
L60R,116,0.477
L60R,116,0.2639
L60R,116,0.3695
L60R,117,0.4028
L60R,117,0.3075
L60R,117,0.4616
L60R,117,0.2482
L60R,117,0.3884
L60R,118,0.5325
L60R,118,0.3916
L60R,118,0.5283
L60R,118,0.2248
L60R,118,0.4453
L60R,119,0.5589
L60R,119,0.5241
L60R,119,0.4172
L60R,119,0.2517
L60R,119,0.4027
L60R,120,0.5645
L60R,120,0.594
L60R,120,0.4051
L60R,120,0.2686
L60R,120,0.3649
L60R,121,0.5617
L60R,121,0.7539
L60R,121,0.3763
L60R,121,0.3243
L60R,121,0.3626
L60R,122,0.6342
L60R,122,0.8775
L60R,122,0.339
L60R,122,0.3683
L60R,122,0.4028
L60R,123,0.6969
L60R,123,0.9762
L60R,123,0.3984
L60R,123,0.429
L60R,123,0.4543
L60R,124,0.738
L60R,124,1.1206
L60R,124,0.4192
L60R,124,0.4771
L60R,124,0.4735
L60R,125,0.721
L60R,125,1.1043
L60R,125,0.4592
L60R,125,0.5414
L60R,125,0.5468
L60R,126,0.7414
L60R,126,1.0733
L60R,126,0.5566
L60R,126,0.58
L60R,126,0.5593
L60R,127,0.6864
L60R,127,0.9239
L60R,127,0.6237
L60R,127,0.7429
L60R,127,0.4663
L60R,128,0.7033
L60R,128,0.9126
L60R,128,0.7702
L60R,128,0.7713
L60R,128,0.4431
L60R,129,0.5741
L60R,129,0.7912
L60R,129,0.8082
L60R,129,0.6645
L60R,129,0.4713
L60R,130,0.512
L60R,130,0.6585
L60R,130,0.7292
L60R,130,0.5615
L60R,130,0.46
L60R,131,0.4668
L60R,131,0.4817
L60R,131,0.6558
L60R,131,0.5054
L60R,131,0.3692
L60R,132,0.456
L60R,132,0.3561
L60R,132,0.601
L60R,132,0.4393
L60R,132,0.362
L60R,133,0.4781
L60R,133,0.2695
L60R,133,0.5165
L60R,133,0.3836
L60R,133,0.3202
L60R,134,0.47
L60R,134,0.2155
L60R,134,0.5876
L60R,134,0.3173
L60R,134,0.2849
L60R,135,0.4657
L60R,135,0.3305
L60R,135,0.7912
L60R,135,0.3058
L60R,135,0.313
L60R,136,0.458
L60R,136,0.3777
L60R,136,0.7401
L60R,136,0.2893
L60R,136,0.3397
L60R,137,0.4851
L60R,137,0.3703
L60R,137,0.6878
L60R,137,0.3048
L60R,137,0.3655
L60R,138,0.4404
L60R,138,0.5242
L60R,138,0.6649
L60R,138,0.3767
L60R,138,0.3581
L60R,139,0.5268
L60R,139,0.6035
L60R,139,0.7713
L60R,139,0.4351
L60R,139,0.4407
L60R,140,0.6115
L60R,140,0.8075
L60R,140,0.7229
L60R,140,0.5481
L60R,140,0.4873
L60R,141,0.68
L60R,141,0.6551
L60R,141,0.9218
L60R,141,0.587
L60R,141,0.5536
L60R,142,0.6904
L60R,142,0.6639
L60R,142,0.9864
L60R,142,0.5868
L60R,142,0.5568
L60R,143,0.9099
L60R,143,0.6441
L60R,143,1.0402
L60R,143,0.7303
L60R,143,0.6694
L60R,144,0.9472
L60R,144,0.5941
L60R,144,1.1203
L60R,144,0.7575
L60R,144,0.7328
L60R,145,0.8472
L60R,145,0.5384
L60R,145,1.0879
L60R,145,0.7542
L60R,145,0.7408
L60R,146,0.7746
L60R,146,0.5495
L60R,146,1.191
L60R,146,0.8556
L60R,146,0.7773
L60R,147,0.6812
L60R,147,0.5354
L60R,147,1.2522
L60R,147,0.9799
L60R,147,0.707
L60R,148,0.6277
L60R,148,0.5362
L60R,148,1.3169
L60R,148,1.0442
L60R,148,0.5877
L60R,149,0.7089
L60R,149,0.4915
L60R,149,1.2293
L60R,149,1.0505
L60R,149,0.6075
L60R,150,0.6683
L60R,150,0.4227
L60R,150,1.2002
L60R,150,0.8232
L60R,150,0.598
L60R,151,0.4962
L60R,151,0.3992
L60R,151,1.1086
L60R,151,0.7062
L60R,151,0.5127
L60R,152,0.527
L60R,152,0.4047
L60R,152,0.9957
L60R,152,0.8452
L60R,152,0.4629
L60R,153,0.5691
L60R,153,0.3776
L60R,153,0.9394
L60R,153,0.8065
L60R,153,0.4812
L60R,154,0.4928
L60R,154,0.3357
L60R,154,0.918
L60R,154,0.5557
L60R,154,0.4646
L60R,155,0.397
L60R,155,0.3196
L60R,155,0.7962
L60R,155,0.5436
L60R,155,0.3678
L60R,156,0.4381
L60R,156,0.3207
L60R,156,0.6862
L60R,156,0.6477
L60R,156,0.3579
L60R,157,0.4441
L60R,157,0.3186
L60R,157,0.6875
L60R,157,0.5523
L60R,157,0.4376
L60R,158,0.3571
L60R,158,0.2905
L60R,158,0.6629
L60R,158,0.3361
L60R,158,0.3971
L60R,159,0.3388
L60R,159,0.271
L60R,159,0.5202
L60R,159,0.3994
L60R,159,0.3005
L60R,160,0.3648
L60R,160,0.2949
L60R,160,0.464
L60R,160,0.4883
L60R,160,0.3921
L60R,161,0.364
L60R,161,0.3148
L60R,161,0.5518
L60R,161,0.4034
L60R,161,0.4777
L60R,162,0.3486
L60R,162,0.2855
L60R,162,0.5096
L60R,162,0.2632
L60R,162,0.4007
L60R,163,0.3418
L60R,163,0.2712
L60R,163,0.3872
L60R,163,0.3158
L60R,163,0.3751
L60R,164,0.3634
L60R,164,0.3282
L60R,164,0.4575
L60R,164,0.4323
L60R,164,0.427
L60R,165,0.4615
L60R,165,0.3618
L60R,165,0.5341
L60R,165,0.4401
L60R,165,0.4105
L60R,166,0.4563
L60R,166,0.308
L60R,166,0.4591
L60R,166,0.2751
L60R,166,0.3077
L60R,167,0.4363
L60R,167,0.3071
L60R,167,0.398
L60R,167,0.311
L60R,167,0.3597
L60R,168,0.4187
L60R,168,0.2958
L60R,168,0.4913
L60R,168,0.3849
L60R,168,0.3849
L60R,169,0.2884
L60R,169,0.2103
L60R,169,0.5693
L60R,169,0.3377
L60R,169,0.2896
L60R,170,0.3069
L60R,170,0.2293
L60R,170,0.5187
L60R,170,0.2781
L60R,170,0.2833
L60R,171,0.3812
L60R,171,0.2707
L60R,171,0.5242
L60R,171,0.3793
L60R,171,0.3481
L60R,172,0.3231
L60R,172,0.2221
L60R,172,0.6409
L60R,172,0.4263
L60R,172,0.2944
L60R,173,0.2449
L60R,173,0.186
L60R,173,0.6986
L60R,173,0.351
L60R,173,0.2672
L60R,174,0.3153
L60R,174,0.238
L60R,174,0.6671
L60R,174,0.3544
L60R,174,0.3362
L60R,175,0.3421
L60R,175,0.23
L60R,175,0.6998
L60R,175,0.4601
L60R,175,0.322
L60R,176,0.2749
L60R,176,0.1908
L60R,176,0.8083
L60R,176,0.4488
L60R,176,0.2729
L60R,177,0.2685
L60R,177,0.2155
L60R,177,0.841
L60R,177,0.3659
L60R,177,0.3281
L60R,178,0.3317
L60R,178,0.235
L60R,178,0.8298
L60R,178,0.4421
L60R,178,0.3567
L60R,179,0.3291
L60R,179,0.221
L60R,179,0.9048
L60R,179,0.5247
L60R,179,0.315
L60R,180,0.2958
L60R,180,0.1924
L60R,180,0.9662
L60R,180,0.4515
L60R,180,0.3039
L60R,181,0.2833
L60R,181,0.2312
L60R,181,0.9483
L60R,181,0.3332
L60R,181,0.3094
L60R,182,0.286
L60R,182,0.206
L60R,182,0.8525
L60R,182,0.2699
L60R,182,0.3035
L60R,183,0.2527
L60R,183,0.2054
L60R,183,0.8286
L60R,183,0.2832
L60R,183,0.3066
L60R,184,0.2446
L60R,184,0.2147
L60R,184,0.7565
L60R,184,0.4355
L60R,184,0.3261
L60R,185,0.2799
L60R,185,0.2459
L60R,185,0.7525
L60R,185,0.4386
L60R,185,0.3467
L60R,186,0.3112
L60R,186,0.2701
L60R,186,0.7988
L60R,186,0.6458
L60R,186,0.3129
L60R,187,0.3956
L60R,187,0.2753
L60R,187,0.7508
L60R,187,0.6234
L60R,187,0.288
L60R,188,0.5337
L60R,188,0.3549
L60R,188,0.8784
L60R,188,0.6927
L60R,188,0.337
L60R,189,0.5878
L60R,189,0.3372
L60R,189,0.7393
L60R,189,0.6613
L60R,189,0.3205
L60R,190,0.581
L60R,190,0.2997
L60R,190,0.649
L60R,190,0.6716
L60R,190,0.3516
L60R,191,0.6716
L60R,191,0.2273
L60R,191,0.5249
L60R,191,0.707
L60R,191,0.338
L60R,192,0.8755
L60R,192,0.2478
L60R,192,0.5905
L60R,192,0.7952
L60R,192,0.401
L60R,193,0.8898
L60R,193,0.187
L60R,193,0.4906
L60R,193,0.7229
L60R,193,0.3598
L60R,194,0.9076
L60R,194,0.1627
L60R,194,0.5173
L60R,194,0.8491
L60R,194,0.4463
L60R,195,0.8389
L60R,195,0.1422
L60R,195,0.5414
L60R,195,0.8615
L60R,195,0.5507
L60R,196,0.7596
L60R,196,0.2164
L60R,196,0.5988
L60R,196,0.8215
L60R,196,0.6076
L60R,197,0.8387
L60R,197,0.2554
L60R,197,0.7059
L60R,197,0.7297
L60R,197,0.5727
L60R,198,0.9986
L60R,198,0.2822
L60R,198,0.9862
L60R,198,0.8459
L60R,198,0.699
L60R,199,0.9286
L60R,199,0.3446
L60R,199,0.9646
L60R,199,0.7125
L60R,199,0.6267
L60R,200,0.7991
L60R,200,0.3723
L60R,200,0.8469
L60R,200,0.6016
L60R,200,0.7158
L60R,201,0.7801
L60R,201,0.3719
L60R,201,0.8148
L60R,201,0.5882
L60R,201,0.8912
L60R,202,0.9619
L60R,202,0.4674
L60R,202,0.8552
L60R,202,0.6284
L60R,202,0.9705
L60R,203,0.8325
L60R,203,0.4108
L60R,203,0.7438
L60R,203,0.5236
L60R,203,1.0825
L60R,204,0.6793
L60R,204,0.3196
L60R,204,0.7134
L60R,204,0.4514
L60R,204,1.0242
L60R,205,0.6969
L60R,205,0.2705
L60R,205,0.6132
L60R,205,0.409
L60R,205,1.0991
L60R,206,0.6193
L60R,206,0.2182
L60R,206,0.6385
L60R,206,0.3878
L60R,206,0.9883
L60R,207,0.6216
L60R,207,0.1993
L60R,207,0.6799
L60R,207,0.3781
L60R,207,0.9346
L60R,208,0.608
L60R,208,0.1885
L60R,208,0.5157
L60R,208,0.3472
L60R,208,0.7959
L60R,209,0.6348
L60R,209,0.2434
L60R,209,0.5887
L60R,209,0.3689
L60R,209,0.8138
L60R,210,0.6773
L60R,210,0.2903
L60R,210,0.4923
L60R,210,0.3648
L60R,210,0.7658
L60R,211,0.6473
L60R,211,0.3096
L60R,211,0.5453
L60R,211,0.357
L60R,211,0.9685
L60R,212,0.7351
L60R,212,0.3818
L60R,212,0.6122
L60R,212,0.3804
L60R,212,1.0756
L60R,213,0.8213
L60R,213,0.4583
L60R,213,0.6266
L60R,213,0.4194
L60R,213,1.1388
L60R,214,0.8841
L60R,214,0.4969
L60R,214,0.6645
L60R,214,0.432
L60R,214,1.3194
L60R,215,1.0712
L60R,215,0.6311
L60R,215,0.8055
L60R,215,0.5377
L60R,215,1.4809
L60R,216,1.0892
L60R,216,0.6407
L60R,216,0.8142
L60R,216,0.5092
L60R,216,1.5145
L60R,217,0.9954
L60R,217,0.5895
L60R,217,0.7774
L60R,217,0.4281
L60R,217,1.4333
L60R,218,0.867
L60R,218,0.5362
L60R,218,0.7338
L60R,218,0.364
L60R,218,1.3186
L60R,219,0.7212
L60R,219,0.4427
L60R,219,0.6248
L60R,219,0.3105
L60R,219,1.1474
L60R,220,0.5848
L60R,220,0.5159
L60R,220,0.6391
L60R,220,0.3305
L60R,220,1.0428
L60R,221,0.6946
L60R,221,0.6651
L60R,221,0.7386
L60R,221,0.414
L60R,221,0.9868
L60R,222,0.5333
L60R,222,0.6355
L60R,222,0.698
L60R,222,0.4168
L60R,222,0.9402
L60R,223,0.3965
L60R,223,0.495
L60R,223,0.6299
L60R,223,0.3643
L60R,223,0.8173
L60R,224,0.3922
L60R,224,0.3974
L60R,224,0.606
L60R,224,0.3055
L60R,224,0.8536
L60R,225,0.3216
L60R,225,0.2795
L60R,225,0.4836
L60R,225,0.2716
L60R,225,0.6355
L60R,226,0.2839
L60R,226,0.328
L60R,226,0.4048
L60R,226,0.2657
L60R,226,0.4798
L60R,227,0.363
L60R,227,0.3218
L60R,227,0.3371
L60R,227,0.2739
L60R,227,0.4628
L60R,228,0.3972
L60R,228,0.2285
L60R,228,0.2556
L60R,228,0.2464
L60R,228,0.3762
L60R,229,0.4642
L60R,229,0.2301
L60R,229,0.2617
L60R,229,0.2514
L60R,229,0.4506
L60R,230,0.3805
L60R,230,0.2207
L60R,230,0.2589
L60R,230,0.2558
L60R,230,0.3096
L60R,231,0.3352
L60R,231,0.212
L60R,231,0.3045
L60R,231,0.2781
L60R,231,0.4115
L60R,232,0.3079
L60R,232,0.2261
L60R,232,0.3006
L60R,232,0.2725
L60R,232,0.4132
L60R,233,0.2749
L60R,233,0.2413
L60R,233,0.2976
L60R,233,0.217
L60R,233,0.375
L60R,234,0.2595
L60R,234,0.2353
L60R,234,0.3194
L60R,234,0.2413
L60R,234,0.4656
L60R,235,0.3708
L60R,235,0.2821
L60R,235,0.3462
L60R,235,0.2222
L60R,235,0.4424
L60R,236,0.4814
L60R,236,0.3025
L60R,236,0.3479
L60R,236,0.2042
L60R,236,0.4495
L60R,237,0.3876
L60R,237,0.2704
L60R,237,0.2694
L60R,237,0.1686
L60R,237,0.3192
L60R,238,0.433
L60R,238,0.329
L60R,238,0.2693
L60R,238,0.2002
L60R,238,0.2852
L60R,239,0.4043
L60R,239,0.4319
L60R,239,0.2897
L60R,239,0.2178
L60R,239,0.3624
L60R,240,0.4567
L60R,240,0.4511
L60R,240,0.2735
L60R,240,0.2572
L60R,240,0.3165
L60R,241,0.4074
L60R,241,0.415
L60R,241,0.238
L60R,241,0.2977
L60R,241,0.3155
L60R,242,0.3264
L60R,242,0.3582
L60R,242,0.1981
L60R,242,0.2284
L60R,242,0.2994
L60R,243,0.3364
L60R,243,0.4649
L60R,243,0.2068
L60R,243,0.3246
L60R,243,0.3045
delta107,1,0.85
delta107,1,0.7797
delta107,1,1.1464
delta107,1,0.7031
delta107,1,0.661
delta107,2,0.77
delta107,2,0.6825
delta107,2,1.0478
delta107,2,0.5706
delta107,2,0.5359
delta107,3,0.7288
delta107,3,0.5913
delta107,3,0.9742
delta107,3,0.4493
delta107,3,0.4751
delta107,4,0.5866
delta107,4,0.4523
delta107,4,0.8049
delta107,4,0.4072
delta107,4,0.4231
delta107,5,0.3909
delta107,5,0.3455
delta107,5,0.6424
delta107,5,0.3739
delta107,5,0.3421
delta107,6,0.3091
delta107,6,0.2311
delta107,6,0.5664
delta107,6,0.2961
delta107,6,0.2562
delta107,7,0.2073
delta107,7,0.1754
delta107,7,0.4384
delta107,7,0.2775
delta107,7,0.2326
delta107,8,0.1341
delta107,8,0.194
delta107,8,0.3523
delta107,8,0.2482
delta107,8,0.2207
delta107,9,0.1499
delta107,9,0.2124
delta107,9,0.3304
delta107,9,0.2204
delta107,9,0.2332
delta107,10,0.1601
delta107,10,0.1788
delta107,10,0.3231
delta107,10,0.2098
delta107,10,0.2345
delta107,11,0.1604
delta107,11,0.1546
delta107,11,0.2801
delta107,11,0.1818
delta107,11,0.2291
delta107,12,0.1532
delta107,12,0.2338
delta107,12,0.236
delta107,12,0.1529
delta107,12,0.2326
delta107,13,0.1586
delta107,13,0.2823
delta107,13,0.2263
delta107,13,0.1493
delta107,13,0.2536
delta107,14,0.1609
delta107,14,0.2588
delta107,14,0.2521
delta107,14,0.1445
delta107,14,0.2755
delta107,15,0.1783
delta107,15,0.1787
delta107,15,0.2707
delta107,15,0.1303
delta107,15,0.2508
delta107,16,0.2122
delta107,16,0.1828
delta107,16,0.2487
delta107,16,0.1208
delta107,16,0.2718
delta107,17,0.206
delta107,17,0.2469
delta107,17,0.2403
delta107,17,0.1192
delta107,17,0.2353
delta107,18,0.2131
delta107,18,0.2193
delta107,18,0.2686
delta107,18,0.1086
delta107,18,0.211
delta107,19,0.2498
delta107,19,0.1646
delta107,19,0.287
delta107,19,0.1153
delta107,19,0.2248
delta107,20,0.221
delta107,20,0.209
delta107,20,0.2711
delta107,20,0.1173
delta107,20,0.2002
delta107,21,0.2139
delta107,21,0.2368
delta107,21,0.272
delta107,21,0.106
delta107,21,0.2017
delta107,22,0.2328
delta107,22,0.183
delta107,22,0.3112
delta107,22,0.1096
delta107,22,0.2301
delta107,23,0.2179
delta107,23,0.1817
delta107,23,0.3269
delta107,23,0.1256
delta107,23,0.2329
delta107,24,0.1994
delta107,24,0.2341
delta107,24,0.3078
delta107,24,0.1179
delta107,24,0.2053
delta107,25,0.2132
delta107,25,0.2072
delta107,25,0.3425
delta107,25,0.1119
delta107,25,0.1936
delta107,26,0.2044
delta107,26,0.1628
delta107,26,0.4368
delta107,26,0.1335
delta107,26,0.2434
delta107,27,0.1858
delta107,27,0.1841
delta107,27,0.4668
delta107,27,0.138
delta107,27,0.2512
delta107,28,0.1905
delta107,28,0.1982
delta107,28,0.4137
delta107,28,0.1324
delta107,28,0.2119
delta107,29,0.1877
delta107,29,0.1725
delta107,29,0.4663
delta107,29,0.1459
delta107,29,0.2285
delta107,30,0.1895
delta107,30,0.1556
delta107,30,0.5748
delta107,30,0.1704
delta107,30,0.2706
delta107,31,0.1866
delta107,31,0.1681
delta107,31,0.5867
delta107,31,0.176
delta107,31,0.2469
delta107,32,0.1979
delta107,32,0.1712
delta107,32,0.5589
delta107,32,0.1688
delta107,32,0.2278
delta107,33,0.2077
delta107,33,0.1966
delta107,33,0.8048
delta107,33,0.1954
delta107,33,0.2699
delta107,34,0.2538
delta107,34,0.1959
delta107,34,0.9148
delta107,34,0.1891
delta107,34,0.2737
delta107,35,0.2924
delta107,35,0.1886
delta107,35,0.7619
delta107,35,0.153
delta107,35,0.2326
delta107,36,0.3284
delta107,36,0.2501
delta107,36,0.7777
delta107,36,0.147
delta107,36,0.2476
delta107,37,0.4425
delta107,37,0.2771
delta107,37,0.8199
delta107,37,0.1463
delta107,37,0.2603
delta107,38,0.4489
delta107,38,0.2999
delta107,38,0.7632
delta107,38,0.1523
delta107,38,0.2702
delta107,39,0.3236
delta107,39,0.355
delta107,39,0.5877
delta107,39,0.1445
delta107,39,0.2447
delta107,40,0.2472
delta107,40,0.3166
delta107,40,0.5629
delta107,40,0.119
delta107,40,0.2282
delta107,41,0.3393
delta107,41,0.2814
delta107,41,0.636
delta107,41,0.1233
delta107,41,0.2509
delta107,42,0.2608
delta107,42,0.3382
delta107,42,0.4885
delta107,42,0.1465
delta107,42,0.2655
delta107,43,0.214
delta107,43,0.3425
delta107,43,0.376
delta107,43,0.1416
delta107,43,0.2501
delta107,44,0.3114
delta107,44,0.2875
delta107,44,0.5289
delta107,44,0.1325
delta107,44,0.2428
delta107,45,0.3566
delta107,45,0.3153
delta107,45,0.5278
delta107,45,0.154
delta107,45,0.2749
delta107,46,0.3321
delta107,46,0.3481
delta107,46,0.3945
delta107,46,0.1779
delta107,46,0.2933
delta107,47,0.3411
delta107,47,0.3397
delta107,47,0.3957
delta107,47,0.1924
delta107,47,0.3005
delta107,48,0.3981
delta107,48,0.4197
delta107,48,0.3932
delta107,48,0.2213
delta107,48,0.3659
delta107,49,0.4022
delta107,49,0.4203
delta107,49,0.3288
delta107,49,0.2134
delta107,49,0.3689
delta107,50,0.2545
delta107,50,0.3724
delta107,50,0.271
delta107,50,0.1949
delta107,50,0.3456
delta107,51,0.3558
delta107,51,0.4481
delta107,51,0.2677
delta107,51,0.2182
delta107,51,0.3908
delta107,52,0.3112
delta107,52,0.4378
delta107,52,0.2718
delta107,52,0.1963
delta107,52,0.463
delta107,53,0.268
delta107,53,0.532
delta107,53,0.2506
delta107,53,0.2187
delta107,53,0.4495
delta107,54,0.3546
delta107,54,0.6594
delta107,54,0.2862
delta107,54,0.2691
delta107,54,0.4436
delta107,55,0.3538
delta107,55,0.6372
delta107,55,0.2635
delta107,55,0.2596
delta107,55,0.4721
delta107,56,0.327
delta107,56,0.4837
delta107,56,0.2133
delta107,56,0.1959
delta107,56,0.4102
delta107,57,0.4209
delta107,57,0.5171
delta107,57,0.2312
delta107,57,0.2172
delta107,57,0.3658
delta107,58,0.4795
delta107,58,0.5985
delta107,58,0.2662
delta107,58,0.251
delta107,58,0.415
delta107,59,0.4271
delta107,59,0.4849
delta107,59,0.2512
delta107,59,0.2093
delta107,59,0.4506
delta107,60,0.5306
delta107,60,0.3987
delta107,60,0.2562
delta107,60,0.2011
delta107,60,0.4069
delta107,61,0.6748
delta107,61,0.5171
delta107,61,0.2932
delta107,61,0.2494
delta107,61,0.4421
delta107,62,0.6871
delta107,62,0.4902
delta107,62,0.3235
delta107,62,0.2397
delta107,62,0.5272
delta107,63,0.6384
delta107,63,0.3691
delta107,63,0.3224
delta107,63,0.2125
delta107,63,0.5359
delta107,64,0.714
delta107,64,0.324
delta107,64,0.4173
delta107,64,0.2531
delta107,64,0.5432
delta107,65,0.7045
delta107,65,0.3475
delta107,65,0.4302
delta107,65,0.2922
delta107,65,0.5398
delta107,66,0.6431
delta107,66,0.3124
delta107,66,0.3822
delta107,66,0.3007
delta107,66,0.4647
delta107,67,0.5302
delta107,67,0.2475
delta107,67,0.3176
delta107,67,0.272
delta107,67,0.4157
delta107,68,0.491
delta107,68,0.2609
delta107,68,0.3535
delta107,68,0.2923
delta107,68,0.4085
delta107,69,0.4802
delta107,69,0.2715
delta107,69,0.389
delta107,69,0.3386
delta107,69,0.3746
delta107,70,0.4673
delta107,70,0.2477
delta107,70,0.3311
delta107,70,0.2794
delta107,70,0.3244
delta107,71,0.3779
delta107,71,0.2197
delta107,71,0.2928
delta107,71,0.2446
delta107,71,0.3192
delta107,72,0.3206
delta107,72,0.2565
delta107,72,0.3495
delta107,72,0.3149
delta107,72,0.3639
delta107,73,0.3494
delta107,73,0.2727
delta107,73,0.3657
delta107,73,0.3152
delta107,73,0.3302
delta107,74,0.3326
delta107,74,0.2924
delta107,74,0.3385
delta107,74,0.2537
delta107,74,0.2626
delta107,75,0.2338
delta107,75,0.3371
delta107,75,0.3596
delta107,75,0.2846
delta107,75,0.3429
delta107,76,0.2459
delta107,76,0.3754
delta107,76,0.4189
delta107,76,0.3414
delta107,76,0.4006
delta107,77,0.3164
delta107,77,0.3975
delta107,77,0.422
delta107,77,0.3151
delta107,77,0.3489
delta107,78,0.3719
delta107,78,0.5041
delta107,78,0.496
delta107,78,0.3505
delta107,78,0.3933
delta107,79,0.4206
delta107,79,0.4933
delta107,79,0.471
delta107,79,0.3247
delta107,79,0.3426
delta107,80,0.4376
delta107,80,0.5334
delta107,80,0.4929
delta107,80,0.3359
delta107,80,0.3321
delta107,81,0.4563
delta107,81,0.5048
delta107,81,0.4407
delta107,81,0.319
delta107,81,0.3026
delta107,82,0.3776
delta107,82,0.3956
delta107,82,0.3833
delta107,82,0.2572
delta107,82,0.2644
delta107,83,0.3131
delta107,83,0.3898
delta107,83,0.4046
delta107,83,0.2426
delta107,83,0.2532
delta107,84,0.3512
delta107,84,0.4256
delta107,84,0.4005
delta107,84,0.2627
delta107,84,0.2415
delta107,85,0.3435
delta107,85,0.3698
delta107,85,0.3354
delta107,85,0.2319
delta107,85,0.2294
delta107,86,0.2641
delta107,86,0.2954
delta107,86,0.3219
delta107,86,0.1895
delta107,86,0.223
delta107,87,0.2502
delta107,87,0.3297
delta107,87,0.3582
delta107,87,0.2088
delta107,87,0.2142
delta107,88,0.2836
delta107,88,0.3425
delta107,88,0.3248
delta107,88,0.2226
delta107,88,0.2087
delta107,89,0.2498
delta107,89,0.2853
delta107,89,0.2747
delta107,89,0.1845
delta107,89,0.2115
delta107,90,0.211
delta107,90,0.2668
delta107,90,0.3075
delta107,90,0.1958
delta107,90,0.2194
delta107,91,0.235
delta107,91,0.3105
delta107,91,0.3317
delta107,91,0.2409
delta107,91,0.2185
delta107,92,0.2374
delta107,92,0.3067
delta107,92,0.2933
delta107,92,0.279
delta107,92,0.2147
delta107,93,0.2304
delta107,93,0.2576
delta107,93,0.2867
delta107,93,0.2594
delta107,93,0.2249
delta107,94,0.24
delta107,94,0.2745
delta107,94,0.3227
delta107,94,0.2356
delta107,94,0.2502
delta107,95,0.2578
delta107,95,0.3123
delta107,95,0.3231
delta107,95,0.2209
delta107,95,0.254
delta107,96,0.2802
delta107,96,0.2815
delta107,96,0.2912
delta107,96,0.1735
delta107,96,0.2415
delta107,97,0.3092
delta107,97,0.2672
delta107,97,0.2847
delta107,97,0.1671
delta107,97,0.2649
delta107,98,0.3054
delta107,98,0.2475
delta107,98,0.2799
delta107,98,0.1568
delta107,98,0.2829
delta107,99,0.2913
delta107,99,0.2559
delta107,99,0.2859
delta107,99,0.1534
delta107,99,0.3047
delta107,100,0.2364
delta107,100,0.2682
delta107,100,0.2736
delta107,100,0.1473
delta107,100,0.263
delta107,101,0.2438
delta107,101,0.259
delta107,101,0.2524
delta107,101,0.1373
delta107,101,0.2462
delta107,102,0.2749
delta107,102,0.2402
delta107,102,0.2662
delta107,102,0.136
delta107,102,0.3018
delta107,103,0.249
delta107,103,0.2307
delta107,103,0.2677
delta107,103,0.1442
delta107,103,0.3053
delta107,104,0.2242
delta107,104,0.2379
delta107,104,0.2614
delta107,104,0.1379
delta107,104,0.263
delta107,105,0.2645
delta107,105,0.2255
delta107,105,0.2831
delta107,105,0.1261
delta107,105,0.2914
delta107,106,0.2739
delta107,106,0.204
delta107,106,0.2951
delta107,106,0.1386
delta107,106,0.3429
delta107,107,0.2704
delta107,107,0.1933
delta107,107,0.3823
delta107,107,0.1495
delta107,107,0.3989
delta107,108,0.2566
delta107,108,0.1847
delta107,108,0.4597
delta107,108,0.1709
delta107,108,0.4881
delta107,109,0.2597
delta107,109,0.1913
delta107,109,0.4578
delta107,109,0.2363
delta107,109,0.4214
delta107,110,0.2418
delta107,110,0.179
delta107,110,0.4696
delta107,110,0.2502
delta107,110,0.4558
delta107,111,0.2196
delta107,111,0.1548
delta107,111,0.5856
delta107,111,0.2217
delta107,111,0.5648
delta107,112,0.2217
delta107,112,0.1745
delta107,112,0.6094
delta107,112,0.2453
delta107,112,0.635
delta107,113,0.2325
delta107,113,0.1836
delta107,113,0.6352
delta107,113,0.257
delta107,113,0.75
delta107,114,0.2364
delta107,114,0.1572
delta107,114,0.5402
delta107,114,0.2314
delta107,114,0.6905
delta107,115,0.2283
delta107,115,0.151
delta107,115,0.5541
delta107,115,0.2166
delta107,115,0.6446
delta107,116,0.2483
delta107,116,0.1825
delta107,116,0.4841
delta107,116,0.183
delta107,116,0.5722
delta107,117,0.2414
delta107,117,0.2854
delta107,117,0.5138
delta107,117,0.1792
delta107,117,0.5634
delta107,118,0.2916
delta107,118,0.2908
delta107,118,0.5364
delta107,118,0.2061
delta107,118,0.5527
delta107,119,0.3353
delta107,119,0.2874
delta107,119,0.5711
delta107,119,0.2762
delta107,119,0.545
delta107,120,0.5209
delta107,120,0.3734
delta107,120,0.6202
delta107,120,0.3808
delta107,120,0.57
delta107,121,0.6624
delta107,121,0.5393
delta107,121,0.7028
delta107,121,0.4023
delta107,121,0.6394
delta107,122,0.6671
delta107,122,0.5675
delta107,122,0.738
delta107,122,0.4221
delta107,122,0.6428
delta107,123,0.7545
delta107,123,0.5051
delta107,123,0.7529
delta107,123,0.504
delta107,123,0.7373
delta107,124,0.9049
delta107,124,0.5076
delta107,124,0.8563
delta107,124,0.5335
delta107,124,0.8599
delta107,125,0.8721
delta107,125,0.5017
delta107,125,0.853
delta107,125,0.58
delta107,125,0.7933
delta107,126,0.9131
delta107,126,0.4866
delta107,126,0.849
delta107,126,0.7014
delta107,126,0.835
delta107,127,0.9198
delta107,127,0.4985
delta107,127,0.9241
delta107,127,0.774
delta107,127,0.9592
delta107,128,0.7539
delta107,128,0.4629
delta107,128,0.8951
delta107,128,0.7896
delta107,128,0.9142
delta107,129,0.6614
delta107,129,0.4042
delta107,129,0.8654
delta107,129,0.6954
delta107,129,0.7803
delta107,130,0.5126
delta107,130,0.3506
delta107,130,0.8011
delta107,130,0.6438
delta107,130,0.6478
delta107,131,0.3648
delta107,131,0.3118
delta107,131,0.9144
delta107,131,0.6353
delta107,131,0.6619
delta107,132,0.2967
delta107,132,0.2361
delta107,132,0.994
delta107,132,0.5148
delta107,132,0.6716
delta107,133,0.2316
delta107,133,0.1993
delta107,133,1.0551
delta107,133,0.5585
delta107,133,0.5842
delta107,134,0.3131
delta107,134,0.2305
delta107,134,1.2659
delta107,134,0.7125
delta107,134,0.5799
delta107,135,0.2644
delta107,135,0.2274
delta107,135,1.3422
delta107,135,0.6171
delta107,135,0.5126
delta107,136,0.199
delta107,136,0.2496
delta107,136,1.2205
delta107,136,0.5216
delta107,136,0.4799
delta107,137,0.2759
delta107,137,0.234
delta107,137,1.3007
delta107,137,0.4445
delta107,137,0.4671
delta107,138,0.3258
delta107,138,0.2919
delta107,138,1.2828
delta107,138,0.4108
delta107,138,0.5554
delta107,139,0.4551
delta107,139,0.3319
delta107,139,1.3198
delta107,139,0.4337
delta107,139,0.605
delta107,140,0.4944
delta107,140,0.3738
delta107,140,1.1462
delta107,140,0.4273
delta107,140,0.5837
delta107,141,0.5921
delta107,141,0.3772
delta107,141,1.2884
delta107,141,0.475
delta107,141,0.6007
delta107,142,0.6646
delta107,142,0.5021
delta107,142,1.2377
delta107,142,0.5119
delta107,142,0.6811
delta107,143,0.7316
delta107,143,0.5168
delta107,143,1.1422
delta107,143,0.5058
delta107,143,0.6729
delta107,144,0.7224
delta107,144,0.5004
delta107,144,0.9816
delta107,144,0.4513
delta107,144,0.6414
delta107,145,0.8234
delta107,145,0.5454
delta107,145,1.0953
delta107,145,0.5006
delta107,145,0.6948
delta107,146,0.8446
delta107,146,0.4916
delta107,146,1.0027
delta107,146,0.4858
delta107,146,0.7759
delta107,147,0.8067
delta107,147,0.424
delta107,147,0.8925
delta107,147,0.4498
delta107,147,0.8437
delta107,148,0.8103
delta107,148,0.412
delta107,148,0.875
delta107,148,0.4403
delta107,148,1.0459
delta107,149,0.7195
delta107,149,0.3118
delta107,149,0.7826
delta107,149,0.3794
delta107,149,0.9942
delta107,150,0.605
delta107,150,0.2625
delta107,150,0.7012
delta107,150,0.3399
delta107,150,0.7902
delta107,151,0.6132
delta107,151,0.2981
delta107,151,0.7044
delta107,151,0.341
delta107,151,0.8004
delta107,152,0.5996
delta107,152,0.2778
delta107,152,0.6455
delta107,152,0.3175
delta107,152,0.9573
delta107,153,0.5067
delta107,153,0.1957
delta107,153,0.5759
delta107,153,0.2849
delta107,153,0.8627
delta107,154,0.4302
delta107,154,0.1897
delta107,154,0.5884
delta107,154,0.2721
delta107,154,0.6738
delta107,155,0.4296
delta107,155,0.2117
delta107,155,0.5693
delta107,155,0.2619
delta107,155,0.7808
delta107,156,0.4151
delta107,156,0.2031
delta107,156,0.4973
delta107,156,0.2453
delta107,156,0.8873
delta107,157,0.3475
delta107,157,0.1673
delta107,157,0.5273
delta107,157,0.2295
delta107,157,0.7186
delta107,158,0.3034
delta107,158,0.1589
delta107,158,0.5822
delta107,158,0.2292
delta107,158,0.6146
delta107,159,0.2901
delta107,159,0.195
delta107,159,0.5198
delta107,159,0.2217
delta107,159,0.7842
delta107,160,0.3423
delta107,160,0.2218
delta107,160,0.536
delta107,160,0.2078
delta107,160,0.8005
delta107,161,0.3404
delta107,161,0.2058
delta107,161,0.6515
delta107,161,0.2091
delta107,161,0.6149
delta107,162,0.2909
delta107,162,0.1949
delta107,162,0.6862
delta107,162,0.2261
delta107,162,0.6219
delta107,163,0.2593
delta107,163,0.2416
delta107,163,0.6233
delta107,163,0.2169
delta107,163,0.7513
delta107,164,0.2517
delta107,164,0.2175
delta107,164,0.5655
delta107,164,0.203
delta107,164,0.6235
delta107,165,0.2722
delta107,165,0.2117
delta107,165,0.754
delta107,165,0.2252
delta107,165,0.4516
delta107,166,0.2979
delta107,166,0.2706
delta107,166,0.8328
delta107,166,0.2481
delta107,166,0.5937
delta107,167,0.2985
delta107,167,0.2461
delta107,167,0.7335
delta107,167,0.2274
delta107,167,0.5864
delta107,168,0.2498
delta107,168,0.2562
delta107,168,0.7152
delta107,168,0.1938
delta107,168,0.4667
delta107,169,0.2113
delta107,169,0.2632
delta107,169,0.6988
delta107,169,0.1662
delta107,169,0.3633
delta107,170,0.26
delta107,170,0.2702
delta107,170,0.7255
delta107,170,0.1828
delta107,170,0.396
delta107,171,0.272
delta107,171,0.2777
delta107,171,0.7204
delta107,171,0.189
delta107,171,0.4421
delta107,172,0.2153
delta107,172,0.2827
delta107,172,0.7111
delta107,172,0.1632
delta107,172,0.4533
delta107,173,0.2176
delta107,173,0.3032
delta107,173,0.7419
delta107,173,0.1653
delta107,173,0.417
delta107,174,0.2564
delta107,174,0.3092
delta107,174,0.7312
delta107,174,0.188
delta107,174,0.3601
delta107,175,0.2353
delta107,175,0.3056
delta107,175,0.6986
delta107,175,0.1886
delta107,175,0.4658
delta107,176,0.2034
delta107,176,0.3185
delta107,176,0.7235
delta107,176,0.1787
delta107,176,0.5657
delta107,177,0.2337
delta107,177,0.3466
delta107,177,0.7504
delta107,177,0.2089
delta107,177,0.4838
delta107,178,0.2529
delta107,178,0.3566
delta107,178,0.7165
delta107,178,0.2312
delta107,178,0.4395
delta107,179,0.2326
delta107,179,0.3635
delta107,179,0.7097
delta107,179,0.2081
delta107,179,0.5843
delta107,180,0.2863
delta107,180,0.3954
delta107,180,0.7368
delta107,180,0.1867
delta107,180,0.7753
delta107,181,0.227
delta107,181,0.5072
delta107,181,0.6586
delta107,181,0.1471
delta107,181,0.7346
delta107,182,0.2274
delta107,182,0.5987
delta107,182,0.6143
delta107,182,0.1775
delta107,182,0.72
delta107,183,0.2642
delta107,183,0.8368
delta107,183,0.5102
delta107,183,0.1854
delta107,183,0.6963
delta107,184,0.2885
delta107,184,0.9765
delta107,184,0.5216
delta107,184,0.2422
delta107,184,0.7695
delta107,185,0.3167
delta107,185,1.2309
delta107,185,0.5131
delta107,185,0.2592
delta107,185,0.7508
delta107,186,0.3387
delta107,186,1.2804
delta107,186,0.4817
delta107,186,0.269
delta107,186,0.7735
delta107,187,0.4418
delta107,187,1.5349
delta107,187,0.5346
delta107,187,0.3708
delta107,187,0.8435
delta107,188,0.4344
delta107,188,1.3763
delta107,188,0.4699
delta107,188,0.3596
delta107,188,0.8033
delta107,189,0.5463
delta107,189,1.327
delta107,189,0.4038
delta107,189,0.352
delta107,189,0.709
delta107,190,0.6638
delta107,190,1.1889
delta107,190,0.3127
delta107,190,0.4239
delta107,190,0.7015
delta107,191,0.765
delta107,191,1.2981
delta107,191,0.3187
delta107,191,0.5587
delta107,191,0.6831
delta107,192,0.6354
delta107,192,1.2402
delta107,192,0.2331
delta107,192,0.6146
delta107,192,0.652
delta107,193,0.4891
delta107,193,1.1102
delta107,193,0.2187
delta107,193,0.659
delta107,193,0.5428
delta107,194,0.4058
delta107,194,1.0206
delta107,194,0.2291
delta107,194,0.6172
delta107,194,0.4552
delta107,195,0.4203
delta107,195,0.8631
delta107,195,0.2525
delta107,195,0.5818
delta107,195,0.4111
delta107,196,0.4208
delta107,196,0.7381
delta107,196,0.3538
delta107,196,0.5238
delta107,196,0.4115
delta107,197,0.6449
delta107,197,0.752
delta107,197,0.4224
delta107,197,0.5339
delta107,197,0.4774
delta107,198,0.6604
delta107,198,0.6811
delta107,198,0.5226
delta107,198,0.492
delta107,198,0.479
delta107,199,0.5563
delta107,199,0.5976
delta107,199,0.5284
delta107,199,0.4357
delta107,199,0.4813
delta107,200,0.7156
delta107,200,0.5484
delta107,200,0.535
delta107,200,0.388
delta107,200,0.5047
delta107,201,0.8678
delta107,201,0.6595
delta107,201,0.6376
delta107,201,0.4757
delta107,201,0.5941
delta107,202,0.8021
delta107,202,0.5855
delta107,202,0.6431
delta107,202,0.4534
delta107,202,0.553
delta107,203,0.772
delta107,203,0.4953
delta107,203,0.6234
delta107,203,0.4186
delta107,203,0.5118
delta107,204,0.8021
delta107,204,0.4588
delta107,204,0.5855
delta107,204,0.4047
delta107,204,0.4982
delta107,205,0.7613
delta107,205,0.3049
delta107,205,0.6634
delta107,205,0.3118
delta107,205,0.4204
delta107,206,0.7142
delta107,206,0.2422
delta107,206,0.7683
delta107,206,0.2874
delta107,206,0.4053
delta107,207,0.6858
delta107,207,0.2342
delta107,207,0.6946
delta107,207,0.2349
delta107,207,0.3799
delta107,208,0.7452
delta107,208,0.3024
delta107,208,0.7531
delta107,208,0.2658
delta107,208,0.3293
delta107,209,0.7896
delta107,209,0.373
delta107,209,0.6832
delta107,209,0.25
delta107,209,0.4408
delta107,210,0.7398
delta107,210,0.3873
delta107,210,0.5127
delta107,210,0.2891
delta107,210,0.56
delta107,211,0.7968
delta107,211,0.3739
delta107,211,0.5494
delta107,211,0.3331
delta107,211,0.6919
delta107,212,0.972
delta107,212,0.4637
delta107,212,0.6557
delta107,212,0.4206
delta107,212,0.8382
delta107,213,1.0166
delta107,213,0.5603
delta107,213,0.6361
delta107,213,0.4864
delta107,213,0.9424
delta107,214,1.1117
delta107,214,0.6725
delta107,214,0.8021
delta107,214,0.5853
delta107,214,1.0868
delta107,215,1.0044
delta107,215,0.8016
delta107,215,0.7225
delta107,215,0.5775
delta107,215,1.069
delta107,216,0.9311
delta107,216,0.8318
delta107,216,0.5781
delta107,216,0.5734
delta107,216,1.1035
delta107,217,0.9264
delta107,217,0.802
delta107,217,0.4805
delta107,217,0.5666
delta107,217,1.1395
delta107,218,0.7768
delta107,218,0.6386
delta107,218,0.3439
delta107,218,0.476
delta107,218,0.9935
delta107,219,0.6856
delta107,219,0.6672
delta107,219,0.3605
delta107,219,0.456
delta107,219,1.0214
delta107,220,0.7155
delta107,220,0.818
delta107,220,0.3618
delta107,220,0.5398
delta107,220,1.178
delta107,221,0.6304
delta107,221,0.7286
delta107,221,0.3775
delta107,221,0.4882
delta107,221,1.0927
delta107,222,0.5288
delta107,222,0.6065
delta107,222,0.3832
delta107,222,0.4235
delta107,222,0.9186
delta107,223,0.6316
delta107,223,0.5007
delta107,223,0.4202
delta107,223,0.4067
delta107,223,0.7819
delta107,224,0.4974
delta107,224,0.3765
delta107,224,0.4498
delta107,224,0.284
delta107,224,0.5882
delta107,225,0.399
delta107,225,0.295
delta107,225,0.4762
delta107,225,0.2934
delta107,225,0.5335
delta107,226,0.416
delta107,226,0.2255
delta107,226,0.4561
delta107,226,0.2602
delta107,226,0.4704
delta107,227,0.434
delta107,227,0.2176
delta107,227,0.3837
delta107,227,0.2311
delta107,227,0.3529
delta107,228,0.5083
delta107,228,0.2409
delta107,228,0.4084
delta107,228,0.2395
delta107,228,0.4161
delta107,229,0.4219
delta107,229,0.2287
delta107,229,0.3612
delta107,229,0.2151
delta107,229,0.3979
delta107,230,0.4098
delta107,230,0.1876
delta107,230,0.3373
delta107,230,0.2221
delta107,230,0.3735
delta107,231,0.3234
delta107,231,0.1861
delta107,231,0.3094
delta107,231,0.2075
delta107,231,0.3606
delta107,232,0.3075
delta107,232,0.181
delta107,232,0.3368
delta107,232,0.1603
delta107,232,0.3643
delta107,233,0.3666
delta107,233,0.195
delta107,233,0.4015
delta107,233,0.1607
delta107,233,0.4276
delta107,234,0.3269
delta107,234,0.2034
delta107,234,0.3947
delta107,234,0.1592
delta107,234,0.3945
delta107,235,0.3499
delta107,235,0.1885
delta107,235,0.5389
delta107,235,0.2152
delta107,235,0.5218
delta107,236,0.3052
delta107,236,0.16
delta107,236,0.5254
delta107,236,0.1943
delta107,236,0.5377
delta107,237,0.219
delta107,237,0.186
delta107,237,0.4509
delta107,237,0.1792
delta107,237,0.4629
delta107,238,0.181
delta107,238,0.2269
delta107,238,0.4531
delta107,238,0.1889
delta107,238,0.4564
delta107,239,0.2188
delta107,239,0.2744
delta107,239,0.3876
delta107,239,0.1568
delta107,239,0.5095
delta107,240,0.2211
delta107,240,0.27
delta107,240,0.3239
delta107,240,0.1521
delta107,240,0.4542
delta107,241,0.2658
delta107,241,0.3059
delta107,241,0.3087
delta107,241,0.1503
delta107,241,0.3769
delta107,242,0.3015
delta107,242,0.3185
delta107,242,0.3258
delta107,242,0.178
delta107,242,0.3663
R173P,1,0.5966
R173P,1,0.5449
R173P,1,0.5722
R173P,1,0.9765
R173P,1,0.5951
R173P,2,0.4907
R173P,2,0.4236
R173P,2,0.459
R173P,2,0.8829
R173P,2,0.4956
R173P,3,0.4021
R173P,3,0.341
R173P,3,0.3835
R173P,3,0.6623
R173P,3,0.4027
R173P,4,0.4161
R173P,4,0.3806
R173P,4,0.4012
R173P,4,0.6103
R173P,4,0.3928
R173P,5,0.3383
R173P,5,0.3485
R173P,5,0.3274
R173P,5,0.4665
R173P,5,0.326
R173P,6,0.3023
R173P,6,0.2802
R173P,6,0.2741
R173P,6,0.3438
R173P,6,0.2993
R173P,7,0.2513
R173P,7,0.2011
R173P,7,0.2181
R173P,7,0.2359
R173P,7,0.2583
R173P,8,0.2072
R173P,8,0.1853
R173P,8,0.215
R173P,8,0.1805
R173P,8,0.2299
R173P,9,0.2142
R173P,9,0.1617
R173P,9,0.1926
R173P,9,0.2614
R173P,9,0.2032
R173P,10,0.2236
R173P,10,0.1532
R173P,10,0.1569
R173P,10,0.2758
R173P,10,0.1897
R173P,11,0.1962
R173P,11,0.1448
R173P,11,0.1594
R173P,11,0.1963
R173P,11,0.1783
R173P,12,0.1669
R173P,12,0.1589
R173P,12,0.1506
R173P,12,0.2071
R173P,12,0.1765
R173P,13,0.1751
R173P,13,0.173
R173P,13,0.1211
R173P,13,0.3369
R173P,13,0.1573
R173P,14,0.1891
R173P,14,0.1581
R173P,14,0.1162
R173P,14,0.3345
R173P,14,0.1322
R173P,15,0.1747
R173P,15,0.1562
R173P,15,0.1474
R173P,15,0.3701
R173P,15,0.1338
R173P,16,0.161
R173P,16,0.1478
R173P,16,0.1426
R173P,16,0.3001
R173P,16,0.135
R173P,17,0.1802
R173P,17,0.1615
R173P,17,0.1245
R173P,17,0.2359
R173P,17,0.1292
R173P,18,0.1641
R173P,18,0.1552
R173P,18,0.1697
R173P,18,0.2436
R173P,18,0.1275
R173P,19,0.1504
R173P,19,0.1623
R173P,19,0.1943
R173P,19,0.2529
R173P,19,0.1254
R173P,20,0.1579
R173P,20,0.1718
R173P,20,0.175
R173P,20,0.2084
R173P,20,0.1251
R173P,21,0.1631
R173P,21,0.174
R173P,21,0.1988
R173P,21,0.194
R173P,21,0.1318
R173P,22,0.163
R173P,22,0.1778
R173P,22,0.2326
R173P,22,0.2277
R173P,22,0.128
R173P,23,0.1743
R173P,23,0.1841
R173P,23,0.221
R173P,23,0.2226
R173P,23,0.1317
R173P,24,0.1789
R173P,24,0.1946
R173P,24,0.223
R173P,24,0.2081
R173P,24,0.1385
R173P,25,0.1902
R173P,25,0.2034
R173P,25,0.2576
R173P,25,0.2309
R173P,25,0.1364
R173P,26,0.2034
R173P,26,0.2027
R173P,26,0.2907
R173P,26,0.2733
R173P,26,0.14
R173P,27,0.2176
R173P,27,0.2081
R173P,27,0.2949
R173P,27,0.2771
R173P,27,0.155
R173P,28,0.2265
R173P,28,0.2148
R173P,28,0.3354
R173P,28,0.2802
R173P,28,0.1568
R173P,29,0.2389
R173P,29,0.2125
R173P,29,0.3379
R173P,29,0.3296
R173P,29,0.1522
R173P,30,0.2699
R173P,30,0.2304
R173P,30,0.3431
R173P,30,0.3733
R173P,30,0.1698
R173P,31,0.2839
R173P,31,0.2391
R173P,31,0.3829
R173P,31,0.3875
R173P,31,0.2033
R173P,32,0.2885
R173P,32,0.2383
R173P,32,0.4097
R173P,32,0.3981
R173P,32,0.2031
R173P,33,0.3456
R173P,33,0.3224
R173P,33,0.3938
R173P,33,0.482
R173P,33,0.2105
R173P,34,0.3578
R173P,34,0.4254
R173P,34,0.4121
R173P,34,0.4921
R173P,34,0.2701
R173P,35,0.308
R173P,35,0.4013
R173P,35,0.4286
R173P,35,0.398
R173P,35,0.2385
R173P,36,0.2918
R173P,36,0.4615
R173P,36,0.4781
R173P,36,0.383
R173P,36,0.333
R173P,37,0.2901
R173P,37,0.4466
R173P,37,0.4841
R173P,37,0.3289
R173P,37,0.3613
R173P,38,0.2896
R173P,38,0.5583
R173P,38,0.4988
R173P,38,0.3854
R173P,38,0.4746
R173P,39,0.2587
R173P,39,0.5167
R173P,39,0.4622
R173P,39,0.4111
R173P,39,0.4179
R173P,40,0.2395
R173P,40,0.4168
R173P,40,0.4245
R173P,40,0.3372
R173P,40,0.3363
R173P,41,0.2455
R173P,41,0.5137
R173P,41,0.4244
R173P,41,0.3446
R173P,41,0.4593
R173P,42,0.2373
R173P,42,0.5674
R173P,42,0.4291
R173P,42,0.4624
R173P,42,0.5266
R173P,43,0.2447
R173P,43,0.4694
R173P,43,0.3976
R173P,43,0.4657
R173P,43,0.4385
R173P,44,0.2551
R173P,44,0.4679
R173P,44,0.3801
R173P,44,0.4105
R173P,44,0.4546
R173P,45,0.2548
R173P,45,0.567
R173P,45,0.3846
R173P,45,0.5089
R173P,45,0.5886
R173P,46,0.2818
R173P,46,0.543
R173P,46,0.3918
R173P,46,0.609
R173P,46,0.5769
R173P,47,0.3086
R173P,47,0.4594
R173P,47,0.3769
R173P,47,0.6674
R173P,47,0.5117
R173P,48,0.3386
R173P,48,0.5003
R173P,48,0.4181
R173P,48,0.6937
R173P,48,0.5341
R173P,49,0.3256
R173P,49,0.3817
R173P,49,0.4537
R173P,49,0.6045
R173P,49,0.4867
R173P,50,0.3069
R173P,50,0.2764
R173P,50,0.3692
R173P,50,0.5573
R173P,50,0.4334
R173P,51,0.3105
R173P,51,0.2781
R173P,51,0.4106
R173P,51,0.4892
R173P,51,0.3658
R173P,52,0.2942
R173P,52,0.2925
R173P,52,0.357
R173P,52,0.4524
R173P,52,0.2309
R173P,53,0.2546
R173P,53,0.3439
R173P,53,0.2767
R173P,53,0.4241
R173P,53,0.2538
R173P,54,0.281
R173P,54,0.4268
R173P,54,0.283
R173P,54,0.3756
R173P,54,0.293
R173P,55,0.2578
R173P,55,0.4879
R173P,55,0.2417
R173P,55,0.37
R173P,55,0.2718
R173P,56,0.2377
R173P,56,0.3731
R173P,56,0.1597
R173P,56,0.3577
R173P,56,0.206
R173P,57,0.2394
R173P,57,0.4124
R173P,57,0.2383
R173P,57,0.3939
R173P,57,0.1779
R173P,58,0.2415
R173P,58,0.4303
R173P,58,0.2575
R173P,58,0.3193
R173P,58,0.2331
R173P,59,0.2245
R173P,59,0.3549
R173P,59,0.1911
R173P,59,0.3297
R173P,59,0.2393
R173P,60,0.2396
R173P,60,0.3436
R173P,60,0.1969
R173P,60,0.4435
R173P,60,0.2227
R173P,61,0.2637
R173P,61,0.4309
R173P,61,0.2572
R173P,61,0.4343
R173P,61,0.2981
R173P,62,0.2506
R173P,62,0.4393
R173P,62,0.2315
R173P,62,0.4618
R173P,62,0.3467
R173P,63,0.2454
R173P,63,0.3674
R173P,63,0.1975
R173P,63,0.5847
R173P,63,0.3294
R173P,64,0.3387
R173P,64,0.4966
R173P,64,0.2412
R173P,64,0.7605
R173P,64,0.3933
R173P,65,0.3438
R173P,65,0.3926
R173P,65,0.246
R173P,65,0.8197
R173P,65,0.4527
R173P,66,0.2356
R173P,66,0.3451
R173P,66,0.2023
R173P,66,0.7031
R173P,66,0.3884
R173P,67,0.2456
R173P,67,0.2679
R173P,67,0.2099
R173P,67,0.6244
R173P,67,0.3452
R173P,68,0.2855
R173P,68,0.2805
R173P,68,0.2571
R173P,68,0.6171
R173P,68,0.3732
R173P,69,0.315
R173P,69,0.302
R173P,69,0.2865
R173P,69,0.549
R173P,69,0.3476
R173P,70,0.2719
R173P,70,0.278
R173P,70,0.2652
R173P,70,0.4697
R173P,70,0.2778
R173P,71,0.2809
R173P,71,0.2492
R173P,71,0.2583
R173P,71,0.5091
R173P,71,0.2758
R173P,72,0.3466
R173P,72,0.2737
R173P,72,0.3159
R173P,72,0.4963
R173P,72,0.3094
R173P,73,0.3161
R173P,73,0.2815
R173P,73,0.328
R173P,73,0.4007
R173P,73,0.2587
R173P,74,0.2517
R173P,74,0.2679
R173P,74,0.2957
R173P,74,0.3847
R173P,74,0.2238
R173P,75,0.3204
R173P,75,0.2767
R173P,75,0.3412
R173P,75,0.4458
R173P,75,0.2892
R173P,76,0.3676
R173P,76,0.3052
R173P,76,0.3969
R173P,76,0.4277
R173P,76,0.3169
R173P,77,0.3054
R173P,77,0.2911
R173P,77,0.3669
R173P,77,0.3459
R173P,77,0.2682
R173P,78,0.3307
R173P,78,0.3194
R173P,78,0.4076
R173P,78,0.3598
R173P,78,0.3235
R173P,79,0.2712
R173P,79,0.2938
R173P,79,0.3742
R173P,79,0.3025
R173P,79,0.2842
R173P,80,0.2478
R173P,80,0.3066
R173P,80,0.3691
R173P,80,0.3071
R173P,80,0.3064
R173P,81,0.2439
R173P,81,0.2839
R173P,81,0.347
R173P,81,0.291
R173P,81,0.2632
R173P,82,0.21
R173P,82,0.2406
R173P,82,0.3011
R173P,82,0.2349
R173P,82,0.2253
R173P,83,0.1943
R173P,83,0.2351
R173P,83,0.2843
R173P,83,0.2197
R173P,83,0.2437
R173P,84,0.1965
R173P,84,0.2432
R173P,84,0.2862
R173P,84,0.2361
R173P,84,0.2325
R173P,85,0.1819
R173P,85,0.213
R173P,85,0.2501
R173P,85,0.211
R173P,85,0.194
R173P,86,0.1546
R173P,86,0.1855
R173P,86,0.2071
R173P,86,0.1589
R173P,86,0.194
R173P,87,0.1579
R173P,87,0.1971
R173P,87,0.228
R173P,87,0.1925
R173P,87,0.2063
R173P,88,0.1591
R173P,88,0.1937
R173P,88,0.2277
R173P,88,0.2111
R173P,88,0.1837
R173P,89,0.1373
R173P,89,0.1606
R173P,89,0.1804
R173P,89,0.1737
R173P,89,0.1632
R173P,90,0.1371
R173P,90,0.1629
R173P,90,0.1818
R173P,90,0.1696
R173P,90,0.1828
R173P,91,0.1537
R173P,91,0.1823
R173P,91,0.2144
R173P,91,0.2232
R173P,91,0.1887
R173P,92,0.1607
R173P,92,0.1814
R173P,92,0.2034
R173P,92,0.2398
R173P,92,0.1615
R173P,93,0.1438
R173P,93,0.1591
R173P,93,0.1698
R173P,93,0.2178
R173P,93,0.1492
R173P,94,0.1494
R173P,94,0.1513
R173P,94,0.201
R173P,94,0.2304
R173P,94,0.1695
R173P,95,0.1975
R173P,95,0.198
R173P,95,0.2285
R173P,95,0.2767
R173P,95,0.1903
R173P,96,0.2026
R173P,96,0.2223
R173P,96,0.2093
R173P,96,0.2881
R173P,96,0.177
R173P,97,0.1757
R173P,97,0.1923
R173P,97,0.193
R173P,97,0.2639
R173P,97,0.1577
R173P,98,0.1987
R173P,98,0.2196
R173P,98,0.2178
R173P,98,0.294
R173P,98,0.1921
R173P,99,0.2157
R173P,99,0.2155
R173P,99,0.2436
R173P,99,0.3425
R173P,99,0.1684
R173P,100,0.1799
R173P,100,0.2218
R173P,100,0.2025
R173P,100,0.3208
R173P,100,0.1859
R173P,101,0.1663
R173P,101,0.1947
R173P,101,0.2022
R173P,101,0.2938
R173P,101,0.1699
R173P,102,0.2079
R173P,102,0.1982
R173P,102,0.2327
R173P,102,0.3206
R173P,102,0.1526
R173P,103,0.206
R173P,103,0.2131
R173P,103,0.2539
R173P,103,0.3227
R173P,103,0.185
R173P,104,0.1984
R173P,104,0.2028
R173P,104,0.2568
R173P,104,0.301
R173P,104,0.2012
R173P,105,0.2293
R173P,105,0.2002
R173P,105,0.271
R173P,105,0.3115
R173P,105,0.1978
R173P,106,0.249
R173P,106,0.2179
R173P,106,0.2904
R173P,106,0.3554
R173P,106,0.2273
R173P,107,0.262
R173P,107,0.23
R173P,107,0.3094
R173P,107,0.3584
R173P,107,0.2613
R173P,108,0.2764
R173P,108,0.2228
R173P,108,0.3345
R173P,108,0.3341
R173P,108,0.2852
R173P,109,0.3085
R173P,109,0.2414
R173P,109,0.3884
R173P,109,0.4064
R173P,109,0.2952
R173P,110,0.3208
R173P,110,0.2504
R173P,110,0.4296
R173P,110,0.5329
R173P,110,0.3846
R173P,111,0.3443
R173P,111,0.2469
R173P,111,0.3724
R173P,111,0.5074
R173P,111,0.4696
R173P,112,0.3454
R173P,112,0.24
R173P,112,0.4093
R173P,112,0.3841
R173P,112,0.433
R173P,113,0.3928
R173P,113,0.2683
R173P,113,0.5007
R173P,113,0.4566
R173P,113,0.4138
R173P,114,0.4045
R173P,114,0.3077
R173P,114,0.4365
R173P,114,0.3079
R173P,114,0.4587
R173P,115,0.3824
R173P,115,0.2645
R173P,115,0.4312
R173P,115,0.267
R173P,115,0.4076
R173P,116,0.397
R173P,116,0.2914
R173P,116,0.4485
R173P,116,0.4301
R173P,116,0.2952
R173P,117,0.4087
R173P,117,0.2875
R173P,117,0.4081
R173P,117,0.4497
R173P,117,0.2794
R173P,118,0.5052
R173P,118,0.3329
R173P,118,0.4132
R173P,118,0.704
R173P,118,0.2746
R173P,119,0.4477
R173P,119,0.3312
R173P,119,0.403
R173P,119,0.6723
R173P,119,0.2685
R173P,120,0.4103
R173P,120,0.4184
R173P,120,0.4079
R173P,120,0.6371
R173P,120,0.2645
R173P,121,0.3878
R173P,121,0.3786
R173P,121,0.4101
R173P,121,0.5608
R173P,121,0.248
R173P,122,0.4375
R173P,122,0.3337
R173P,122,0.3754
R173P,122,0.6155
R173P,122,0.2804
R173P,123,0.5822
R173P,123,0.3925
R173P,123,0.4284
R173P,123,0.6851
R173P,123,0.362
R173P,124,0.6696
R173P,124,0.3973
R173P,124,0.5363
R173P,124,0.7125
R173P,124,0.4126
R173P,125,0.8292
R173P,125,0.4672
R173P,125,0.6396
R173P,125,0.7613
R173P,125,0.4847
R173P,126,0.8704
R173P,126,0.5242
R173P,126,0.8195
R173P,126,0.6812
R173P,126,0.505
R173P,127,0.9122
R173P,127,0.588
R173P,127,0.9825
R173P,127,0.7145
R173P,127,0.5329
R173P,128,0.9894
R173P,128,0.6769
R173P,128,1.2177
R173P,128,0.7841
R173P,128,0.5748
R173P,129,0.8767
R173P,129,0.625
R173P,129,1.3659
R173P,129,0.6288
R173P,129,0.5456
R173P,130,0.7174
R173P,130,0.5104
R173P,130,1.3695
R173P,130,0.4692
R173P,130,0.4904
R173P,131,0.5753
R173P,131,0.3955
R173P,131,1.4025
R173P,131,0.3824
R173P,131,0.4008
R173P,132,0.5109
R173P,132,0.3793
R173P,132,1.4054
R173P,132,0.3239
R173P,132,0.3069
R173P,133,0.4504
R173P,133,0.2907
R173P,133,1.3823
R173P,133,0.292
R173P,133,0.2548
R173P,134,0.3902
R173P,134,0.2426
R173P,134,1.4661
R173P,134,0.3083
R173P,134,0.2357
R173P,135,0.4421
R173P,135,0.3048
R173P,135,1.6424
R173P,135,0.4025
R173P,135,0.3048
R173P,136,0.4158
R173P,136,0.2572
R173P,136,1.623
R173P,136,0.3882
R173P,136,0.265
R173P,137,0.4175
R173P,137,0.2253
R173P,137,1.4192
R173P,137,0.2916
R173P,137,0.2365
R173P,138,0.442
R173P,138,0.2222
R173P,138,1.4195
R173P,138,0.3318
R173P,138,0.2266
R173P,139,0.5346
R173P,139,0.2774
R173P,139,1.306
R173P,139,0.4186
R173P,139,0.2701
R173P,140,0.6245
R173P,140,0.3066
R173P,140,1.4049
R173P,140,0.4301
R173P,140,0.269
R173P,141,0.708
R173P,141,0.4
R173P,141,1.2029
R173P,141,0.5956
R173P,141,0.3683
R173P,142,0.7327
R173P,142,0.4692
R173P,142,1.2682
R173P,142,0.6547
R173P,142,0.3984
R173P,143,0.8932
R173P,143,0.5397
R173P,143,1.1769
R173P,143,0.8457
R173P,143,0.5127
R173P,144,0.9895
R173P,144,0.5952
R173P,144,1.0971
R173P,144,0.9493
R173P,144,0.5729
R173P,145,0.9927
R173P,145,0.6137
R173P,145,1.0292
R173P,145,0.9429
R173P,145,0.5749
R173P,146,0.9674
R173P,146,0.6639
R173P,146,1.1089
R173P,146,1.0358
R173P,146,0.6188
R173P,147,0.984
R173P,147,0.6567
R173P,147,1.0951
R173P,147,1.0731
R173P,147,0.5938
R173P,148,0.9907
R173P,148,0.6478
R173P,148,0.9894
R173P,148,1.0675
R173P,148,0.5901
R173P,149,1.0829
R173P,149,0.6489
R173P,149,0.932
R173P,149,0.9993
R173P,149,0.5665
R173P,150,1.0662
R173P,150,0.615
R173P,150,0.8553
R173P,150,0.8144
R173P,150,0.5144
R173P,151,0.9183
R173P,151,0.5985
R173P,151,0.8265
R173P,151,0.7694
R173P,151,0.4613
R173P,152,0.8604
R173P,152,0.6206
R173P,152,0.7593
R173P,152,0.8015
R173P,152,0.4274
R173P,153,0.8941
R173P,153,0.5416
R173P,153,0.6818
R173P,153,0.7027
R173P,153,0.4068
R173P,154,0.7977
R173P,154,0.4208
R173P,154,0.6607
R173P,154,0.5453
R173P,154,0.3551
R173P,155,0.6506
R173P,155,0.4221
R173P,155,0.6298
R173P,155,0.5372
R173P,155,0.309
R173P,156,0.6557
R173P,156,0.3994
R173P,156,0.5278
R173P,156,0.5688
R173P,156,0.2908
R173P,157,0.6469
R173P,157,0.2953
R173P,157,0.4988
R173P,157,0.4682
R173P,157,0.2679
R173P,158,0.5201
R173P,158,0.2305
R173P,158,0.5388
R173P,158,0.3353
R173P,158,0.2181
R173P,159,0.4588
R173P,159,0.2273
R173P,159,0.4662
R173P,159,0.3834
R173P,159,0.1947
R173P,160,0.4938
R173P,160,0.2409
R173P,160,0.3937
R173P,160,0.4815
R173P,160,0.2131
R173P,161,0.4436
R173P,161,0.1971
R173P,161,0.4589
R173P,161,0.404
R173P,161,0.2099
R173P,162,0.3973
R173P,162,0.1801
R173P,162,0.5035
R173P,162,0.3091
R173P,162,0.1649
R173P,163,0.4331
R173P,163,0.2105
R173P,163,0.4189
R173P,163,0.4627
R173P,163,0.167
R173P,164,0.4203
R173P,164,0.2305
R173P,164,0.4505
R173P,164,0.5737
R173P,164,0.2197
R173P,165,0.3681
R173P,165,0.2276
R173P,165,0.5778
R173P,165,0.5444
R173P,165,0.2297
R173P,166,0.3181
R173P,166,0.2151
R173P,166,0.5599
R173P,166,0.4634
R173P,166,0.1719
R173P,167,0.331
R173P,167,0.2226
R173P,167,0.5326
R173P,167,0.6846
R173P,167,0.2042
R173P,168,0.3263
R173P,168,0.2342
R173P,168,0.6497
R173P,168,0.7651
R173P,168,0.2504
R173P,169,0.2974
R173P,169,0.2369
R173P,169,0.6716
R173P,169,0.6033
R173P,169,0.212
R173P,170,0.2989
R173P,170,0.2357
R173P,170,0.6117
R173P,170,0.6682
R173P,170,0.1782
R173P,171,0.2989
R173P,171,0.231
R173P,171,0.4246
R173P,171,0.8913
R173P,171,0.2325
R173P,172,0.3107
R173P,172,0.2539
R173P,172,0.4161
R173P,172,0.8247
R173P,172,0.242
R173P,173,0.344
R173P,173,0.3033
R173P,173,0.4055
R173P,173,0.6769
R173P,173,0.2092
R173P,174,0.3828
R173P,174,0.2966
R173P,174,0.3357
R173P,174,0.5476
R173P,174,0.2054
R173P,175,0.3486
R173P,175,0.2318
R173P,175,0.362
R173P,175,0.8528
R173P,175,0.235
R173P,176,0.3634
R173P,176,0.2558
R173P,176,0.3343
R173P,176,0.9528
R173P,176,0.2141
R173P,177,0.4381
R173P,177,0.2705
R173P,177,0.2925
R173P,177,0.752
R173P,177,0.1969
R173P,178,0.4492
R173P,178,0.2523
R173P,178,0.2944
R173P,178,0.8916
R173P,178,0.2339
R173P,179,0.4406
R173P,179,0.2797
R173P,179,0.2667
R173P,179,1.1983
R173P,179,0.2425
R173P,180,0.4216
R173P,180,0.2823
R173P,180,0.3132
R173P,180,1.1123
R173P,180,0.2044
R173P,181,0.285
R173P,181,0.2908
R173P,181,0.2907
R173P,181,1.0343
R173P,181,0.1888
R173P,182,0.2573
R173P,182,0.3314
R173P,182,0.1691
R173P,182,1.0035
R173P,182,0.2005
R173P,183,0.2929
R173P,183,0.3038
R173P,183,0.1436
R173P,183,0.8274
R173P,183,0.1649
R173P,184,0.3531
R173P,184,0.3194
R173P,184,0.1807
R173P,184,0.7853
R173P,184,0.1645
R173P,185,0.4578
R173P,185,0.4228
R173P,185,0.2249
R173P,185,0.6639
R173P,185,0.1877
R173P,186,0.4678
R173P,186,0.4603
R173P,186,0.2816
R173P,186,0.5437
R173P,186,0.2321
R173P,187,0.4309
R173P,187,0.4479
R173P,187,0.3553
R173P,187,0.5145
R173P,187,0.2431
R173P,188,0.5021
R173P,188,0.4879
R173P,188,0.4618
R173P,188,0.5353
R173P,188,0.3211
R173P,189,0.3882
R173P,189,0.3947
R173P,189,0.4404
R173P,189,0.5062
R173P,189,0.2848
R173P,190,0.3025
R173P,190,0.3624
R173P,190,0.412
R173P,190,0.4043
R173P,190,0.2575
R173P,191,0.2303
R173P,191,0.2738
R173P,191,0.3382
R173P,191,0.4145
R173P,191,0.24
R173P,192,0.2406
R173P,192,0.3085
R173P,192,0.3617
R173P,192,0.4607
R173P,192,0.2769
R173P,193,0.2134
R173P,193,0.2892
R173P,193,0.2531
R173P,193,0.4564
R173P,193,0.2282
R173P,194,0.1863
R173P,194,0.3219
R173P,194,0.2017
R173P,194,0.3809
R173P,194,0.1815
R173P,195,0.1846
R173P,195,0.3271
R173P,195,0.202
R173P,195,0.381
R173P,195,0.1666
R173P,196,0.3206
R173P,196,0.377
R173P,196,0.2374
R173P,196,0.5104
R173P,196,0.2387
R173P,197,0.4739
R173P,197,0.4896
R173P,197,0.3727
R173P,197,0.6373
R173P,197,0.3218
R173P,198,0.4277
R173P,198,0.4749
R173P,198,0.332
R173P,198,0.7145
R173P,198,0.3569
R173P,199,0.2864
R173P,199,0.3881
R173P,199,0.336
R173P,199,0.588
R173P,199,0.2817
R173P,200,0.231
R173P,200,0.3703
R173P,200,0.3974
R173P,200,0.4726
R173P,200,0.2167
R173P,201,0.2515
R173P,201,0.3228
R173P,201,0.4124
R173P,201,0.4526
R173P,201,0.269
R173P,202,0.3439
R173P,202,0.3343
R173P,202,0.5525
R173P,202,0.4886
R173P,202,0.3923
R173P,203,0.3098
R173P,203,0.3265
R173P,203,0.5427
R173P,203,0.4966
R173P,203,0.4022
R173P,204,0.324
R173P,204,0.3286
R173P,204,0.507
R173P,204,0.519
R173P,204,0.3814
R173P,205,0.3547
R173P,205,0.3753
R173P,205,0.5319
R173P,205,0.5096
R173P,205,0.3912
R173P,206,0.3155
R173P,206,0.3098
R173P,206,0.5069
R173P,206,0.4681
R173P,206,0.3089
R173P,207,0.4203
R173P,207,0.3831
R173P,207,0.5307
R173P,207,0.4916
R173P,207,0.3038
R173P,208,0.4717
R173P,208,0.4159
R173P,208,0.5571
R173P,208,0.4966
R173P,208,0.2896
R173P,209,0.4748
R173P,209,0.4285
R173P,209,0.6218
R173P,209,0.5021
R173P,209,0.2748
R173P,210,0.3432
R173P,210,0.4647
R173P,210,0.6227
R173P,210,0.5008
R173P,210,0.3542
R173P,211,0.321
R173P,211,0.3812
R173P,211,0.545
R173P,211,0.4347
R173P,211,0.4404
R173P,212,0.3953
R173P,212,0.4878
R173P,212,0.6027
R173P,212,0.5292
R173P,212,0.525
R173P,213,0.4557
R173P,213,0.6034
R173P,213,0.6998
R173P,213,0.6342
R173P,213,0.6139
R173P,214,0.5445
R173P,214,0.6033
R173P,214,0.7481
R173P,214,0.7004
R173P,214,0.67
R173P,215,0.7067
R173P,215,0.7795
R173P,215,0.9246
R173P,215,0.9236
R173P,215,0.7728
R173P,216,0.7365
R173P,216,0.7806
R173P,216,0.9708
R173P,216,0.9485
R173P,216,0.6719
R173P,217,0.7055
R173P,217,0.6864
R173P,217,0.9415
R173P,217,0.9165
R173P,217,0.6333
R173P,218,0.6542
R173P,218,0.543
R173P,218,0.8693
R173P,218,0.8837
R173P,218,0.6614
R173P,219,0.5201
R173P,219,0.4613
R173P,219,0.6582
R173P,219,0.7635
R173P,219,0.5753
R173P,220,0.5752
R173P,220,0.4438
R173P,220,0.5324
R173P,220,0.8264
R173P,220,0.5195
R173P,221,0.6892
R173P,221,0.46
R173P,221,0.6138
R173P,221,0.9185
R173P,221,0.6502
R173P,222,0.6677
R173P,222,0.5613
R173P,222,0.4907
R173P,222,0.9397
R173P,222,0.6092
R173P,223,0.5589
R173P,223,0.5747
R173P,223,0.38
R173P,223,0.8181
R173P,223,0.5211
R173P,224,0.5267
R173P,224,0.5864
R173P,224,0.3815
R173P,224,0.7151
R173P,224,0.5165
R173P,225,0.4029
R173P,225,0.5129
R173P,225,0.3541
R173P,225,0.5864
R173P,225,0.423
R173P,226,0.3782
R173P,226,0.4966
R173P,226,0.3049
R173P,226,0.5568
R173P,226,0.4435
R173P,227,0.3248
R173P,227,0.5052
R173P,227,0.3839
R173P,227,0.5845
R173P,227,0.4561
R173P,228,0.2476
R173P,228,0.5364
R173P,228,0.3996
R173P,228,0.5875
R173P,228,0.3881
R173P,229,0.2493
R173P,229,0.5663
R173P,229,0.4731
R173P,229,0.6074
R173P,229,0.4082
R173P,230,0.2463
R173P,230,0.5442
R173P,230,0.4065
R173P,230,0.53
R173P,230,0.4174
R173P,231,0.2199
R173P,231,0.4819
R173P,231,0.3697
R173P,231,0.4639
R173P,231,0.3326
R173P,232,0.2553
R173P,232,0.4697
R173P,232,0.3108
R173P,232,0.3892
R173P,232,0.2588
R173P,233,0.2361
R173P,233,0.4624
R173P,233,0.2691
R173P,233,0.3591
R173P,233,0.1985
R173P,234,0.2592
R173P,234,0.6044
R173P,234,0.2699
R173P,234,0.3961
R173P,234,0.2441
R173P,235,0.3145
R173P,235,0.4272
R173P,235,0.2516
R173P,235,0.3463
R173P,235,0.2289
R173P,236,0.3397
R173P,236,0.3439
R173P,236,0.2398
R173P,236,0.3173
R173P,236,0.1864
R173P,237,0.3199
R173P,237,0.4025
R173P,237,0.2839
R173P,237,0.2969
R173P,237,0.2055
R173P,238,0.3231
R173P,238,0.5615
R173P,238,0.3164
R173P,238,0.3403
R173P,238,0.2051
R173P,239,0.3733
R173P,239,0.5953
R173P,239,0.3293
R173P,239,0.4262
R173P,239,0.1787
R173P,240,0.4074
R173P,240,0.684
R173P,240,0.3243
R173P,240,0.4369
R173P,240,0.1838
R173P,241,0.4388
R173P,241,0.5653
R173P,241,0.2747
R173P,241,0.3839
R173P,241,0.1413
R173P,242,0.4631
R173P,242,0.5562
R173P,242,0.2267
R173P,242,0.4687
R173P,242,0.1707
R173P,243,0.4728
R173P,243,0.6563
R173P,243,0.2354
R173P,243,0.4889
R173P,243,0.2421
