Position,Variant,Frequency,Class,FoldX,Rhapsody
243,Q243P,0.000004057651106927222,gnomAD_v2,-1.03585,0.703
243,Q243E,0.000004055840816359639,gnomAD_v2,0.03898,0.493
237,T237S,0.000004034828640827624,gnomAD_v2,0.19163,0.079
232,A232T,0.00003214426345438327,gnomAD_v2,0.7911,0.212
230,L230R,0.000012037846990939514,gnomAD_v2,0.18420999999999998,0.397
229,F229L,0.000004010491445621746,gnomAD_v2,0.45721999999999996,0.054000000000000006
227,V227D,0.00000400753416422875,gnomAD_v2,2.169,0.19
219,L219V,0.000004002657764755798,gnomAD_v2,0.76174,0.076
218,L218M,0.000012002592559992959,gnomAD_v2,-0.09446,0.478
214,L214P,0.00000800102413108878,gnomAD_v2,1.9291099999999999,0.627
212,E212K,0.000008001600320064013,gnomAD_v2,0.11937,0.21100000000000002
209,P209L,0.000003999264135399086,gnomAD_v2,0.8911,0.735
205,E205D,0.000011999616012287607,gnomAD_v2,0.13037,0.248
205,E205K,0.000004001088296016517,gnomAD_v2,-0.11971,0.305
204,S204R,0.000004002593680705097,gnomAD_v2,-0.08222,0.049
201,S201G,0.000016022046335758,gnomAD_v2,0.66798,0.08800000000000001
198,E198K,0.00001606593459558026,gnomAD_v2,-0.78068,0.11900000000000001
197,T197S,0.0000214096086323542,gnomAD_v2,-0.27439,0.034
196,A196P,0.000004024403985769708,gnomAD_v2,3.5429,0.503
194,A194G,0.000004031607805192711,gnomAD_v2,0.7852100000000001,0.341
191,E191Q,0.000008125126955108673,gnomAD_v2,-0.3827,0.17600000000000002
189,L189V,0.000028620960355881198,gnomAD_v2,0.06054,0.09300000000000001
188,R188S,0.00003187352584942946,gnomAD_v2,0.47529,0.109
188,R188I,0.000004101285342826442,gnomAD_v2,0.08338,0.254
185,G185R,0.000007230657989877079,gnomAD_v2,0.13869,0.604
184,N184Y,0.000004079667751858289,gnomAD_v2,1.68462,0.365
183,E183D,0.000004078769190609042,gnomAD_v2,-0.12688,0.113
182,K182R,0.000004084767086580723,gnomAD_v2,0.13216,0.18899999999999997
181,L181V,0.000004097520999795124,gnomAD_v2,5.66884,0.39399999999999996
180,A180V,0.00005344164172723386,gnomAD_v2,6.39502,0.353
177,R177H,0.00001824990692547468,gnomAD_v2,5.76828,0.5
177,R177S,0.000016561912569663546,gnomAD_v2,3.9372,0.551
175,A175T,0.000008280476292996373,gnomAD_v2,0.27281,0.068
173,R173S,0.000004159802991730312,gnomAD_v2,3.1718,0.133
172,Q172P,0.000004150066401062417,gnomAD_v2,3.3025300000000004,0.068
169,E169K,0.000016669305973445794,gnomAD_v2,-1.8521,0.128
168,D168E,0.000012514600367094944,gnomAD_v2,-0.43855,0.06
168,D168N,0.000004170837504170838,gnomAD_v2,-0.16285,0.19899999999999998
166,Y166C,0.000004172508178116029,gnomAD_v2,1.52342,0.645
165,P165R,0.000004177039648460344,gnomAD_v2,0.29925,0.652
164,A164G,0.000004178994701034719,gnomAD_v2,0.5465300000000001,0.071
164,A164V,0.000004178994701034719,gnomAD_v2,0.20196,0.166
164,A164S,0.0005062112489746451,gnomAD_v2,0.61917,0.094
160,R160L,0.0000042083999663328,gnomAD_v2,-0.43161000000000005,0.42
158,A158V,0.000004196250230793763,gnomAD_v2,1.20107,0.105
158,A158E,0.00003187962254526906,gnomAD_v2,0.83319,0.087
158,A158T,0.000004190974317709381,gnomAD_v2,1.29861,0.034
153,R153L,0.000004204224404681825,gnomAD_v2,0.32221,0.48
152,A152V,0.00003768844221105528,gnomAD_v2,0.03603,0.040999999999999995
152,A152S,0.000008363371776965602,gnomAD_v2,0.7417,0.23
152,A152T,0.000029271801219379605,gnomAD_v2,0.98751,0.051
147,E147V,0.000004087538729429461,gnomAD_v2,1.15608,0.425
147,E147K,0.000008167132193201679,gnomAD_v2,0.75205,0.301
146,E146K,0.000004075378195096505,gnomAD_v2,0.37526,0.29100000000000004
144,L144P,0.000004051666855744453,gnomAD_v2,3.4529900000000002,0.32799999999999996
144,L144V,0.000004048255202007935,gnomAD_v2,2.1987400000000004,0.10099999999999999
142,S142R,0.0000716671205584302,gnomAD_v2,-1.26254,0.153
141,L141R,0.00000402184667111751,gnomAD_v2,-0.20009000000000002,0.536
140,K140N,0.000004017613216340437,gnomAD_v2,1.4216799999999998,0.359
139,E139G,0.00001203533574574952,gnomAD_v2,-0.82649,0.08199999999999999
139,E139K,0.000008020339581177867,gnomAD_v2,0.30972,0.086
138,Q138P,0.000008023299662219085,gnomAD_v2,2.04442,0.359
136,E136D,0.000004003619271821727,gnomAD_v2,-0.38886,0.061
136,E136Q,0.000010672434524614192,gnomAD_v2,0.20585,0.156
136,E136K,0.000020022425116130065,gnomAD_v2,0.23711,0.179
135,H135Q,0.00000400297821579255,gnomAD_v2,-0.6096600000000001,0.061
132,Q132R,0.000003994375918706461,gnomAD_v2,-0.08356,0.085
131,R131L,0.00006378364587319811,gnomAD_v2,-0.19663,0.06
130,A130V,0.000003999776012543298,gnomAD_v2,-0.07371,0.185
130,A130T,0.0000039982088024564996,gnomAD_v2,-0.07484,0.11
128,E128K,0.00020364646972855123,gnomAD_v2,0.31918,0.068
126,L126I,0.00003547105561861521,gnomAD_v2,0.13713,0.42100000000000004
123,R123H,0.0000039884812661034935,gnomAD_v2,1.14405,0.15
120,E120K,0.000003983175068510611,gnomAD_v2,-0.12264000000000001,0.065
118,K118R,0.000027885113333067762,gnomAD_v2,1.18997,0.045
116,R116C,0.000007965398309742479,gnomAD_v2,0.09404,0.522
116,R116S,0.0000318694626808592,gnomAD_v2,-0.13633,0.13
115,Y115H,0.000003981969641463454,gnomAD_v2,2.23671,0.649
112,M112T,0.000007958995256438828,gnomAD_v2,2.72975,0.235
110,E110A,0.000004017032216598377,gnomAD_v2,-0.20505,0.147
109,Q109E,0.0000039771868561928774,gnomAD_v2,0.14586,0.027999999999999997
108,W108C,0.00003185119123455217,gnomAD_v2,3.87879,0.521
108,W108L,0.000031855249745158005,gnomAD_v2,2.9809,0.564
107,K107M,0.000017677589059693683,gnomAD_v2,-0.13576,0.49200000000000005
106,K106R,0.000003976807260059334,gnomAD_v2,0.08,0.166
105,Q105P,0.000007953424744695065,gnomAD_v2,10.184339999999999,0.51
103,D103N,0.0000039766174891637175,gnomAD_v2,0.52361,0.048
102,D102G,0.000010606028466580404,gnomAD_v2,0.5407,0.396
99,P99T,0.000003976554236223228,gnomAD_v2,3.8085199999999997,0.701
99,P99S,0.000003976554236223228,gnomAD_v2,3.60035,0.439
97,V97A,0.000003976427736378747,gnomAD_v2,1.7702,0.46399999999999997
95,A95V,0.000003976459360585334,gnomAD_v2,7.81508,0.22899999999999998
89,D89E,0.00001192918833802548,gnomAD_v2,-0.18266,0.172
86,M86I,0.00000795279222535032,gnomAD_v2,1.27835,0.124
83,R83S,0.00003185322036057845,gnomAD_v2,2.1552599999999997,0.37
80,E80D,0.000011929378081756004,gnomAD_v2,-0.08664,0.096
80,E80K,0.000003976522610507564,gnomAD_v2,0.28961,0.215
77,K77E,0.0000039767440010816745,gnomAD_v2,1.1066799999999999,0.32
76,E76G,0.000003976775630318937,gnomAD_v2,-0.08668,0.175
75,L75P,0.000003976965416308739,gnomAD_v2,7.93646,0.664
73,D73N,0.000003977598167122764,gnomAD_v2,-1.3928200000000002,0.23600000000000002
71,F71Y,0.0005163279885134705,gnomAD_v2,1.09578,0.391
68,T68I,0.000007957601897092292,gnomAD_v2,-0.87223,0.259
64,L64F,0.000003980638175912363,gnomAD_v2,0.35035,0.302
63,Q63H,0.000019902557080533708,gnomAD_v2,3.3549300000000004,0.374
59,K59N,0.000003981715960310255,gnomAD_v2,0.42266000000000004,0.066
57,F57Y,0.000003982667431338813,gnomAD_v2,-0.48768,0.264
57,F57I,0.000003982572263773726,gnomAD_v2,3.60929,0.062
54,T54I,0.000007968825952872363,gnomAD_v2,-1.13434,0.27
47,L47V,0.0000039913786221761,gnomAD_v2,0.9333799999999999,0.047
43,N43K,0.000007998848165864115,gnomAD_v2,-0.31426,0.335
38,L38F,0.000003981398904319021,gnomAD_v2,-0.10915,0.36200000000000004
37,A37T,0.002869252649901646,gnomAD_v2,-0.09933,0.040999999999999995
36,S36A,0.0003360262595679056,gnomAD_v2,0.54238,0.337
36,S36P,0.000003979054258383867,gnomAD_v2,0.54693,0.675
35,G35A,0.0000039785793288932385,gnomAD_v2,2.0612,0.022000000000000002
35,G35V,0.000047742951946718865,gnomAD_v2,3.06446,0.11
29,Y29C,0.000021214156914047308,gnomAD_v2,-0.18975,0.385
26,G26V,0.000003977345042637139,gnomAD_v2,7.550210000000001,0.8109999999999999
26,G26S,0.000027841193830391448,gnomAD_v2,1.79213,0.425
25,S25I,0.000003977155220413942,gnomAD_v2,1.98491,0.649
25,S25N,0.00003184713375796178,gnomAD_v2,2.1872700000000003,0.5539999999999999
25,S25R,0.0000039771868561928774,gnomAD_v2,4.69739,0.6629999999999999
20,D20E,0.00000397728176654947,gnomAD_v2,3.50503,0.183
19,V19L,0.000031849162367029746,gnomAD_v2,1.00475,0.242
19,V19M,0.00001988767441490462,gnomAD_v2,-1.1961,0.507
17,V17L,0.000007955829236081276,gnomAD_v2,-0.33403,0.281
16,T16A,0.0000039789275994334005,gnomAD_v2,0.28039000000000003,0.32899999999999996
15,A15V,0.000007957981855801368,gnomAD_v2,1.7223700000000002,0.295
10,R10L,0.00000796292462295552,gnomAD_v2,-2.03962,0.442
10,R10Q,0.000007078292998860395,gnomAD_v2,-0.01984,0.168
7,P7L,0.000007966794400936894,gnomAD_v2,4.1485,0.395
7,P7A,0.00001062195061501094,gnomAD_v2,1.96722,0.315
6,S6R,0.000003983841538718956,gnomAD_v2,-0.55105,0.21899999999999997
6,S6G,0.000003983841538718956,gnomAD_v2,-0.18245999999999998,0.306
5,Q5H,0.000003983936766955635,gnomAD_v2,1.03693,0.086
5,Q5K,0.00003186336986999745,gnomAD_v2,0.5644600000000001,0.027000000000000003
4,P4R,0.000011952381711262332,gnomAD_v2,0.7266100000000001,0.693
4,P4S,0.000003984444727782736,gnomAD_v2,0.8997700000000001,0.6
3,P3H,0.00008148977480477884,gnomAD_v2,1.28169,0.705
3,P3S,0.000015946801470295095,gnomAD_v2,1.78918,0.76
3,P3T,0.000003986700367573774,gnomAD_v2,2.0748599999999997,0.755
232,A232T,0.0000209260473486698,gnomAD_v3,0.7911,0.212
227,V227L,0.000006975446428571428,gnomAD_v3,0.91584,0.098
219,L219R,0.000006978464458680512,gnomAD_v3,0.19663,0.154
219,L219P,0.000006978464458680512,gnomAD_v3,2.04542,0.166
218,L218M,0.000041847424291034884,gnomAD_v3,-0.09446,0.478
197,T197S,0.00006976906439684643,gnomAD_v3,-0.27439,0.034
196,A196P,0.000006977101154012531,gnomAD_v3,3.5429,0.503
194,A194P,0.000013953812879369287,gnomAD_v3,3.80281,0.435
181,L181V,0.00000697622502511441,gnomAD_v3,5.66884,0.39399999999999996
180,A180V,0.000013954591758418107,gnomAD_v3,6.39502,0.353
177,R177L,0.000006976030359684125,gnomAD_v3,1.7810700000000002,0.57
177,R177H,0.00001395206071936825,gnomAD_v3,5.76828,0.5
175,A175T,0.000013951671410234946,gnomAD_v3,0.27281,0.068
168,D168E,0.000006976906439684643,gnomAD_v3,-0.43855,0.06
168,D168V,0.000006977003795490065,gnomAD_v3,-0.1903,0.397
168,D168H,0.000006976419701409236,gnomAD_v3,-0.0509,0.289
167,S167R,0.000006976517043631138,gnomAD_v3,-0.25490999999999997,0.23600000000000002
167,S167R,0.000006976517043631138,gnomAD_v3,-0.25490999999999997,0.23600000000000002
167,S167N,0.000006976711736224483,gnomAD_v3,-0.2881,0.318
167,S167R,0.000006978659259982972,gnomAD_v3,-0.25490999999999997,0.23600000000000002
166,Y166C,0.000006978464458680512,gnomAD_v3,1.52342,0.645
165,P165R,0.000006976711736224483,gnomAD_v3,0.29925,0.652
165,P165S,0.000006976322361903699,gnomAD_v3,2.38905,0.415
164,A164V,0.00000697622502511441,gnomAD_v3,0.20196,0.166
164,A164S,0.0005721222946290276,gnomAD_v3,0.61917,0.094
158,A158E,0.000006976906439684643,gnomAD_v3,0.83319,0.087
152,A152T,0.00004883834507779251,gnomAD_v3,0.98751,0.051
147,E147V,0.00002791307867301224,gnomAD_v3,1.15608,0.425
147,E147K,0.000027907625758738574,gnomAD_v3,0.75205,0.301
144,L144P,0.000006977587987384521,gnomAD_v3,3.4529900000000002,0.32799999999999996
144,L144M,0.000006975641061413544,gnomAD_v3,-0.15489,0.275
142,S142R,0.000034882098507046184,gnomAD_v3,-1.26254,0.153
142,S142T,0.000006975933031042902,gnomAD_v3,-0.2703,0.034
142,S142N,0.000006975933031042902,gnomAD_v3,-0.6547,0.237
141,L141R,0.000006977393245883338,gnomAD_v3,-0.20009000000000002,0.536
140,K140N,0.000006977295879209054,gnomAD_v3,1.4216799999999998,0.359
139,E139G,0.00003488258521815569,gnomAD_v3,-0.82649,0.08199999999999999
136,E136Q,0.00003488307194284758,gnomAD_v3,0.20585,0.156
136,E136K,0.000006976614388569515,gnomAD_v3,0.23711,0.179
135,H135Q,0.000013954786491766676,gnomAD_v3,-0.6096600000000001,0.061
131,R131L,0.000013956149777399411,gnomAD_v3,-0.19663,0.06
128,E128K,0.00009766169987164462,gnomAD_v3,0.31918,0.068
127,Q127R,0.000006978367062107467,gnomAD_v3,0.06573999999999999,0.081
126,L126I,0.00008372755055050864,gnomAD_v3,0.13713,0.42100000000000004
118,K118R,0.00002093071931905393,gnomAD_v3,1.18997,0.045
116,R116S,0.000006977490615275122,gnomAD_v3,-0.13633,0.13
109,Q109E,0.000006978074888699706,gnomAD_v3,0.14586,0.027999999999999997
107,K107M,0.000006981192666955222,gnomAD_v3,-0.13576,0.49200000000000005
106,K106R,0.000006977101154012531,gnomAD_v3,0.08,0.166
105,Q105H,0.000006975933031042902,gnomAD_v3,1.24738,0.488
103,D103N,0.000013952644723807398,gnomAD_v3,0.52361,0.048
102,D102G,0.00000697797750300053,gnomAD_v3,0.5407,0.396
101,L101V,0.000006976517043631138,gnomAD_v3,2.7532400000000004,0.5479999999999999
99,P99S,0.000006978172277117177,gnomAD_v3,3.60035,0.439
89,D89E,0.000013970382788488405,gnomAD_v3,-0.18266,0.172
77,K77E,0.000013954981230550245,gnomAD_v3,1.1066799999999999,0.32
76,E76G,0.0000069768090865961545,gnomAD_v3,-0.08668,0.175
75,L75P,0.000006982655084769433,gnomAD_v3,7.93646,0.664
71,F71Y,0.0004537268424800011,gnomAD_v3,1.09578,0.391
68,T68I,0.000013957318519965944,gnomAD_v3,-0.87223,0.259
63,Q63H,0.000006977393245883338,gnomAD_v3,3.3549300000000004,0.374
63,Q63K,0.000013953423472448966,gnomAD_v3,0.5219600000000001,0.382
60,L60P,0.000006977490615275122,gnomAD_v3,5.43139,0.736
55,S55F,0.000020931011386470194,gnomAD_v3,-0.6159100000000001,0.348
54,T54I,0.000013950892857142857,gnomAD_v3,-1.13434,0.27
53,V53G,0.0000069776853622116475,gnomAD_v3,1.2815,0.319
52,S52N,0.000013954397030504313,gnomAD_v3,7.882389999999999,0.33799999999999997
43,N43K,0.00000697622502511441,gnomAD_v3,-0.31426,0.335
37,A37T,0.0008931561906888468,gnomAD_v3,-0.09933,0.040999999999999995
36,S36A,0.00041871955559897835,gnomAD_v3,0.54238,0.337
35,G35V,0.00002092925910422771,gnomAD_v3,3.06446,0.11
35,G35D,0.000006976419701409236,gnomAD_v3,2.78735,0.068
29,Y29C,0.00006977393245883338,gnomAD_v3,-0.18975,0.385
27,R27T,0.000006975251806590218,gnomAD_v3,3.1379900000000003,0.605
25,S25N,0.000013952839402818473,gnomAD_v3,2.1872700000000003,0.5539999999999999
22,L22P,0.000006978951482329295,gnomAD_v3,6.8126,0.647
20,D20E,0.000006977587987384521,gnomAD_v3,3.50503,0.183
20,D20N,0.000006975933031042902,gnomAD_v3,2.96746,0.233
19,V19M,0.000034882098507046184,gnomAD_v3,-1.1961,0.507
19,V19L,0.000006976419701409236,gnomAD_v3,1.00475,0.242
16,T16N,0.000006977587987384521,gnomAD_v3,3.65927,0.297
15,A15V,0.000013956344554234355,gnomAD_v3,1.7223700000000002,0.295
13,D13N,0.000006977003795490065,gnomAD_v3,2.08756,0.617
11,V11M,0.000006976517043631138,gnomAD_v3,-0.68758,0.251
10,R10L,0.0000069776853622116475,gnomAD_v3,-2.03962,0.442
10,R10G,0.000006978951482329295,gnomAD_v3,0.73036,0.381
7,P7A,0.000013955370724423295,gnomAD_v3,1.96722,0.315
6,S6R,0.000006977490615275122,gnomAD_v3,-0.55105,0.21899999999999997
5,Q5K,0.000013959656592447826,gnomAD_v3,0.5644600000000001,0.027000000000000003
4,P4R,0.00002790996246110049,gnomAD_v3,0.7266100000000001,0.693
4,P4S,0.000006977587987384521,gnomAD_v3,0.8997700000000001,0.6
3,P3L,0.000006977198515252156,gnomAD_v3,1.28983,0.763
3,P3H,0.00018838435991180822,gnomAD_v3,1.28169,0.705
3,P3S,0.000006976614388569515,gnomAD_v3,1.78918,0.76
2,E2Q,0.00000697797750300053,gnomAD_v3,0.09736,0.6779999999999999
26,G26R,,Amyloid,9.01718,0.8140000000000001
34,E34K,,Amyloid,-0.0319,0.435
35,G35V,,Amyloid,3.06446,0.11
50,W50R,,Amyloid,3.05726,0.284
60,L60R,,Amyloid,0.75637,0.7390000000000001
64,L64P,,Amyloid,6.266,0.5539999999999999
71,F71Y,,Amyloid,1.09578,0.391
75,L75P,,Amyloid,7.93646,0.664
90,L90P,,Amyloid,4.5292699999999995,0.767
170,L170P,,Amyloid,8.83274,0.59
173,R173P,,Amyloid,5.23854,0.384
174,L174S,,Amyloid,1.6289799999999999,0.6709999999999999
175,A175P,,Amyloid,-0.47901000000000005,0.221
178,L178H,,Amyloid,0.37555,0.6940000000000001
178,L178P,,Amyloid,3.64115,0.66
178,L178R,,Amyloid,-0.14690999999999999,0.35600000000000004
238,K238N,,Amyloid,1.07556,0.395
74,N74C,,Lipids,0.7129300000000001,0.45299999999999996
110,E110K,,Lipids,-0.49741,0.154
129,G129K,,Lipids,2.88554,0.17600000000000002
141,L141R,,Lipids,-0.20009000000000002,0.536
143,P143R,,Lipids,1.48499,0.27
143,P143A,,Lipids,1.8852400000000002,0.077
144,L144R,,Lipids,-0.9933799999999999,0.289
149,R149A,,Lipids,-0.02226,0.47600000000000003
149,R149V,,Lipids,0.17327,0.52
151,R151C,,Lipids,0.94883,0.304
153,R153P,,Lipids,3.75691,0.55
156,V156E,,Lipids,-0.047869999999999996,0.434
158,A158E,,Lipids,0.83319,0.087
159,L159P,,Lipids,6.435980000000001,0.513
159,L159R,,Lipids,1.41872,0.51
160,R160L,,Lipids,-0.43161000000000005,0.42
162,H162Q,,Lipids,-0.8442799999999999,0.044000000000000004
165,P165R,,Lipids,0.29925,0.652
166,Y166F,,Lipids,-0.44593999999999995,0.14
173,R173C,,Lipids,2.76664,0.335
195,K195C,,Lipids,1.06425,0.669
218,L218A,,Lipids,0.0926,0.226
219,L219A,,Lipids,1.67363,0.17
221,V221A,,Lipids,0.03354,0.132
222,L222A,,Lipids,0.031089999999999996,0.040999999999999995
223,E223A,,Lipids,1.01405,0.38
225,F225A,,Lipids,0.5966100000000001,0.111
226,K226A,,Lipids,0.5330600000000001,0.498
227,V227A,,Lipids,0.62048,0.033
229,F229A,,Lipids,1.1316700000000002,0.079
230,L230A,,Lipids,0.80037,0.16399999999999998
